ISO-10303-21;
HEADER;
FILE_DESCRIPTION (( 'STEP AP214' ),
    '1' );
FILE_NAME ('9289C514-7562-4D4A-A72F-304848487F06.STEP',
    '2026-06-30T05:22:29',
    ( '' ),
    ( '' ),
    'SwSTEP 2.0',
    'SolidWorks 2022',
    '' );
FILE_SCHEMA (( 'AUTOMOTIVE_DESIGN' ));
ENDSEC;

DATA;
#1 = DIRECTION ( 'NONE',  ( -1.000000000000000000, -0.0000000000000000000, -0.0000000000000000000 ) ) ;
#2 = VERTEX_POINT ( 'NONE', #3632 ) ;
#3 = DIRECTION ( 'NONE',  ( 1.185975313885231567E-16, -1.000000000000000000, -0.0000000000000000000 ) ) ;
#4 = EDGE_CURVE ( 'NONE', #4185, #2333, #6800, .T. ) ;
#5 =( GEOMETRIC_REPRESENTATION_CONTEXT ( 3 ) GLOBAL_UNCERTAINTY_ASSIGNED_CONTEXT ( ( #3026 ) ) GLOBAL_UNIT_ASSIGNED_CONTEXT ( ( #5306, #3800, #4793 ) ) REPRESENTATION_CONTEXT ( 'NONE', 'WORKASPACE' ) );
#6 = DIRECTION ( 'NONE',  ( 0.0000000000000000000, 1.000000000000000000, 0.0000000000000000000 ) ) ;
#7 = CARTESIAN_POINT ( 'NONE',  ( 1.262305442492822838, 0.4570589046025533841, 0.3000000000000000444 ) ) ;
#8 = DIRECTION ( 'NONE',  ( -1.000000000000000000, -0.0000000000000000000, -0.0000000000000000000 ) ) ;
#9 = CARTESIAN_POINT ( 'NONE',  ( 1.600000000000000533, 2.200000000000000178, -0.5699999999999999512 ) ) ;
#10 = VECTOR ( 'NONE', #1756, 1000.000000000000000 ) ;
#11 = PRESENTATION_STYLE_ASSIGNMENT (( #5717 ) ) ;
#12 = ORIENTED_EDGE ( 'NONE', *, *, #5823, .F. ) ;
#13 = PLANE ( 'NONE',  #190 ) ;
#14 =( LENGTH_UNIT ( ) NAMED_UNIT ( * ) SI_UNIT ( .MILLI., .METRE. ) );
#15 = EDGE_CURVE ( 'NONE', #3350, #5505, #1529, .T. ) ;
#16 = VECTOR ( 'NONE', #4230, 1000.000000000000000 ) ;
#17 = DIRECTION ( 'NONE',  ( -0.0000000000000000000, -0.0000000000000000000, 1.000000000000000000 ) ) ;
#18 = CARTESIAN_POINT ( 'NONE',  ( -0.9960286258184727348, -0.5332195235787651200, 0.3500000000000000333 ) ) ;
#19 = ORIENTED_EDGE ( 'NONE', *, *, #4987, .T. ) ;
#20 = FACE_OUTER_BOUND ( 'NONE', #421, .T. ) ;
#21 = ORIENTED_EDGE ( 'NONE', *, *, #611, .T. ) ;
#22 =( GEOMETRIC_REPRESENTATION_CONTEXT ( 3 ) GLOBAL_UNCERTAINTY_ASSIGNED_CONTEXT ( ( #2608 ) ) GLOBAL_UNIT_ASSIGNED_CONTEXT ( ( #1042, #395, #3040 ) ) REPRESENTATION_CONTEXT ( 'NONE', 'WORKASPACE' ) );
#23 =( NAMED_UNIT ( * ) PLANE_ANGLE_UNIT ( ) SI_UNIT ( $, .RADIAN. ) );
#24 = COLOUR_RGB ( '',0.8980392156862745390, 0.9215686274509803377, 0.9294117647058823817 ) ;
#25 = DIRECTION ( 'NONE',  ( 1.000000000000000000, 0.0000000000000000000, 0.0000000000000000000 ) ) ;
#26 = CARTESIAN_POINT ( 'NONE',  ( 1.262305442492822838, 0.4570589046025533841, 0.3500000000000000333 ) ) ;
#27 = CARTESIAN_POINT ( 'NONE',  ( 0.4838201673205150821, 0.4046747618464905383, 0.4500000000000000666 ) ) ;
#28 = LINE ( 'NONE', #2121, #4936 ) ;
#29 = ORIENTED_EDGE ( 'NONE', *, *, #6594, .T. ) ;
#30 = PRESENTATION_STYLE_ASSIGNMENT (( #5733 ) ) ;
#31 = VECTOR ( 'NONE', #6427, 1000.000000000000000 ) ;
#32 = DIRECTION ( 'NONE',  ( 2.404031325876694646E-16, -1.000000000000000000, 0.0000000000000000000 ) ) ;
#33 = ORIENTED_EDGE ( 'NONE', *, *, #2469, .T. ) ;
#34 = VECTOR ( 'NONE', #128, 1000.000000000000000 ) ;
#35 = EDGE_CURVE ( 'NONE', #6642, #3719, #1917, .T. ) ;
#36 = CARTESIAN_POINT ( 'NONE',  ( 0.5500000000000001554, 2.254834989607331863, -0.5699999999999999512 ) ) ;
#37 = EDGE_CURVE ( 'NONE', #2885, #5560, #1709, .T. ) ;
#38 = ORIENTED_EDGE ( 'NONE', *, *, #6742, .T. ) ;
#39 = FILL_AREA_STYLE_COLOUR ( '', #1150 ) ;
#40 = DIRECTION ( 'NONE',  ( -1.000000000000000000, 0.0000000000000000000, 0.0000000000000000000 ) ) ;
#41 = DIRECTION ( 'NONE',  ( 0.0000000000000000000, 0.0000000000000000000, -1.000000000000000000 ) ) ;
#42 = LINE ( 'NONE', #3521, #1083 ) ;
#43 = LINE ( 'NONE', #3687, #2673 ) ;
#44 = EDGE_CURVE ( 'NONE', #3878, #4293, #1659, .T. ) ;
#45 = DIRECTION ( 'NONE',  ( 0.0000000000000000000, -1.000000000000000000, 0.0000000000000000000 ) ) ;
#46 = AXIS2_PLACEMENT_3D ( 'NONE', #3614, #3025, #380 ) ;
#47 = SURFACE_SIDE_STYLE ('',( #6039 ) ) ;
#48 = VERTEX_POINT ( 'NONE', #3843 ) ;
#49 = CARTESIAN_POINT ( 'NONE',  ( 2.500000000000002220, -2.099999999999999645, 0.0000000000000000000 ) ) ;
#50 =( GEOMETRIC_REPRESENTATION_CONTEXT ( 3 ) GLOBAL_UNCERTAINTY_ASSIGNED_CONTEXT ( ( #4630 ) ) GLOBAL_UNIT_ASSIGNED_CONTEXT ( ( #6768, #399, #5806 ) ) REPRESENTATION_CONTEXT ( 'NONE', 'WORKASPACE' ) );
#51 = ORIENTED_EDGE ( 'NONE', *, *, #5787, .T. ) ;
#52 = CARTESIAN_POINT ( 'NONE',  ( -1.043697599916538765, 0.4413501301401799304, 0.3500000000000000333 ) ) ;
#53 = CARTESIAN_POINT ( 'NONE',  ( -2.400000000000002132, -1.199999999999999734, -0.2999999999999993783 ) ) ;
#54 = EDGE_CURVE ( 'NONE', #2236, #482, #4255, .T. ) ;
#55 = ORIENTED_EDGE ( 'NONE', *, *, #6208, .T. ) ;
#56 = SURFACE_SIDE_STYLE ('',( #573 ) ) ;
#57 = LINE ( 'NONE', #3232, #2584 ) ;
#58 = VERTEX_POINT ( 'NONE', #3156 ) ;
#59 =( GEOMETRIC_REPRESENTATION_CONTEXT ( 3 ) GLOBAL_UNCERTAINTY_ASSIGNED_CONTEXT ( ( #4505 ) ) GLOBAL_UNIT_ASSIGNED_CONTEXT ( ( #3101, #4682, #5854 ) ) REPRESENTATION_CONTEXT ( 'NONE', 'WORKASPACE' ) );
#60 =( NAMED_UNIT ( * ) PLANE_ANGLE_UNIT ( ) SI_UNIT ( $, .RADIAN. ) );
#61 = PRESENTATION_LAYER_ASSIGNMENT (  '', '', ( #2067 ) ) ;
#62 = SURFACE_SIDE_STYLE ('',( #3307 ) ) ;
#63 = FILL_AREA_STYLE_COLOUR ( '', #4971 ) ;
#64 = LINE ( 'NONE', #3784, #6044 ) ;
#65 = VERTEX_POINT ( 'NONE', #4876 ) ;
#66 = CARTESIAN_POINT ( 'NONE',  ( 2.500000000000002220, 1.099999999999999645, -1.113822951755387618E-17 ) ) ;
#67 = VECTOR ( 'NONE', #6142, 1000.000000000000000 ) ;
#68 = ORIENTED_EDGE ( 'NONE', *, *, #924, .T. ) ;
#69 = DIRECTION ( 'NONE',  ( -0.0000000000000000000, -0.0000000000000000000, -1.000000000000000000 ) ) ;
#70 = DIRECTION ( 'NONE',  ( -1.000000000000000000, 0.0000000000000000000, 0.0000000000000000000 ) ) ;
#71 = ORIENTED_EDGE ( 'NONE', *, *, #3741, .T. ) ;
#72 = ORIENTED_EDGE ( 'NONE', *, *, #807, .F. ) ;
#73 = PRESENTATION_STYLE_ASSIGNMENT (( #2687 ) ) ;
#74 = STYLED_ITEM ( 'NONE', ( #3700 ), #5410 ) ;
#75 = ADVANCED_FACE ( 'NONE', ( #3274 ), #5357, .F. ) ;
#76 =( LENGTH_UNIT ( ) NAMED_UNIT ( * ) SI_UNIT ( .MILLI., .METRE. ) );
#77 = DIRECTION ( 'NONE',  ( 0.0000000000000000000, -1.000000000000000000, 0.0000000000000000000 ) ) ;
#78 = DIRECTION ( 'NONE',  ( -1.000000000000000000, -4.818676322157797375E-16, 0.0000000000000000000 ) ) ;
#79 = VECTOR ( 'NONE', #4763, 1000.000000000000000 ) ;
#80 = AXIS2_PLACEMENT_3D ( 'NONE', #4138, #2078, #6829 ) ;
#81 = EDGE_LOOP ( 'NONE', ( #5772, #3402, #713, #6462 ) ) ;
#82 = FILL_AREA_STYLE_COLOUR ( '', #1848 ) ;
#83 = ADVANCED_FACE ( 'NONE', ( #4803 ), #5945, .T. ) ;
#84 = STYLED_ITEM ( 'NONE', ( #1259 ), #5689 ) ;
#85 = DIRECTION ( 'NONE',  ( -0.05233595624294388321, 0.0000000000000000000, -0.9986295347545739443 ) ) ;
#86 = DIRECTION ( 'NONE',  ( 0.0000000000000000000, -0.0000000000000000000, -1.000000000000000000 ) ) ;
#87 = DIRECTION ( 'NONE',  ( 1.000000000000000000, -4.818676322157797375E-16, 0.0000000000000000000 ) ) ;
#88 = CARTESIAN_POINT ( 'NONE',  ( -1.296028625818474778, -0.8787392438591723476, 0.3000000000000000444 ) ) ;
#89 = ORIENTED_EDGE ( 'NONE', *, *, #5736, .F. ) ;
#90 = CARTESIAN_POINT ( 'NONE',  ( -0.5500000000000001554, -1.049999999999999822, -0.5699999999999999512 ) ) ;
#91 =( GEOMETRIC_REPRESENTATION_CONTEXT ( 3 ) GLOBAL_UNCERTAINTY_ASSIGNED_CONTEXT ( ( #4053 ) ) GLOBAL_UNIT_ASSIGNED_CONTEXT ( ( #2994, #6228, #2929 ) ) REPRESENTATION_CONTEXT ( 'NONE', 'WORKASPACE' ) );
#92 =( NAMED_UNIT ( * ) PLANE_ANGLE_UNIT ( ) SI_UNIT ( $, .RADIAN. ) );
#93 = LINE ( 'NONE', #4492, #1843 ) ;
#94 = AXIS2_PLACEMENT_3D ( 'NONE', #1186, #77, #1219 ) ;
#95 = EDGE_CURVE ( 'NONE', #3719, #4398, #4768, .T. ) ;
#96 = CARTESIAN_POINT ( 'NONE',  ( -0.1831650461902210314, -0.5332195235787651200, 0.3500000000000000333 ) ) ;
#97 = CARTESIAN_POINT ( 'NONE',  ( 2.400000000000002132, -1.199999999999999734, -0.2999999999999993783 ) ) ;
#98 = DIRECTION ( 'NONE',  ( -1.445602896647339114E-15, 0.0000000000000000000, 1.000000000000000000 ) ) ;
#99 = CARTESIAN_POINT ( 'NONE',  ( -0.5500000000000002665, -2.240667692902679420, -0.6999999999999999556 ) ) ;
#100 = ORIENTED_EDGE ( 'NONE', *, *, #4593, .F. ) ;
#101 = SURFACE_STYLE_FILL_AREA ( #4882 ) ;
#102 = CARTESIAN_POINT ( 'NONE',  ( -2.700000000000001954, 2.100000000000000089, -0.3000000000000003220 ) ) ;
#103 = ADVANCED_FACE ( 'NONE', ( #1085 ), #3707, .F. ) ;
#104 = ORIENTED_EDGE ( 'NONE', *, *, #3014, .F. ) ;
#105 = EDGE_LOOP ( 'NONE', ( #2110, #736, #5436, #3817 ) ) ;
#106 = PLANE ( 'NONE',  #5042 ) ;
#107 = ORIENTED_EDGE ( 'NONE', *, *, #3629, .F. ) ;
#108 = UNCERTAINTY_MEASURE_WITH_UNIT (LENGTH_MEASURE( 1.000000000000000082E-05 ), #1509, 'distance_accuracy_value', 'NONE');
#109 = ORIENTED_EDGE ( 'NONE', *, *, #1125, .T. ) ;
#110 = CARTESIAN_POINT ( 'NONE',  ( -1.699999999999999956, 2.081899558550500280E-16, 0.3000000000000000444 ) ) ;
#111 =( GEOMETRIC_REPRESENTATION_CONTEXT ( 3 ) GLOBAL_UNCERTAINTY_ASSIGNED_CONTEXT ( ( #3692 ) ) GLOBAL_UNIT_ASSIGNED_CONTEXT ( ( #5110, #3065, #6754 ) ) REPRESENTATION_CONTEXT ( 'NONE', 'WORKASPACE' ) );
#112 = DIRECTION ( 'NONE',  ( -1.000000000000000000, 0.0000000000000000000, 0.0000000000000000000 ) ) ;
#113 = SURFACE_SIDE_STYLE ('',( #5898 ) ) ;
#114 =( NAMED_UNIT ( * ) SI_UNIT ( $, .STERADIAN. ) SOLID_ANGLE_UNIT ( ) );
#115 =( LENGTH_UNIT ( ) NAMED_UNIT ( * ) SI_UNIT ( .MILLI., .METRE. ) );
#116 = SURFACE_SIDE_STYLE ('',( #2763 ) ) ;
#117 = EDGE_LOOP ( 'NONE', ( #2740, #3150, #286, #5564 ) ) ;
#118 = SURFACE_SIDE_STYLE ('',( #2219 ) ) ;
#119 = MECHANICAL_DESIGN_GEOMETRIC_PRESENTATION_REPRESENTATION (  '', ( #2360 ), #5237 ) ;
#120 = CARTESIAN_POINT ( 'NONE',  ( 0.3603187164337324777, 0.4570589046025532176, 0.3500000000000000333 ) ) ;
#121 = VECTOR ( 'NONE', #5293, 1000.000000000000000 ) ;
#122 = CARTESIAN_POINT ( 'NONE',  ( -1.680009069179262848, 2.430009069179262848, 0.4000000000000000222 ) ) ;
#123 = CARTESIAN_POINT ( 'NONE',  ( 2.400000000000001243, 2.100000000000000089, -0.4699999999999998068 ) ) ;
#124 = FACE_OUTER_BOUND ( 'NONE', #2016, .T. ) ;
#125 = ORIENTED_EDGE ( 'NONE', *, *, #3820, .F. ) ;
#126 = ADVANCED_FACE ( 'NONE', ( #1678 ), #2118, .F. ) ;
#127 = ADVANCED_FACE ( 'NONE', ( #545 ), #5880, .T. ) ;
#128 = DIRECTION ( 'NONE',  ( 0.0000000000000000000, -1.000000000000000000, 0.0000000000000000000 ) ) ;
#129 = ORIENTED_EDGE ( 'NONE', *, *, #988, .F. ) ;
#130 = MECHANICAL_DESIGN_GEOMETRIC_PRESENTATION_REPRESENTATION (  '', ( #1799 ), #5245 ) ;
#131 = LINE ( 'NONE', #5613, #4212 ) ;
#132 = LINE ( 'NONE', #831, #67 ) ;
#133 = VECTOR ( 'NONE', #516, 1000.000000000000000 ) ;
#134 = VECTOR ( 'NONE', #4391, 1000.000000000000000 ) ;
#135 =( LENGTH_UNIT ( ) NAMED_UNIT ( * ) SI_UNIT ( .MILLI., .METRE. ) );
#136 = ADVANCED_FACE ( 'NONE', ( #4838 ), #3423, .T. ) ;
#137 = DIRECTION ( 'NONE',  ( 0.0000000000000000000, 0.0000000000000000000, 1.000000000000000000 ) ) ;
#138 = ORIENTED_EDGE ( 'NONE', *, *, #3441, .F. ) ;
#139 = PRESENTATION_LAYER_ASSIGNMENT (  '', '', ( #2365 ) ) ;
#140 = ORIENTED_EDGE ( 'NONE', *, *, #3887, .F. ) ;
#141 = CARTESIAN_POINT ( 'NONE',  ( 2.500000000000000444, -1.199999999999999734, -0.5699999999999999512 ) ) ;
#142 = EDGE_LOOP ( 'NONE', ( #658, #5090, #2187, #5474 ) ) ;
#143 = LINE ( 'NONE', #2275, #4038 ) ;
#144 = SURFACE_SIDE_STYLE ('',( #2789 ) ) ;
#145 = ORIENTED_EDGE ( 'NONE', *, *, #1388, .F. ) ;
#146 = DIRECTION ( 'NONE',  ( -1.000000000000000000, 2.710505431213759113E-16, -0.0000000000000000000 ) ) ;
#147 = VECTOR ( 'NONE', #893, 1000.000000000000000 ) ;
#148 = COLOUR_RGB ( '',0.8313725490196077761, 0.8392156862745098200, 0.8313725490196077761 ) ;
#149 = SURFACE_SIDE_STYLE ('',( #2344 ) ) ;
#150 = SURFACE_SIDE_STYLE ('',( #6401 ) ) ;
#151 =( LENGTH_UNIT ( ) NAMED_UNIT ( * ) SI_UNIT ( .MILLI., .METRE. ) );
#152 = CARTESIAN_POINT ( 'NONE',  ( 2.700000000000001954, 2.100000000000000089, -0.3000000000000003220 ) ) ;
#153 =( NAMED_UNIT ( * ) PLANE_ANGLE_UNIT ( ) SI_UNIT ( $, .RADIAN. ) );
#154 = MECHANICAL_DESIGN_GEOMETRIC_PRESENTATION_REPRESENTATION (  '', ( #1831 ), #1933 ) ;
#155 = FACE_OUTER_BOUND ( 'NONE', #1919, .T. ) ;
#156 = LINE ( 'NONE', #2385, #217 ) ;
#157 = ORIENTED_EDGE ( 'NONE', *, *, #2175, .T. ) ;
#158 = FILL_AREA_STYLE ('',( #5385 ) ) ;
#159 = ORIENTED_EDGE ( 'NONE', *, *, #4857, .F. ) ;
#160 = CARTESIAN_POINT ( 'NONE',  ( 2.470127565808668990, -2.200000000000000178, -0.5699999999999999512 ) ) ;
#161 = EDGE_CURVE ( 'NONE', #6734, #2437, #131, .T. ) ;
#162 = DIRECTION ( 'NONE',  ( 1.000000000000000000, 2.000708728360073455E-16, -0.0000000000000000000 ) ) ;
#163 = LINE ( 'NONE', #4610, #2644 ) ;
#164 = LINE ( 'NONE', #2263, #4576 ) ;
#165 = AXIS2_PLACEMENT_3D ( 'NONE', #434, #568, #4207 ) ;
#166 = ORIENTED_EDGE ( 'NONE', *, *, #2235, .T. ) ;
#167 = CARTESIAN_POINT ( 'NONE',  ( 0.0000000000000000000, -3.299999999999999822, -0.7699999999999999067 ) ) ;
#168 = FILL_AREA_STYLE_COLOUR ( '', #3312 ) ;
#169 = DIRECTION ( 'NONE',  ( -0.05233595624294388321, 7.966796444468710527E-18, -0.9986295347545739443 ) ) ;
#170 = EDGE_CURVE ( 'NONE', #2764, #890, #1663, .T. ) ;
#171 = ORIENTED_EDGE ( 'NONE', *, *, #343, .F. ) ;
#172 = LINE ( 'NONE', #3790, #2296 ) ;
#173 =( LENGTH_UNIT ( ) NAMED_UNIT ( * ) SI_UNIT ( .MILLI., .METRE. ) );
#174 = ORIENTED_EDGE ( 'NONE', *, *, #6421, .T. ) ;
#175 =( GEOMETRIC_REPRESENTATION_CONTEXT ( 3 ) GLOBAL_UNCERTAINTY_ASSIGNED_CONTEXT ( ( #3326 ) ) GLOBAL_UNIT_ASSIGNED_CONTEXT ( ( #1468, #948, #983 ) ) REPRESENTATION_CONTEXT ( 'NONE', 'WORKASPACE' ) );
#176 = ORIENTED_EDGE ( 'NONE', *, *, #2987, .T. ) ;
#177 = DIRECTION ( 'NONE',  ( -3.043374519257556424E-15, 0.0000000000000000000, 1.000000000000000000 ) ) ;
#178 = VECTOR ( 'NONE', #5179, 1000.000000000000000 ) ;
#179 = SURFACE_STYLE_USAGE ( .BOTH. , #4891 ) ;
#180 = SURFACE_SIDE_STYLE ('',( #6002 ) ) ;
#181 = DIRECTION ( 'NONE',  ( 0.9961946980917455452, 0.0000000000000000000, 0.08715574274765820750 ) ) ;
#182 = SURFACE_STYLE_USAGE ( .BOTH. , #1694 ) ;
#183 = LINE ( 'NONE', #843, #1229 ) ;
#184 = AXIS2_PLACEMENT_3D ( 'NONE', #1903, #5041, #2969 ) ;
#185 =( NAMED_UNIT ( * ) PLANE_ANGLE_UNIT ( ) SI_UNIT ( $, .RADIAN. ) );
#186 = ORIENTED_EDGE ( 'NONE', *, *, #592, .T. ) ;
#187 = VECTOR ( 'NONE', #1344, 1000.000000000000000 ) ;
#188 = UNCERTAINTY_MEASURE_WITH_UNIT (LENGTH_MEASURE( 1.000000000000000082E-05 ), #5049, 'distance_accuracy_value', 'NONE');
#189 = EDGE_CURVE ( 'NONE', #6359, #3591, #2327, .T. ) ;
#190 = AXIS2_PLACEMENT_3D ( 'NONE', #4280, #2692, #2025 ) ;
#191 = DIRECTION ( 'NONE',  ( 0.0000000000000000000, -1.000000000000000000, 0.0000000000000000000 ) ) ;
#192 = ORIENTED_EDGE ( 'NONE', *, *, #3676, .T. ) ;
#193 = FILL_AREA_STYLE ('',( #4938 ) ) ;
#194 = DIRECTION ( 'NONE',  ( 0.0000000000000000000, 0.0000000000000000000, 1.000000000000000000 ) ) ;
#195 = MECHANICAL_DESIGN_GEOMETRIC_PRESENTATION_REPRESENTATION (  '', ( #5868 ), #991 ) ;
#196 =( NAMED_UNIT ( * ) PLANE_ANGLE_UNIT ( ) SI_UNIT ( $, .RADIAN. ) );
#197 = CARTESIAN_POINT ( 'NONE',  ( 0.3603187164337335324, 0.6070589046025531843, 0.3500000000000000333 ) ) ;
#198 = DIRECTION ( 'NONE',  ( -0.0000000000000000000, -1.000000000000000000, -0.0000000000000000000 ) ) ;
#199 =( GEOMETRIC_REPRESENTATION_CONTEXT ( 3 ) GLOBAL_UNCERTAINTY_ASSIGNED_CONTEXT ( ( #1409 ) ) GLOBAL_UNIT_ASSIGNED_CONTEXT ( ( #1205, #4680, #2573 ) ) REPRESENTATION_CONTEXT ( 'NONE', 'WORKASPACE' ) );
#200 = PLANE ( 'NONE',  #3648 ) ;
#201 = DIRECTION ( 'NONE',  ( -1.000000000000000000, 0.0000000000000000000, 0.0000000000000000000 ) ) ;
#202 = EDGE_LOOP ( 'NONE', ( #6735, #2195, #4528, #1736 ) ) ;
#203 = CARTESIAN_POINT ( 'NONE',  ( 1.600000000000000089, -1.099999999999999867, -0.5699999999999999512 ) ) ;
#204 = PLANE ( 'NONE',  #1486 ) ;
#205 = ORIENTED_EDGE ( 'NONE', *, *, #5562, .F. ) ;
#206 =( GEOMETRIC_REPRESENTATION_CONTEXT ( 3 ) GLOBAL_UNCERTAINTY_ASSIGNED_CONTEXT ( ( #1334 ) ) GLOBAL_UNIT_ASSIGNED_CONTEXT ( ( #2140, #4241, #4786 ) ) REPRESENTATION_CONTEXT ( 'NONE', 'WORKASPACE' ) );
#207 = STYLED_ITEM ( 'NONE', ( #5531 ), #6031 ) ;
#208 = ORIENTED_EDGE ( 'NONE', *, *, #6162, .F. ) ;
#209 = FILL_AREA_STYLE_COLOUR ( '', #3942 ) ;
#210 = ORIENTED_EDGE ( 'NONE', *, *, #5074, .T. ) ;
#211 = EDGE_CURVE ( 'NONE', #4237, #2616, #3579, .T. ) ;
#212 = ORIENTED_EDGE ( 'NONE', *, *, #2063, .T. ) ;
#213 = CARTESIAN_POINT ( 'NONE',  ( 0.4838201673205150821, -0.4871897488101240015, 0.3500000000000000333 ) ) ;
#214 = AXIS2_PLACEMENT_3D ( 'NONE', #1237, #3945, #4462 ) ;
#215 = DIRECTION ( 'NONE',  ( -1.000000000000000000, -0.0000000000000000000, -0.0000000000000000000 ) ) ;
#216 = PLANE ( 'NONE',  #229 ) ;
#217 = VECTOR ( 'NONE', #1798, 1000.000000000000000 ) ;
#218 = PRESENTATION_STYLE_ASSIGNMENT (( #2248 ) ) ;
#219 =( NAMED_UNIT ( * ) SI_UNIT ( $, .STERADIAN. ) SOLID_ANGLE_UNIT ( ) );
#220 = CARTESIAN_POINT ( 'NONE',  ( 0.4838201673205150821, 0.2046747618464905827, 0.4500000000000000666 ) ) ;
#221 = CARTESIAN_POINT ( 'NONE',  ( -1.296028625818474778, 0.8251250982098669029, 0.3000000000000000444 ) ) ;
#222 = EDGE_CURVE ( 'NONE', #1239, #1507, #5682, .T. ) ;
#223 = VERTEX_POINT ( 'NONE', #4943 ) ;
#224 = LINE ( 'NONE', #5073, #1950 ) ;
#225 =( GEOMETRIC_REPRESENTATION_CONTEXT ( 3 ) GLOBAL_UNCERTAINTY_ASSIGNED_CONTEXT ( ( #5901 ) ) GLOBAL_UNIT_ASSIGNED_CONTEXT ( ( #4752, #6849, #1660 ) ) REPRESENTATION_CONTEXT ( 'NONE', 'WORKASPACE' ) );
#226 = PRESENTATION_STYLE_ASSIGNMENT (( #2874 ) ) ;
#227 = LINE ( 'NONE', #4715, #5147 ) ;
#229 = AXIS2_PLACEMENT_3D ( 'NONE', #783, #6480, #6553 ) ;
#228 = CARTESIAN_POINT ( 'NONE',  ( -2.400000000000001243, -1.199999999999999734, -0.5700000000000000622 ) ) ;
#230 = EDGE_CURVE ( 'NONE', #1447, #4734, #5497, .T. ) ;
#231 =( LENGTH_UNIT ( ) NAMED_UNIT ( * ) SI_UNIT ( .MILLI., .METRE. ) );
#232 = DIRECTION ( 'NONE',  ( 0.0000000000000000000, -1.000000000000000000, 0.0000000000000000000 ) ) ;
#233 = CARTESIAN_POINT ( 'NONE',  ( 2.471716000805965763, -1.199999999999999734, -0.5396908546970038412 ) ) ;
#234 = CARTESIAN_POINT ( 'NONE',  ( 0.0000000000000000000, 0.0000000000000000000, -0.5699999999999999512 ) ) ;
#235 = VERTEX_POINT ( 'NONE', #4061 ) ;
#236 = SURFACE_STYLE_USAGE ( .BOTH. , #5122 ) ;
#237 = LINE ( 'NONE', #6540, #4822 ) ;
#238 = ORIENTED_EDGE ( 'NONE', *, *, #773, .T. ) ;
#239 = VECTOR ( 'NONE', #3569, 1000.000000000000000 ) ;
#240 =( GEOMETRIC_REPRESENTATION_CONTEXT ( 3 ) GLOBAL_UNCERTAINTY_ASSIGNED_CONTEXT ( ( #1328 ) ) GLOBAL_UNIT_ASSIGNED_CONTEXT ( ( #4779, #3792, #1574 ) ) REPRESENTATION_CONTEXT ( 'NONE', 'WORKASPACE' ) );
#241 = VECTOR ( 'NONE', #454, 1000.000000000000000 ) ;
#242 = VERTEX_POINT ( 'NONE', #4980 ) ;
#243 = CARTESIAN_POINT ( 'NONE',  ( 2.500000000000001332, -1.199999999999999734, -0.4700000000000001399 ) ) ;
#244 = ORIENTED_EDGE ( 'NONE', *, *, #2308, .F. ) ;
#245 = UNCERTAINTY_MEASURE_WITH_UNIT (LENGTH_MEASURE( 1.000000000000000082E-05 ), #2476, 'distance_accuracy_value', 'NONE');
#246 = VECTOR ( 'NONE', #2770, 1000.000000000000000 ) ;
#247 = CARTESIAN_POINT ( 'NONE',  ( 2.400000000000001243, 1.200000000000001954, -0.7699999999999999067 ) ) ;
#248 = EDGE_CURVE ( 'NONE', #1207, #4185, #163, .T. ) ;
#249 = ADVANCED_FACE ( 'NONE', ( #1968 ), #315, .F. ) ;
#250 = DIRECTION ( 'NONE',  ( -0.05233595624294388321, 0.0000000000000000000, 0.9986295347545739443 ) ) ;
#251 = DIRECTION ( 'NONE',  ( 0.0000000000000000000, -1.000000000000000000, 0.0000000000000000000 ) ) ;
#252 = AXIS2_PLACEMENT_3D ( 'NONE', #2242, #1314, #777 ) ;
#253 = CARTESIAN_POINT ( 'NONE',  ( 1.700000000000000622, -1.199999999999999734, -0.7699999999999999067 ) ) ;
#254 = DIRECTION ( 'NONE',  ( -0.0000000000000000000, -0.0000000000000000000, -1.000000000000000000 ) ) ;
#255 = VERTEX_POINT ( 'NONE', #6166 ) ;
#256 = VECTOR ( 'NONE', #3124, 1000.000000000000114 ) ;
#257 = EDGE_CURVE ( 'NONE', #4331, #4846, #5980, .T. ) ;
#258 = FILL_AREA_STYLE ('',( #5485 ) ) ;
#259 = DIRECTION ( 'NONE',  ( 1.000000000000000000, 0.0000000000000000000, 0.0000000000000000000 ) ) ;
#260 = FACE_OUTER_BOUND ( 'NONE', #303, .T. ) ;
#261 = CARTESIAN_POINT ( 'NONE',  ( -2.470127565808668990, 1.100000000000000089, -0.5699999999999999512 ) ) ;
#262 = VERTEX_POINT ( 'NONE', #4577 ) ;
#263 = PRESENTATION_STYLE_ASSIGNMENT (( #1425 ) ) ;
#264 = ORIENTED_EDGE ( 'NONE', *, *, #2084, .F. ) ;
#265 = VECTOR ( 'NONE', #5206, 1000.000000000000000 ) ;
#266 = CARTESIAN_POINT ( 'NONE',  ( 2.499117102666011725, 1.200000000000000622, -0.01684668471109857651 ) ) ;
#267 = EDGE_CURVE ( 'NONE', #3564, #4846, #1303, .T. ) ;
#268 = SURFACE_SIDE_STYLE ('',( #5018 ) ) ;
#269 = EDGE_LOOP ( 'NONE', ( #3426, #2080, #5842, #2671 ) ) ;
#270 =( NAMED_UNIT ( * ) SI_UNIT ( $, .STERADIAN. ) SOLID_ANGLE_UNIT ( ) );
#271 = SURFACE_SIDE_STYLE ('',( #3360 ) ) ;
#272 = DIRECTION ( 'NONE',  ( 0.0000000000000000000, 1.000000000000000000, 0.0000000000000000000 ) ) ;
#273 = VERTEX_POINT ( 'NONE', #1932 ) ;
#274 = ORIENTED_EDGE ( 'NONE', *, *, #3165, .F. ) ;
#275 = DIRECTION ( 'NONE',  ( 0.0000000000000000000, 0.05233595624294388321, -0.9986295347545739443 ) ) ;
#276 = EDGE_LOOP ( 'NONE', ( #909, #5125, #2711, #902 ) ) ;
#277 = ORIENTED_EDGE ( 'NONE', *, *, #3582, .T. ) ;
#278 = FACE_OUTER_BOUND ( 'NONE', #4223, .T. ) ;
#279 = PLANE ( 'NONE',  #1800 ) ;
#280 = SURFACE_SIDE_STYLE ('',( #345 ) ) ;
#281 = CARTESIAN_POINT ( 'NONE',  ( 2.400000000000001243, -1.199999999999999734, -0.4699999999999998068 ) ) ;
#282 = FACE_OUTER_BOUND ( 'NONE', #1841, .T. ) ;
#283 = EDGE_CURVE ( 'NONE', #6391, #3961, #4428, .T. ) ;
#284 = AXIS2_PLACEMENT_3D ( 'NONE', #2682, #3855, #3322 ) ;
#285 = FILL_AREA_STYLE_COLOUR ( '', #3362 ) ;
#286 = ORIENTED_EDGE ( 'NONE', *, *, #5697, .F. ) ;
#287 = LINE ( 'NONE', #1900, #4209 ) ;
#288 = FILL_AREA_STYLE ('',( #6137 ) ) ;
#289 = ORIENTED_EDGE ( 'NONE', *, *, #5959, .F. ) ;
#290 = ADVANCED_FACE ( 'NONE', ( #3872 ), #4463, .T. ) ;
#291 = COLOUR_RGB ( '',0.8980392156862745390, 0.9215686274509803377, 0.9294117647058823817 ) ;
#292 = COLOUR_RGB ( '',0.8313725490196077761, 0.8392156862745098200, 0.8313725490196077761 ) ;
#293 = SURFACE_STYLE_USAGE ( .BOTH. , #1396 ) ;
#294 =( LENGTH_UNIT ( ) NAMED_UNIT ( * ) SI_UNIT ( .MILLI., .METRE. ) );
#295 = ORIENTED_EDGE ( 'NONE', *, *, #2084, .T. ) ;
#296 = CARTESIAN_POINT ( 'NONE',  ( 0.2838201673205150710, -0.2871897488101240459, 0.4500000000000000666 ) ) ;
#297 = AXIS2_PLACEMENT_3D ( 'NONE', #6288, #4743, #2641 ) ;
#298 = DIRECTION ( 'NONE',  ( -1.000000000000000000, 4.818676322157797375E-16, -3.043374519257556424E-15 ) ) ;
#299 = ORIENTED_EDGE ( 'NONE', *, *, #4733, .F. ) ;
#300 =( GEOMETRIC_REPRESENTATION_CONTEXT ( 3 ) GLOBAL_UNCERTAINTY_ASSIGNED_CONTEXT ( ( #1738 ) ) GLOBAL_UNIT_ASSIGNED_CONTEXT ( ( #4516, #2416, #1873 ) ) REPRESENTATION_CONTEXT ( 'NONE', 'WORKASPACE' ) );
#301 = EDGE_CURVE ( 'NONE', #6772, #6336, #4913, .T. ) ;
#302 = VECTOR ( 'NONE', #2061, 1000.000000000000000 ) ;
#303 = EDGE_LOOP ( 'NONE', ( #1483, #3643, #1455, #5213 ) ) ;
#304 = PRESENTATION_LAYER_ASSIGNMENT (  '', '', ( #5762 ) ) ;
#305 = VERTEX_POINT ( 'NONE', #3547 ) ;
#306 = PRESENTATION_LAYER_ASSIGNMENT (  '', '', ( #3334 ) ) ;
#307 = EDGE_CURVE ( 'NONE', #2435, #2446, #5643, .T. ) ;
#308 = ORIENTED_EDGE ( 'NONE', *, *, #2650, .F. ) ;
#309 = MECHANICAL_DESIGN_GEOMETRIC_PRESENTATION_REPRESENTATION (  '', ( #3671 ), #4222 ) ;
#310 = CARTESIAN_POINT ( 'NONE',  ( 0.2103187164337326220, 2.110000814877110997, 0.3000000000000000444 ) ) ;
#311 = PRESENTATION_STYLE_ASSIGNMENT (( #1896 ) ) ;
#312 = PLANE ( 'NONE',  #1234 ) ;
#313 = CARTESIAN_POINT ( 'NONE',  ( 2.500000000000003109, -3.299999999999998490, -7.608436298143901117E-15 ) ) ;
#314 = DIRECTION ( 'NONE',  ( 1.000000000000000000, 0.0000000000000000000, 0.0000000000000000000 ) ) ;
#315 = CYLINDRICAL_SURFACE ( 'NONE', #3452, 0.1000000000000000194 ) ;
#316 = ORIENTED_EDGE ( 'NONE', *, *, #1872, .T. ) ;
#317 = FACE_OUTER_BOUND ( 'NONE', #4886, .T. ) ;
#318 = VERTEX_POINT ( 'NONE', #2297 ) ;
#319 = SURFACE_STYLE_FILL_AREA ( #288 ) ;
#320 = EDGE_LOOP ( 'NONE', ( #365, #971, #3982, #3987 ) ) ;
#321 = FILL_AREA_STYLE_COLOUR ( '', #4131 ) ;
#322 = CARTESIAN_POINT ( 'NONE',  ( 2.470127565808668990, 1.200000000000000622, -0.5699999999999999512 ) ) ;
#324 = EDGE_CURVE ( 'NONE', #2566, #4493, #429, .T. ) ;
#323 = PRESENTATION_LAYER_ASSIGNMENT (  '', '', ( #1359 ) ) ;
#325 = EDGE_CURVE ( 'NONE', #1979, #4257, #463, .T. ) ;
#326 = CARTESIAN_POINT ( 'NONE',  ( -0.5500000000000001554, -1.049999999999999822, -0.5699999999999999512 ) ) ;
#327 = CARTESIAN_POINT ( 'NONE',  ( 2.500000000000001332, 1.200000000000000622, -0.4700000000000001399 ) ) ;
#328 = VERTEX_POINT ( 'NONE', #4164 ) ;
#329 = LINE ( 'NONE', #3916, #864 ) ;
#330 = LINE ( 'NONE', #3494, #6689 ) ;
#331 = VERTEX_POINT ( 'NONE', #4272 ) ;
#332 = COLOUR_RGB ( '',0.8980392156862745390, 0.9215686274509803377, 0.9294117647058823817 ) ;
#333 = ORIENTED_EDGE ( 'NONE', *, *, #5863, .T. ) ;
#334 = EDGE_CURVE ( 'NONE', #331, #2338, #6755, .T. ) ;
#335 = CIRCLE ( 'NONE', #5572, 0.1000000000000000194 ) ;
#336 = CARTESIAN_POINT ( 'NONE',  ( -1.146028625818473756, -0.1370056143358112655, 0.3000000000000000444 ) ) ;
#337 = ORIENTED_EDGE ( 'NONE', *, *, #334, .F. ) ;
#338 = DIRECTION ( 'NONE',  ( 0.05233595624294388321, -0.0000000000000000000, -0.9986295347545739443 ) ) ;
#339 = ORIENTED_EDGE ( 'NONE', *, *, #904, .F. ) ;
#340 = FILL_AREA_STYLE ('',( #2989 ) ) ;
#341 = AXIS2_PLACEMENT_3D ( 'NONE', #4156, #1505, #3640 ) ;
#342 = LINE ( 'NONE', #2470, #239 ) ;
#343 = EDGE_CURVE ( 'NONE', #2239, #3227, #1346, .T. ) ;
#344 = FACE_OUTER_BOUND ( 'NONE', #1987, .T. ) ;
#345 = SURFACE_STYLE_FILL_AREA ( #379 ) ;
#346 = STYLED_ITEM ( 'NONE', ( #6562 ), #2553 ) ;
#347 = SURFACE_STYLE_USAGE ( .BOTH. , #1899 ) ;
#348 = DIRECTION ( 'NONE',  ( -0.0000000000000000000, 0.0000000000000000000, -1.000000000000000000 ) ) ;
#349 = CARTESIAN_POINT ( 'NONE',  ( 2.400000000000001243, -1.199999999999999734, -0.4699999999999998068 ) ) ;
#350 = ORIENTED_EDGE ( 'NONE', *, *, #5031, .T. ) ;
#351 = CARTESIAN_POINT ( 'NONE',  ( 1.700000000000000400, -2.099999999999999645, -0.7699999999999999067 ) ) ;
#352 = SURFACE_SIDE_STYLE ('',( #1936 ) ) ;
#353 = ORIENTED_EDGE ( 'NONE', *, *, #5276, .T. ) ;
#355 = VECTOR ( 'NONE', #5630, 1000.000000000000000 ) ;
#354 = LINE ( 'NONE', #4614, #3066 ) ;
#356 =( NAMED_UNIT ( * ) PLANE_ANGLE_UNIT ( ) SI_UNIT ( $, .RADIAN. ) );
#357 =( GEOMETRIC_REPRESENTATION_CONTEXT ( 3 ) GLOBAL_UNCERTAINTY_ASSIGNED_CONTEXT ( ( #1657 ) ) GLOBAL_UNIT_ASSIGNED_CONTEXT ( ( #3626, #539, #4253 ) ) REPRESENTATION_CONTEXT ( 'NONE', 'WORKASPACE' ) );
#358 = CLOSED_SHELL ( 'NONE', ( #4028, #5410, #891, #2798, #6701, #659, #968 ) ) ;
#359 = LINE ( 'NONE', #529, #6622 ) ;
#360 = ORIENTED_EDGE ( 'NONE', *, *, #2156, .F. ) ;
#361 = DIRECTION ( 'NONE',  ( 3.043374519257556424E-15, 0.0000000000000000000, -1.000000000000000000 ) ) ;
#362 = EDGE_CURVE ( 'NONE', #5730, #5778, #2579, .T. ) ;
#363 = EDGE_CURVE ( 'NONE', #3227, #3559, #491, .T. ) ;
#364 = VERTEX_POINT ( 'NONE', #5785 ) ;
#365 = ORIENTED_EDGE ( 'NONE', *, *, #4371, .T. ) ;
#366 = CARTESIAN_POINT ( 'NONE',  ( -2.471716000805965763, 1.200000000000000622, -0.5396908546970038412 ) ) ;
#367 = COLOUR_RGB ( '',0.8980392156862745390, 0.9215686274509803377, 0.9294117647058823817 ) ;
#368 = CARTESIAN_POINT ( 'NONE',  ( 2.700000000000001954, -2.099999999999999645, -0.3000000000000003220 ) ) ;
#369 = ORIENTED_EDGE ( 'NONE', *, *, #3622, .T. ) ;
#370 = UNCERTAINTY_MEASURE_WITH_UNIT (LENGTH_MEASURE( 1.000000000000000082E-05 ), #4591, 'distance_accuracy_value', 'NONE');
#371 = ORIENTED_EDGE ( 'NONE', *, *, #2536, .F. ) ;
#372 = DIRECTION ( 'NONE',  ( 3.043374519257556424E-15, -0.0000000000000000000, 1.000000000000000000 ) ) ;
#373 = STYLED_ITEM ( 'NONE', ( #263 ), #3973 ) ;
#374 =( NAMED_UNIT ( * ) PLANE_ANGLE_UNIT ( ) SI_UNIT ( $, .RADIAN. ) );
#375 =( LENGTH_UNIT ( ) NAMED_UNIT ( * ) SI_UNIT ( .MILLI., .METRE. ) );
#376 = ORIENTED_EDGE ( 'NONE', *, *, #1880, .F. ) ;
#377 = PLANE ( 'NONE',  #5354 ) ;
#378 = DIRECTION ( 'NONE',  ( -0.0000000000000000000, -0.0000000000000000000, -1.000000000000000000 ) ) ;
#379 = FILL_AREA_STYLE ('',( #926 ) ) ;
#380 = DIRECTION ( 'NONE',  ( 1.000000000000000000, 0.0000000000000000000, 0.0000000000000000000 ) ) ;
#381 = PLANE ( 'NONE',  #3166 ) ;
#382 = EDGE_CURVE ( 'NONE', #3630, #2815, #2003, .T. ) ;
#383 = COLOUR_RGB ( '',1.000000000000000000, 1.000000000000000000, 1.000000000000000000 ) ;
#384 = CARTESIAN_POINT ( 'NONE',  ( 0.0000000000000000000, 0.0000000000000000000, 0.3000000000000000444 ) ) ;
#385 = CARTESIAN_POINT ( 'NONE',  ( 0.0000000000000000000, 1.200000000000000622, -0.5699999999999999512 ) ) ;
#386 = DIRECTION ( 'NONE',  ( 1.000000000000000000, 0.0000000000000000000, 0.0000000000000000000 ) ) ;
#387 = ORIENTED_EDGE ( 'NONE', *, *, #4112, .F. ) ;
#388 = AXIS2_PLACEMENT_3D ( 'NONE', #6392, #3885, #5367 ) ;
#389 = CARTESIAN_POINT ( 'NONE',  ( 2.463314554501873754, 2.200000000000000178, -0.6999999999999999556 ) ) ;
#390 = CARTESIAN_POINT ( 'NONE',  ( -0.5500000000000001554, 2.254834989607331863, -0.5699999999999999512 ) ) ;
#391 = EDGE_CURVE ( 'NONE', #4062, #1813, #4201, .T. ) ;
#392 = DIRECTION ( 'NONE',  ( 0.0000000000000000000, 0.0000000000000000000, 1.000000000000000000 ) ) ;
#393 = PRESENTATION_LAYER_ASSIGNMENT (  '', '', ( #4628 ) ) ;
#394 = DIRECTION ( 'NONE',  ( 0.0000000000000000000, 1.000000000000000000, 0.0000000000000000000 ) ) ;
#395 =( NAMED_UNIT ( * ) PLANE_ANGLE_UNIT ( ) SI_UNIT ( $, .RADIAN. ) );
#396 = ORIENTED_EDGE ( 'NONE', *, *, #471, .F. ) ;
#397 = LINE ( 'NONE', #4661, #6596 ) ;
#398 = ORIENTED_EDGE ( 'NONE', *, *, #6625, .T. ) ;
#399 =( NAMED_UNIT ( * ) PLANE_ANGLE_UNIT ( ) SI_UNIT ( $, .RADIAN. ) );
#400 = CIRCLE ( 'NONE', #5877, 0.1499999999999999667 ) ;
#401 = VECTOR ( 'NONE', #2196, 1000.000000000000000 ) ;
#402 = ORIENTED_EDGE ( 'NONE', *, *, #1252, .T. ) ;
#403 = AXIS2_PLACEMENT_3D ( 'NONE', #6858, #4730, #3801 ) ;
#404 = STYLED_ITEM ( 'NONE', ( #4659 ), #5442 ) ;
#405 = EDGE_CURVE ( 'NONE', #6497, #1437, #5204, .T. ) ;
#406 = ADVANCED_FACE ( 'NONE', ( #6299 ), #653, .F. ) ;
#407 = DIRECTION ( 'NONE',  ( 0.0000000000000000000, 0.0000000000000000000, -1.000000000000000000 ) ) ;
#408 = ORIENTED_EDGE ( 'NONE', *, *, #2843, .T. ) ;
#409 = CARTESIAN_POINT ( 'NONE',  ( -2.400000000000001243, 2.100000000000000089, -0.7700000000000000178 ) ) ;
#410 = DIRECTION ( 'NONE',  ( -8.998760675425412313E-17, 1.000000000000000000, -0.0000000000000000000 ) ) ;
#411 = ORIENTED_EDGE ( 'NONE', *, *, #4437, .T. ) ;
#412 = CARTESIAN_POINT ( 'NONE',  ( -2.470127565808668990, -1.099999999999999645, -0.5699999999999999512 ) ) ;
#413 = AXIS2_PLACEMENT_3D ( 'NONE', #2769, #2803, #87 ) ;
#414 =( GEOMETRIC_REPRESENTATION_CONTEXT ( 3 ) GLOBAL_UNCERTAINTY_ASSIGNED_CONTEXT ( ( #2703 ) ) GLOBAL_UNIT_ASSIGNED_CONTEXT ( ( #1935, #4689, #4063 ) ) REPRESENTATION_CONTEXT ( 'NONE', 'WORKASPACE' ) );
#415 =( NAMED_UNIT ( * ) SI_UNIT ( $, .STERADIAN. ) SOLID_ANGLE_UNIT ( ) );
#416 = UNCERTAINTY_MEASURE_WITH_UNIT (LENGTH_MEASURE( 1.000000000000000082E-05 ), #2538, 'distance_accuracy_value', 'NONE');
#417 =( GEOMETRIC_REPRESENTATION_CONTEXT ( 3 ) GLOBAL_UNCERTAINTY_ASSIGNED_CONTEXT ( ( #4726 ) ) GLOBAL_UNIT_ASSIGNED_CONTEXT ( ( #5284, #506, #6864 ) ) REPRESENTATION_CONTEXT ( 'NONE', 'WORKASPACE' ) );
#418 = DIRECTION ( 'NONE',  ( 1.000000000000000000, 0.0000000000000000000, -0.0000000000000000000 ) ) ;
#419 = DIRECTION ( 'NONE',  ( 1.000000000000000000, 0.0000000000000000000, -0.0000000000000000000 ) ) ;
#420 = CARTESIAN_POINT ( 'NONE',  ( 1.599999999999999867, -2.200000000000000178, -0.5699999999999999512 ) ) ;
#421 = EDGE_LOOP ( 'NONE', ( #1461, #4014, #4046, #5993, #3392, #5645 ) ) ;
#422 = EDGE_CURVE ( 'NONE', #2791, #3041, #5108, .T. ) ;
#423 = PRESENTATION_LAYER_ASSIGNMENT (  '', '', ( #3451 ) ) ;
#424 = ADVANCED_FACE ( 'NONE', ( #430 ), #2546, .F. ) ;
#425 = LINE ( 'NONE', #458, #5580 ) ;
#426 = FILL_AREA_STYLE ('',( #1744 ) ) ;
#427 = FACE_OUTER_BOUND ( 'NONE', #6802, .T. ) ;
#428 = PLANE ( 'NONE',  #1856 ) ;
#429 = CIRCLE ( 'NONE', #1232, 0.3000000000000002665 ) ;
#430 = FACE_OUTER_BOUND ( 'NONE', #2340, .T. ) ;
#431 = ADVANCED_FACE ( 'NONE', ( #4930 ), #3828, .T. ) ;
#432 = SURFACE_SIDE_STYLE ('',( #5205 ) ) ;
#433 = ORIENTED_EDGE ( 'NONE', *, *, #817, .T. ) ;
#434 = CARTESIAN_POINT ( 'NONE',  ( 0.2103187164337326220, 2.110000814877110997, 0.3500000000000000333 ) ) ;
#435 = CARTESIAN_POINT ( 'NONE',  ( 1.562305442492824215, -0.8360159872360380939, 0.3500000000000000333 ) ) ;
#436 = ADVANCED_FACE ( 'NONE', ( #4413 ), #6400, .F. ) ;
#437 = ORIENTED_EDGE ( 'NONE', *, *, #1672, .T. ) ;
#438 = COLOUR_RGB ( '',1.000000000000000000, 1.000000000000000000, 1.000000000000000000 ) ;
#439 = APPLICATION_PROTOCOL_DEFINITION ( 'draft international standard', 'automotive_design', 1998, #686 ) ;
#440 = CARTESIAN_POINT ( 'NONE',  ( -1.599999999999999867, 1.100000000000000089, -0.5699999999999999512 ) ) ;
#441 = ORIENTED_EDGE ( 'NONE', *, *, #552, .T. ) ;
#442 = PRESENTATION_LAYER_ASSIGNMENT (  '', '', ( #1784 ) ) ;
#443 = VERTEX_POINT ( 'NONE', #4447 ) ;
#444 = SURFACE_STYLE_USAGE ( .BOTH. , #3122 ) ;
#445 = DIRECTION ( 'NONE',  ( -1.000000000000000000, 0.0000000000000000000, 0.0000000000000000000 ) ) ;
#446 = CARTESIAN_POINT ( 'NONE',  ( 2.500000000000002220, 2.500000000000002220, 0.0000000000000000000 ) ) ;
#447 = VERTEX_POINT ( 'NONE', #4892 ) ;
#448 =( LENGTH_UNIT ( ) NAMED_UNIT ( * ) SI_UNIT ( .MILLI., .METRE. ) );
#449 = MECHANICAL_DESIGN_GEOMETRIC_PRESENTATION_REPRESENTATION (  '', ( #4683 ), #2788 ) ;
#450 = CARTESIAN_POINT ( 'NONE',  ( 0.5500000000000001554, 2.254834989607331863, -0.6999999999999999556 ) ) ;
#451 = ORIENTED_EDGE ( 'NONE', *, *, #5690, .T. ) ;
#452 = SURFACE_STYLE_USAGE ( .BOTH. , #1566 ) ;
#453 = STYLED_ITEM ( 'NONE', ( #2423 ), #1762 ) ;
#454 = DIRECTION ( 'NONE',  ( 1.000000000000000000, -0.0000000000000000000, -0.0000000000000000000 ) ) ;
#455 = STYLED_ITEM ( 'NONE', ( #3523 ), #1192 ) ;
#456 = PRESENTATION_STYLE_ASSIGNMENT (( #1570 ) ) ;
#457 = LINE ( 'NONE', #487, #524 ) ;
#458 = CARTESIAN_POINT ( 'NONE',  ( 0.2838201673205150155, 0.4046747618464905383, 0.3500000000000000333 ) ) ;
#459 = VERTEX_POINT ( 'NONE', #6441 ) ;
#460 = PRESENTATION_LAYER_ASSIGNMENT (  '', '', ( #4578 ) ) ;
#461 = EDGE_CURVE ( 'NONE', #2786, #572, #5933, .T. ) ;
#462 = DIRECTION ( 'NONE',  ( 0.0000000000000000000, 1.000000000000000000, 0.0000000000000000000 ) ) ;
#463 = LINE ( 'NONE', #5753, #879 ) ;
#464 = AXIS2_PLACEMENT_3D ( 'NONE', #5045, #5558, #3911 ) ;
#465 = FACE_OUTER_BOUND ( 'NONE', #6815, .T. ) ;
#466 = ORIENTED_EDGE ( 'NONE', *, *, #2536, .T. ) ;
#467 = SURFACE_STYLE_USAGE ( .BOTH. , #3000 ) ;
#468 =( NAMED_UNIT ( * ) SI_UNIT ( $, .STERADIAN. ) SOLID_ANGLE_UNIT ( ) );
#469 = VERTEX_POINT ( 'NONE', #6518 ) ;
#470 = CIRCLE ( 'NONE', #1380, 0.3000000000000000444 ) ;
#471 = EDGE_CURVE ( 'NONE', #5503, #2236, #6305, .T. ) ;
#472 = DIRECTION ( 'NONE',  ( -1.000000000000000000, -1.604850264224746292E-16, 0.0000000000000000000 ) ) ;
#473 = FILL_AREA_STYLE ('',( #2513 ) ) ;
#474 = CARTESIAN_POINT ( 'NONE',  ( -1.919276727925023351, -2.056952929731181712, 0.3500000000000000333 ) ) ;
#475 = ORIENTED_EDGE ( 'NONE', *, *, #1872, .F. ) ;
#476 = ORIENTED_EDGE ( 'NONE', *, *, #6064, .F. ) ;
#477 = CARTESIAN_POINT ( 'NONE',  ( 2.500000000000001332, -2.099999999999999645, -0.4700000000000001399 ) ) ;
#478 = ADVANCED_FACE ( 'NONE', ( #6554 ), #1866, .T. ) ;
#479 = AXIS2_PLACEMENT_3D ( 'NONE', #693, #5490, #5419 ) ;
#480 = ORIENTED_EDGE ( 'NONE', *, *, #1024, .T. ) ;
#481 = DIRECTION ( 'NONE',  ( 3.043374519257556424E-15, -0.0000000000000000000, -1.000000000000000000 ) ) ;
#482 = VERTEX_POINT ( 'NONE', #1323 ) ;
#483 = STYLED_ITEM ( 'NONE', ( #2690 ), #3543 ) ;
#484 = CARTESIAN_POINT ( 'NONE',  ( 0.4838201673205150821, 0.9163225641662154919, 0.4500000000000000666 ) ) ;
#485 = LINE ( 'NONE', #2568, #3714 ) ;
#486 = CARTESIAN_POINT ( 'NONE',  ( -0.9960286258184738450, -0.1370056143358112655, 0.3500000000000000333 ) ) ;
#487 = CARTESIAN_POINT ( 'NONE',  ( -2.486873320506370000, -1.199999999999999734, -0.2504719656739949341 ) ) ;
#488 = DIRECTION ( 'NONE',  ( 0.08682659386424762538, -0.08682659386424762538, -0.9924325091389669673 ) ) ;
#489 = COLOUR_RGB ( '',0.8980392156862745390, 0.9215686274509803377, 0.9294117647058823817 ) ;
#490 = ORIENTED_EDGE ( 'NONE', *, *, #863, .F. ) ;
#491 = LINE ( 'NONE', #6850, #3331 ) ;
#492 = ORIENTED_EDGE ( 'NONE', *, *, #2336, .T. ) ;
#493 = FILL_AREA_STYLE_COLOUR ( '', #4096 ) ;
#494 = EDGE_CURVE ( 'NONE', #2305, #5755, #1925, .T. ) ;
#495 = DIRECTION ( 'NONE',  ( -4.822120870246893339E-16, 1.000000000000000000, 0.0000000000000000000 ) ) ;
#496 = ORIENTED_EDGE ( 'NONE', *, *, #2537, .T. ) ;
#497 = MECHANICAL_DESIGN_GEOMETRIC_PRESENTATION_REPRESENTATION (  '', ( #2067 ), #2610 ) ;
#498 = CARTESIAN_POINT ( 'NONE',  ( 2.500000000000002665, -2.099999999999999645, 0.0000000000000000000 ) ) ;
#499 = CARTESIAN_POINT ( 'NONE',  ( 0.3603187164337335324, 0.6070589046025531843, 0.3500000000000000333 ) ) ;
#500 = VECTOR ( 'NONE', #2889, 1000.000000000000000 ) ;
#501 = FILL_AREA_STYLE ('',( #3191 ) ) ;
#502 = VERTEX_POINT ( 'NONE', #2409 ) ;
#503 = SURFACE_STYLE_FILL_AREA ( #3592 ) ;
#504 = ADVANCED_FACE ( 'NONE', ( #344 ), #4603, .F. ) ;
#505 = DIRECTION ( 'NONE',  ( -1.000000000000000000, 4.818676322157797375E-16, -3.047392128993071134E-15 ) ) ;
#506 =( NAMED_UNIT ( * ) PLANE_ANGLE_UNIT ( ) SI_UNIT ( $, .RADIAN. ) );
#507 = VERTEX_POINT ( 'NONE', #6035 ) ;
#508 = COLOUR_RGB ( '',1.000000000000000000, 1.000000000000000000, 1.000000000000000000 ) ;
#509 = EDGE_CURVE ( 'NONE', #3341, #5285, #3406, .T. ) ;
#510 = ORIENTED_EDGE ( 'NONE', *, *, #307, .T. ) ;
#511 = MECHANICAL_DESIGN_GEOMETRIC_PRESENTATION_REPRESENTATION (  '', ( #4628 ), #5520 ) ;
#512 = CARTESIAN_POINT ( 'NONE',  ( -0.5500000000000001554, 2.254834989607331863, -0.6999999999999999556 ) ) ;
#513 = ORIENTED_EDGE ( 'NONE', *, *, #1049, .F. ) ;
#514 =( LENGTH_UNIT ( ) NAMED_UNIT ( * ) SI_UNIT ( .MILLI., .METRE. ) );
#515 = PRESENTATION_LAYER_ASSIGNMENT (  '', '', ( #5525 ) ) ;
#516 = DIRECTION ( 'NONE',  ( 0.0000000000000000000, -1.000000000000000000, 0.0000000000000000000 ) ) ;
#517 = ORIENTED_EDGE ( 'NONE', *, *, #3929, .F. ) ;
#518 = CARTESIAN_POINT ( 'NONE',  ( 2.500000000000001776, 2.100000000000000089, -0.2999999999999997113 ) ) ;
#519 = EDGE_LOOP ( 'NONE', ( #369, #5181, #4140, #408 ) ) ;
#520 = CARTESIAN_POINT ( 'NONE',  ( 0.2838201673205150710, 0.9163225641662154919, 0.4500000000000000666 ) ) ;
#521 = EDGE_CURVE ( 'NONE', #3992, #2825, #1991, .T. ) ;
#522 = FACE_OUTER_BOUND ( 'NONE', #6204, .T. ) ;
#523 = UNCERTAINTY_MEASURE_WITH_UNIT (LENGTH_MEASURE( 1.000000000000000082E-05 ), #5510, 'distance_accuracy_value', 'NONE');
#524 = VECTOR ( 'NONE', #1446, 1000.000000000000000 ) ;
#525 = ORIENTED_EDGE ( 'NONE', *, *, #5787, .F. ) ;
#526 = COLOUR_RGB ( '',1.000000000000000000, 1.000000000000000000, 1.000000000000000000 ) ;
#527 = DIRECTION ( 'NONE',  ( -1.000000000000000000, 0.0000000000000000000, 0.0000000000000000000 ) ) ;
#528 = VECTOR ( 'NONE', #338, 1000.000000000000114 ) ;
#529 = CARTESIAN_POINT ( 'NONE',  ( 0.2838201673205150710, -0.2871897488101240459, 0.3500000000000000333 ) ) ;
#530 = LINE ( 'NONE', #2655, #566 ) ;
#531 = VECTOR ( 'NONE', #889, 1000.000000000000000 ) ;
#532 = PLANE ( 'NONE',  #3399 ) ;
#533 = ORIENTED_EDGE ( 'NONE', *, *, #6744, .F. ) ;
#534 = FACE_OUTER_BOUND ( 'NONE', #2686, .T. ) ;
#535 = FACE_OUTER_BOUND ( 'NONE', #3949, .T. ) ;
#536 = CARTESIAN_POINT ( 'NONE',  ( 1.412305442492822971, -0.6860159872360371835, 0.3500000000000000333 ) ) ;
#537 = DIRECTION ( 'NONE',  ( 0.0000000000000000000, 0.0000000000000000000, 1.000000000000000000 ) ) ;
#538 = ORIENTED_EDGE ( 'NONE', *, *, #37, .F. ) ;
#539 =( NAMED_UNIT ( * ) PLANE_ANGLE_UNIT ( ) SI_UNIT ( $, .RADIAN. ) );
#540 = ORIENTED_EDGE ( 'NONE', *, *, #4569, .F. ) ;
#541 = CARTESIAN_POINT ( 'NONE',  ( -2.700000000000000622, 2.100000000000000089, -0.5700000000000006173 ) ) ;
#542 = PRESENTATION_STYLE_ASSIGNMENT (( #2160 ) ) ;
#543 = EDGE_CURVE ( 'NONE', #6296, #3886, #3354, .T. ) ;
#544 = ADVANCED_FACE ( 'NONE', ( #5496, #1808, #3389, #2939 ), #4494, .F. ) ;
#545 = FACE_OUTER_BOUND ( 'NONE', #4625, .T. ) ;
#546 = CARTESIAN_POINT ( 'NONE',  ( 2.486873320506370000, 2.100000000000000089, -0.2504719656739949341 ) ) ;
#547 = ORIENTED_EDGE ( 'NONE', *, *, #4064, .T. ) ;
#548 = CARTESIAN_POINT ( 'NONE',  ( -0.1831650461902210869, -0.2870056143358111767, 0.3500000000000000333 ) ) ;
#549 = PRODUCT ( '9289C514-7562-4D4A-A72F-304848487F06', '9289C514-7562-4D4A-A72F-304848487F06', '', ( #4660 ) ) ;
#550 = ORIENTED_EDGE ( 'NONE', *, *, #2304, .F. ) ;
#551 = MECHANICAL_DESIGN_GEOMETRIC_PRESENTATION_REPRESENTATION (  '', ( #6436 ), #6114 ) ;
#552 = EDGE_CURVE ( 'NONE', #1280, #447, #3422, .T. ) ;
#553 = SURFACE_STYLE_FILL_AREA ( #6291 ) ;
#554 = ORIENTED_EDGE ( 'NONE', *, *, #5289, .T. ) ;
#555 = LINE ( 'NONE', #1718, #1633 ) ;
#556 = CARTESIAN_POINT ( 'NONE',  ( -2.486873320506370000, 2.100000000000000089, -0.2504719656739949341 ) ) ;
#557 = ORIENTED_EDGE ( 'NONE', *, *, #2018, .F. ) ;
#558 = FACE_OUTER_BOUND ( 'NONE', #2675, .T. ) ;
#559 = VECTOR ( 'NONE', #2696, 1000.000000000000000 ) ;
#560 = COLOUR_RGB ( '',1.000000000000000000, 1.000000000000000000, 1.000000000000000000 ) ;
#561 = EDGE_CURVE ( 'NONE', #2045, #1956, #5463, .T. ) ;
#562 = SURFACE_STYLE_FILL_AREA ( #5334 ) ;
#563 = DIRECTION ( 'NONE',  ( 0.0000000000000000000, -1.000000000000000000, 0.0000000000000000000 ) ) ;
#564 = LINE ( 'NONE', #2454, #4199 ) ;
#565 = SURFACE_STYLE_USAGE ( .BOTH. , #2612 ) ;
#566 = VECTOR ( 'NONE', #5786, 1000.000000000000114 ) ;
#567 = VERTEX_POINT ( 'NONE', #2425 ) ;
#568 = DIRECTION ( 'NONE',  ( 1.000000000000000000, 1.194186020286707760E-16, -0.0000000000000000000 ) ) ;
#569 = CARTESIAN_POINT ( 'NONE',  ( -2.499117102666011725, 2.100000000000000089, -0.01684668471109857651 ) ) ;
#570 = LINE ( 'NONE', #5249, #3318 ) ;
#571 = LINE ( 'NONE', #2186, #3382 ) ;
#572 = VERTEX_POINT ( 'NONE', #4942 ) ;
#573 = SURFACE_STYLE_FILL_AREA ( #1079 ) ;
#574 = VECTOR ( 'NONE', #1196, 1000.000000000000000 ) ;
#575 = SURFACE_STYLE_FILL_AREA ( #3155 ) ;
#576 = AXIS2_PLACEMENT_3D ( 'NONE', #2858, #808, #4503 ) ;
#577 = CARTESIAN_POINT ( 'NONE',  ( 0.0000000000000000000, 0.0000000000000000000, 0.3000000000000000444 ) ) ;
#578 = DIRECTION ( 'NONE',  ( -1.000000000000000000, 4.818676322157797375E-16, -3.043374519257556424E-15 ) ) ;
#579 = DIRECTION ( 'NONE',  ( -0.0000000000000000000, 0.0000000000000000000, -1.000000000000000000 ) ) ;
#580 = SURFACE_STYLE_FILL_AREA ( #2780 ) ;
#581 = VERTEX_POINT ( 'NONE', #1845 ) ;
#582 = EDGE_CURVE ( 'NONE', #4611, #507, #3912, .T. ) ;
#583 = DIRECTION ( 'NONE',  ( -0.05233595624294388321, 0.0000000000000000000, -0.9986295347545739443 ) ) ;
#584 = EDGE_CURVE ( 'NONE', #235, #6168, #2984, .T. ) ;
#585 = PRESENTATION_LAYER_ASSIGNMENT (  '', '', ( #3146 ) ) ;
#586 = ORIENTED_EDGE ( 'NONE', *, *, #2509, .F. ) ;
#587 = FILL_AREA_STYLE_COLOUR ( '', #5923 ) ;
#588 = ORIENTED_EDGE ( 'NONE', *, *, #639, .F. ) ;
#589 = CARTESIAN_POINT ( 'NONE',  ( 2.400000000000001243, -1.199999999999999734, -0.5699999999999999512 ) ) ;
#590 = LINE ( 'NONE', #2647, #3112 ) ;
#591 = CARTESIAN_POINT ( 'NONE',  ( 0.4838201673205150821, -0.4871897488101240015, 0.4500000000000000666 ) ) ;
#592 = EDGE_CURVE ( 'NONE', #4650, #2713, #5559, .T. ) ;
#593 = EDGE_LOOP ( 'NONE', ( #3216, #3048, #5254, #4117 ) ) ;
#594 =( NAMED_UNIT ( * ) PLANE_ANGLE_UNIT ( ) SI_UNIT ( $, .RADIAN. ) );
#595 = MECHANICAL_DESIGN_GEOMETRIC_PRESENTATION_REPRESENTATION (  '', ( #5595 ), #2820 ) ;
#596 = DIRECTION ( 'NONE',  ( -0.0000000000000000000, -0.0000000000000000000, -1.000000000000000000 ) ) ;
#597 = PRESENTATION_STYLE_ASSIGNMENT (( #1034 ) ) ;
#598 = SURFACE_SIDE_STYLE ('',( #6788 ) ) ;
#599 = VECTOR ( 'NONE', #4057, 1000.000000000000000 ) ;
#600 = FACE_OUTER_BOUND ( 'NONE', #1985, .T. ) ;
#601 = EDGE_LOOP ( 'NONE', ( #475, #3463, #3518, #2826 ) ) ;
#602 =( NAMED_UNIT ( * ) SI_UNIT ( $, .STERADIAN. ) SOLID_ANGLE_UNIT ( ) );
#603 = CARTESIAN_POINT ( 'NONE',  ( 0.0000000000000000000, 2.200000000000000178, -0.6999999999999999556 ) ) ;
#604 = PRESENTATION_STYLE_ASSIGNMENT (( #4729 ) ) ;
#605 = DIRECTION ( 'NONE',  ( 0.0000000000000000000, -1.000000000000000000, 0.0000000000000000000 ) ) ;
#606 = FILL_AREA_STYLE_COLOUR ( '', #3078 ) ;
#607 = DIRECTION ( 'NONE',  ( -0.0000000000000000000, -0.0000000000000000000, -1.000000000000000000 ) ) ;
#608 = ORIENTED_EDGE ( 'NONE', *, *, #1222, .T. ) ;
#609 = CARTESIAN_POINT ( 'NONE',  ( 1.700000000000000622, 2.100000000000000089, -0.5699999999999999512 ) ) ;
#610 = SURFACE_SIDE_STYLE ('',( #3418 ) ) ;
#611 = EDGE_CURVE ( 'NONE', #48, #5568, #5046, .T. ) ;
#612 = AXIS2_PLACEMENT_3D ( 'NONE', #3476, #4512, #6653 ) ;
#613 = DIRECTION ( 'NONE',  ( 1.000000000000000000, 0.0000000000000000000, 0.0000000000000000000 ) ) ;
#614 = DIRECTION ( 'NONE',  ( 1.000000000000000000, 2.710505431213759113E-16, 0.0000000000000000000 ) ) ;
#615 = VECTOR ( 'NONE', #6265, 1000.000000000000000 ) ;
#616 = DIRECTION ( 'NONE',  ( -0.0000000000000000000, -0.0000000000000000000, -1.000000000000000000 ) ) ;
#617 = CARTESIAN_POINT ( 'NONE',  ( -1.600000000000000089, -1.099999999999999645, -0.5699999999999999512 ) ) ;
#618 =( NAMED_UNIT ( * ) SI_UNIT ( $, .STERADIAN. ) SOLID_ANGLE_UNIT ( ) );
#619 = ORIENTED_EDGE ( 'NONE', *, *, #230, .T. ) ;
#620 = DIRECTION ( 'NONE',  ( 1.000000000000000000, 0.0000000000000000000, 0.0000000000000000000 ) ) ;
#621 = DIRECTION ( 'NONE',  ( -1.000000000000000000, 0.0000000000000000000, 0.0000000000000000000 ) ) ;
#622 = ORIENTED_EDGE ( 'NONE', *, *, #2304, .T. ) ;
#623 = PLANE ( 'NONE',  #6629 ) ;
#624 = FACE_OUTER_BOUND ( 'NONE', #1542, .T. ) ;
#625 = COLOUR_RGB ( '',1.000000000000000000, 1.000000000000000000, 1.000000000000000000 ) ;
#626 = LINE ( 'NONE', #3207, #1812 ) ;
#627 = ORIENTED_EDGE ( 'NONE', *, *, #5527, .T. ) ;
#628 = EDGE_CURVE ( 'NONE', #6790, #6181, #6631, .T. ) ;
#629 = DIRECTION ( 'NONE',  ( 0.0000000000000000000, 1.000000000000000000, 0.0000000000000000000 ) ) ;
#630 = VECTOR ( 'NONE', #1943, 1000.000000000000000 ) ;
#631 = CARTESIAN_POINT ( 'NONE',  ( 0.5500000000000000444, -2.240667692902679420, -0.6999999999999999556 ) ) ;
#632 = ORIENTED_EDGE ( 'NONE', *, *, #5562, .T. ) ;
#633 = EDGE_LOOP ( 'NONE', ( #1140, #4791, #6607, #1277 ) ) ;
#634 = CARTESIAN_POINT ( 'NONE',  ( 0.0000000000000000000, 0.0000000000000000000, -0.5699999999999999512 ) ) ;
#635 = VECTOR ( 'NONE', #4552, 1000.000000000000000 ) ;
#636 = CIRCLE ( 'NONE', #2082, 0.1500000000000000222 ) ;
#637 = LINE ( 'NONE', #4890, #6123 ) ;
#638 = ADVANCED_FACE ( 'NONE', ( #1367 ), #3488, .F. ) ;
#639 = EDGE_CURVE ( 'NONE', #4349, #1401, #3007, .T. ) ;
#640 =( LENGTH_UNIT ( ) NAMED_UNIT ( * ) SI_UNIT ( .MILLI., .METRE. ) );
#641 = LINE ( 'NONE', #1290, #1967 ) ;
#642 =( NAMED_UNIT ( * ) PLANE_ANGLE_UNIT ( ) SI_UNIT ( $, .RADIAN. ) );
#643 =( GEOMETRIC_REPRESENTATION_CONTEXT ( 3 ) GLOBAL_UNCERTAINTY_ASSIGNED_CONTEXT ( ( #6741 ) ) GLOBAL_UNIT_ASSIGNED_CONTEXT ( ( #4366, #6467, #2267 ) ) REPRESENTATION_CONTEXT ( 'NONE', 'WORKASPACE' ) );
#644 =( NAMED_UNIT ( * ) PLANE_ANGLE_UNIT ( ) SI_UNIT ( $, .RADIAN. ) );
#645 = VECTOR ( 'NONE', #3453, 1000.000000000000000 ) ;
#646 = VERTEX_POINT ( 'NONE', #5648 ) ;
#647 =( NAMED_UNIT ( * ) PLANE_ANGLE_UNIT ( ) SI_UNIT ( $, .RADIAN. ) );
#648 = STYLED_ITEM ( 'NONE', ( #5424 ), #126 ) ;
#649 = VECTOR ( 'NONE', #1662, 1000.000000000000000 ) ;
#650 = STYLED_ITEM ( 'NONE', ( #4149 ), #5799 ) ;
#651 = ADVANCED_FACE ( 'NONE', ( #6762 ), #2042, .T. ) ;
#652 = PLANE ( 'NONE',  #1450 ) ;
#653 = CONICAL_SURFACE ( 'NONE', #2321, 1.699999999999999956, 0.5410520681182429126 ) ;
#654 = CARTESIAN_POINT ( 'NONE',  ( 2.500000000000001332, 1.200000000000000400, -0.4700000000000001399 ) ) ;
#655 = ORIENTED_EDGE ( 'NONE', *, *, #2588, .F. ) ;
#656 = AXIS2_PLACEMENT_3D ( 'NONE', #5676, #787, #2379 ) ;
#657 = DIRECTION ( 'NONE',  ( -0.0000000000000000000, -0.0000000000000000000, -1.000000000000000000 ) ) ;
#658 = ORIENTED_EDGE ( 'NONE', *, *, #3014, .T. ) ;
#659 = ADVANCED_FACE ( 'NONE', ( #6724 ), #3520, .T. ) ;
#660 =( LENGTH_UNIT ( ) NAMED_UNIT ( * ) SI_UNIT ( .MILLI., .METRE. ) );
#661 = ORIENTED_EDGE ( 'NONE', *, *, #6208, .F. ) ;
#662 = PLANE ( 'NONE',  #882 ) ;
#663 = LINE ( 'NONE', #1852, #2040 ) ;
#664 = EDGE_LOOP ( 'NONE', ( #3813, #6293, #3449, #353 ) ) ;
#665 = CARTESIAN_POINT ( 'NONE',  ( -0.03316504619021998224, -2.056952929731181712, 0.3000000000000000444 ) ) ;
#666 = COLOUR_RGB ( '',1.000000000000000000, 1.000000000000000000, 1.000000000000000000 ) ;
#667 = ORIENTED_EDGE ( 'NONE', *, *, #2497, .T. ) ;
#668 = DIRECTION ( 'NONE',  ( -0.0000000000000000000, -0.0000000000000000000, 1.000000000000000000 ) ) ;
#669 = FILL_AREA_STYLE_COLOUR ( '', #2238 ) ;
#670 = DIRECTION ( 'NONE',  ( 1.000000000000000000, -0.0000000000000000000, -0.0000000000000000000 ) ) ;
#671 = ORIENTED_EDGE ( 'NONE', *, *, #2393, .T. ) ;
#672 =( GEOMETRIC_REPRESENTATION_CONTEXT ( 3 ) GLOBAL_UNCERTAINTY_ASSIGNED_CONTEXT ( ( #6721 ) ) GLOBAL_UNIT_ASSIGNED_CONTEXT ( ( #2074, #6857, #6373 ) ) REPRESENTATION_CONTEXT ( 'NONE', 'WORKASPACE' ) );
#673 = UNCERTAINTY_MEASURE_WITH_UNIT (LENGTH_MEASURE( 1.000000000000000082E-05 ), #2633, 'distance_accuracy_value', 'NONE');
#674 = ORIENTED_EDGE ( 'NONE', *, *, #2766, .T. ) ;
#675 = DIRECTION ( 'NONE',  ( 0.0000000000000000000, -1.000000000000000000, 0.0000000000000000000 ) ) ;
#676 = DIRECTION ( 'NONE',  ( 1.000000000000000000, 2.000708728360073455E-16, -0.0000000000000000000 ) ) ;
#677 =( GEOMETRIC_REPRESENTATION_CONTEXT ( 3 ) GLOBAL_UNCERTAINTY_ASSIGNED_CONTEXT ( ( #2412 ) ) GLOBAL_UNIT_ASSIGNED_CONTEXT ( ( #2377, #5030, #1255 ) ) REPRESENTATION_CONTEXT ( 'NONE', 'WORKASPACE' ) );
#678 = CARTESIAN_POINT ( 'NONE',  ( -0.1831650461902200044, -0.6832195235787650311, 0.3500000000000000333 ) ) ;
#679 = PRESENTATION_STYLE_ASSIGNMENT (( #182 ) ) ;
#680 = SURFACE_STYLE_USAGE ( .BOTH. , #4380 ) ;
#681 = VERTEX_POINT ( 'NONE', #322 ) ;
#682 = PRESENTATION_LAYER_ASSIGNMENT (  '', '', ( #3119 ) ) ;
#684 = ADVANCED_FACE ( 'NONE', ( #4618 ), #2453, .F. ) ;
#683 = PRESENTATION_LAYER_ASSIGNMENT (  '', '', ( #1565 ) ) ;
#685 = EDGE_CURVE ( 'NONE', #4466, #5782, #1668, .T. ) ;
#686 = APPLICATION_CONTEXT ( 'automotive_design' ) ;
#687 = PLANE ( 'NONE',  #6318 ) ;
#688 = FACE_OUTER_BOUND ( 'NONE', #269, .T. ) ;
#689 = VECTOR ( 'NONE', #6367, 1000.000000000000000 ) ;
#690 = PLANE ( 'NONE',  #1704 ) ;
#691 = EDGE_LOOP ( 'NONE', ( #5599, #1315 ) ) ;
#692 = FILL_AREA_STYLE_COLOUR ( '', #6192 ) ;
#693 = CARTESIAN_POINT ( 'NONE',  ( 2.400000000000002132, 2.100000000000000089, -0.2999999999999993783 ) ) ;
#694 = EDGE_CURVE ( 'NONE', #883, #3301, #4794, .T. ) ;
#695 = VECTOR ( 'NONE', #5817, 1000.000000000000000 ) ;
#696 = DIRECTION ( 'NONE',  ( 0.0000000000000000000, -0.0000000000000000000, -1.000000000000000000 ) ) ;
#697 = FILL_AREA_STYLE_COLOUR ( '', #4110 ) ;
#698 = DIRECTION ( 'NONE',  ( -0.0000000000000000000, 1.000000000000000000, -0.0000000000000000000 ) ) ;
#699 =( LENGTH_UNIT ( ) NAMED_UNIT ( * ) SI_UNIT ( .MILLI., .METRE. ) );
#700 = SURFACE_STYLE_USAGE ( .BOTH. , #2194 ) ;
#701 = AXIS2_PLACEMENT_3D ( 'NONE', #5835, #3773, #940 ) ;
#702 = ORIENTED_EDGE ( 'NONE', *, *, #2926, .F. ) ;
#703 = PRESENTATION_LAYER_ASSIGNMENT (  '', '', ( #4376 ) ) ;
#704 = CARTESIAN_POINT ( 'NONE',  ( -1.919276727925023351, -0.8787392438591723476, 0.3500000000000000333 ) ) ;
#705 = DIRECTION ( 'NONE',  ( 0.0000000000000000000, 0.0000000000000000000, -1.000000000000000000 ) ) ;
#706 = ORIENTED_EDGE ( 'NONE', *, *, #4857, .T. ) ;
#707 = FILL_AREA_STYLE_COLOUR ( '', #4873 ) ;
#708 = EDGE_CURVE ( 'NONE', #4381, #2985, #6306, .T. ) ;
#709 = ORIENTED_EDGE ( 'NONE', *, *, #5171, .F. ) ;
#710 = CARTESIAN_POINT ( 'NONE',  ( 2.700000000000000622, 2.100000000000000089, -0.5700000000000006173 ) ) ;
#711 = VERTEX_POINT ( 'NONE', #4902 ) ;
#712 = CARTESIAN_POINT ( 'NONE',  ( 2.500000000000002220, 2.500000000000002220, 0.0000000000000000000 ) ) ;
#713 = ORIENTED_EDGE ( 'NONE', *, *, #1377, .F. ) ;
#714 = ADVANCED_FACE ( 'NONE', ( #3696 ), #652, .F. ) ;
#715 = ORIENTED_EDGE ( 'NONE', *, *, #1528, .T. ) ;
#716 = CARTESIAN_POINT ( 'NONE',  ( -2.430009069179262848, 1.680009069179262848, 0.4000000000000000222 ) ) ;
#717 = MECHANICAL_DESIGN_GEOMETRIC_PRESENTATION_REPRESENTATION (  '', ( #5378 ), #357 ) ;
#718 =( NAMED_UNIT ( * ) PLANE_ANGLE_UNIT ( ) SI_UNIT ( $, .RADIAN. ) );
#719 = FILL_AREA_STYLE_COLOUR ( '', #4247 ) ;
#720 = DIRECTION ( 'NONE',  ( 0.0000000000000000000, -1.000000000000000000, 0.0000000000000000000 ) ) ;
#721 =( NAMED_UNIT ( * ) PLANE_ANGLE_UNIT ( ) SI_UNIT ( $, .RADIAN. ) );
#722 = LINE ( 'NONE', #152, #3447 ) ;
#723 =( LENGTH_UNIT ( ) NAMED_UNIT ( * ) SI_UNIT ( .MILLI., .METRE. ) );
#724 = EDGE_LOOP ( 'NONE', ( #4499, #3412, #4143, #4535 ) ) ;
#725 = COLOUR_RGB ( '',0.8313725490196077761, 0.8392156862745098200, 0.8313725490196077761 ) ;
#726 = STYLED_ITEM ( 'NONE', ( #3683 ), #3684 ) ;
#727 = PRESENTATION_LAYER_ASSIGNMENT (  '', '', ( #4609 ) ) ;
#728 = CARTESIAN_POINT ( 'NONE',  ( -1.600000000000000311, -2.199999999999999734, -0.6999999999999999556 ) ) ;
#729 = ADVANCED_FACE ( 'NONE', ( #4347 ), #3837, .F. ) ;
#730 = FACE_OUTER_BOUND ( 'NONE', #4731, .T. ) ;
#731 = SURFACE_SIDE_STYLE ('',( #1710 ) ) ;
#732 = AXIS2_PLACEMENT_3D ( 'NONE', #6592, #5579, #2995 ) ;
#733 = ORIENTED_EDGE ( 'NONE', *, *, #2001, .F. ) ;
#734 = PLANE ( 'NONE',  #5298 ) ;
#735 = FACE_OUTER_BOUND ( 'NONE', #1782, .T. ) ;
#736 = ORIENTED_EDGE ( 'NONE', *, *, #2107, .F. ) ;
#737 = DIRECTION ( 'NONE',  ( -1.971276677246371519E-16, -1.000000000000000000, -0.0000000000000000000 ) ) ;
#738 = CARTESIAN_POINT ( 'NONE',  ( 0.2838201673205150710, -0.4871897488101240015, 0.3500000000000000333 ) ) ;
#739 = EDGE_LOOP ( 'NONE', ( #5984, #316, #6501, #89 ) ) ;
#740 = EDGE_CURVE ( 'NONE', #2567, #5174, #1230, .T. ) ;
#741 =( LENGTH_UNIT ( ) NAMED_UNIT ( * ) SI_UNIT ( .MILLI., .METRE. ) );
#742 = FILL_AREA_STYLE ('',( #209 ) ) ;
#743 = AXIS2_PLACEMENT_3D ( 'NONE', #3633, #6250, #3708 ) ;
#744 = UNCERTAINTY_MEASURE_WITH_UNIT (LENGTH_MEASURE( 1.000000000000000082E-05 ), #4448, 'distance_accuracy_value', 'NONE');
#745 = ORIENTED_EDGE ( 'NONE', *, *, #1921, .F. ) ;
#746 = AXIS2_PLACEMENT_3D ( 'NONE', #4071, #3590, #6366 ) ;
#747 = CARTESIAN_POINT ( 'NONE',  ( 0.0000000000000000000, 2.100000000000000089, -0.5699999999999999512 ) ) ;
#748 = EDGE_CURVE ( 'NONE', #5455, #1239, #156, .T. ) ;
#749 = FILL_AREA_STYLE ('',( #6517 ) ) ;
#750 = DIRECTION ( 'NONE',  ( 1.000000000000000000, 0.0000000000000000000, -0.0000000000000000000 ) ) ;
#751 = PLANE ( 'NONE',  #4973 ) ;
#752 = DIRECTION ( 'NONE',  ( 0.0000000000000000000, 0.0000000000000000000, 1.000000000000000000 ) ) ;
#753 = MECHANICAL_DESIGN_GEOMETRIC_PRESENTATION_REPRESENTATION (  '', ( #4202 ), #1984 ) ;
#754 = EDGE_LOOP ( 'NONE', ( #2052, #1679, #6212, #5900 ) ) ;
#755 = PRESENTATION_LAYER_ASSIGNMENT (  '', '', ( #6525 ) ) ;
#756 = DIRECTION ( 'NONE',  ( -1.000000000000000000, 9.105833465946933014E-17, 0.0000000000000000000 ) ) ;
#757 = AXIS2_PLACEMENT_3D ( 'NONE', #1021, #6805, #3127 ) ;
#758 = DIRECTION ( 'NONE',  ( -1.971276677246371272E-16, -1.000000000000000000, 0.0000000000000000000 ) ) ;
#759 = VECTOR ( 'NONE', #5113, 1000.000000000000000 ) ;
#760 = ORIENTED_EDGE ( 'NONE', *, *, #4352, .F. ) ;
#761 = LINE ( 'NONE', #4489, #3201 ) ;
#762 = UNCERTAINTY_MEASURE_WITH_UNIT (LENGTH_MEASURE( 1.000000000000000082E-05 ), #4271, 'distance_accuracy_value', 'NONE');
#763 = COLOUR_RGB ( '',1.000000000000000000, 1.000000000000000000, 1.000000000000000000 ) ;
#764 = VECTOR ( 'NONE', #6558, 1000.000000000000000 ) ;
#765 = PRESENTATION_LAYER_ASSIGNMENT (  '', '', ( #1113 ) ) ;
#766 = ORIENTED_EDGE ( 'NONE', *, *, #1506, .T. ) ;
#767 =( NAMED_UNIT ( * ) PLANE_ANGLE_UNIT ( ) SI_UNIT ( $, .RADIAN. ) );
#768 =( NAMED_UNIT ( * ) SI_UNIT ( $, .STERADIAN. ) SOLID_ANGLE_UNIT ( ) );
#769 = FACE_OUTER_BOUND ( 'NONE', #519, .T. ) ;
#770 = ORIENTED_EDGE ( 'NONE', *, *, #781, .F. ) ;
#771 = FILL_AREA_STYLE ('',( #5023 ) ) ;
#772 = ADVANCED_FACE ( 'NONE', ( #6561 ), #687, .F. ) ;
#773 = EDGE_CURVE ( 'NONE', #3415, #3212, #4514, .T. ) ;
#774 = ORIENTED_EDGE ( 'NONE', *, *, #3204, .F. ) ;
#775 = CARTESIAN_POINT ( 'NONE',  ( -0.9960286258184727348, -0.2870056143358112877, 0.3000000000000000444 ) ) ;
#776 = LINE ( 'NONE', #631, #3596 ) ;
#777 = DIRECTION ( 'NONE',  ( -1.000000000000000000, 0.0000000000000000000, -0.0000000000000000000 ) ) ;
#778 = ORIENTED_EDGE ( 'NONE', *, *, #2337, .T. ) ;
#779 = ORIENTED_EDGE ( 'NONE', *, *, #1360, .F. ) ;
#780 = MECHANICAL_DESIGN_GEOMETRIC_PRESENTATION_REPRESENTATION (  '', ( #3682 ), #6654 ) ;
#781 = EDGE_CURVE ( 'NONE', #2199, #3456, #5581, .T. ) ;
#782 = DIRECTION ( 'NONE',  ( -1.000000000000000000, 0.0000000000000000000, 0.0000000000000000000 ) ) ;
#783 = CARTESIAN_POINT ( 'NONE',  ( -0.5500000000000001554, 2.254834989607331863, -0.5699999999999999512 ) ) ;
#784 = PRESENTATION_STYLE_ASSIGNMENT (( #6129 ) ) ;
#785 = VECTOR ( 'NONE', #5009, 1000.000000000000000 ) ;
#786 = CARTESIAN_POINT ( 'NONE',  ( 0.4838201673205150821, 0.9163225641662154919, 0.4500000000000000666 ) ) ;
#787 = DIRECTION ( 'NONE',  ( 0.0000000000000000000, -0.0000000000000000000, 1.000000000000000000 ) ) ;
#788 = FACE_OUTER_BOUND ( 'NONE', #633, .T. ) ;
#789 =( NAMED_UNIT ( * ) SI_UNIT ( $, .STERADIAN. ) SOLID_ANGLE_UNIT ( ) );
#790 = EDGE_CURVE ( 'NONE', #3259, #6336, #2320, .T. ) ;
#791 = CARTESIAN_POINT ( 'NONE',  ( -2.500000000000003109, -3.299999999999998490, -7.608436298143901117E-15 ) ) ;
#792 = CARTESIAN_POINT ( 'NONE',  ( -0.5500000000000002665, -2.240667692902679420, -0.5699999999999999512 ) ) ;
#793 = ORIENTED_EDGE ( 'NONE', *, *, #1464, .F. ) ;
#794 =( LENGTH_UNIT ( ) NAMED_UNIT ( * ) SI_UNIT ( .MILLI., .METRE. ) );
#795 = DIRECTION ( 'NONE',  ( 0.0000000000000000000, -1.000000000000000000, 0.0000000000000000000 ) ) ;
#796 = ORIENTED_EDGE ( 'NONE', *, *, #5736, .T. ) ;
#797 = AXIS2_PLACEMENT_3D ( 'NONE', #4069, #2974, #6687 ) ;
#798 = CARTESIAN_POINT ( 'NONE',  ( 0.0000000000000000000, -2.099999999999999645, -0.5699999999999999512 ) ) ;
#799 = ORIENTED_EDGE ( 'NONE', *, *, #4548, .T. ) ;
#800 = DIRECTION ( 'NONE',  ( 0.0000000000000000000, 0.0000000000000000000, 1.000000000000000000 ) ) ;
#801 = CARTESIAN_POINT ( 'NONE',  ( 1.700000000000000400, 1.200000000000000622, -0.5699999999999999512 ) ) ;
#802 = ORIENTED_EDGE ( 'NONE', *, *, #54, .T. ) ;
#803 = AXIS2_PLACEMENT_3D ( 'NONE', #1032, #596, #3722 ) ;
#804 = COLOUR_RGB ( '',1.000000000000000000, 1.000000000000000000, 1.000000000000000000 ) ;
#805 = STYLED_ITEM ( 'NONE', ( #1056 ), #2383 ) ;
#806 = ORIENTED_EDGE ( 'NONE', *, *, #35, .T. ) ;
#807 = EDGE_CURVE ( 'NONE', #2752, #2566, #2350, .T. ) ;
#808 = DIRECTION ( 'NONE',  ( 0.0000000000000000000, 1.000000000000000000, 0.0000000000000000000 ) ) ;
#809 = ORIENTED_EDGE ( 'NONE', *, *, #3674, .F. ) ;
#810 = UNCERTAINTY_MEASURE_WITH_UNIT (LENGTH_MEASURE( 1.000000000000000082E-05 ), #1761, 'distance_accuracy_value', 'NONE');
#811 = VERTEX_POINT ( 'NONE', #1835 ) ;
#812 = CARTESIAN_POINT ( 'NONE',  ( -1.146028625818473756, -0.1370056143358102385, 0.3000000000000000444 ) ) ;
#813 = SURFACE_STYLE_USAGE ( .BOTH. , #5102 ) ;
#814 =( LENGTH_UNIT ( ) NAMED_UNIT ( * ) SI_UNIT ( .MILLI., .METRE. ) );
#815 = CIRCLE ( 'NONE', #3387, 0.1500000000000000222 ) ;
#816 = CARTESIAN_POINT ( 'NONE',  ( -0.9960286258184738450, -0.1370056143358112655, 0.3500000000000000333 ) ) ;
#817 = EDGE_CURVE ( 'NONE', #1602, #2713, #1331, .T. ) ;
#818 = PRESENTATION_STYLE_ASSIGNMENT (( #1927 ) ) ;
#819 = FILL_AREA_STYLE_COLOUR ( '', #2943 ) ;
#820 = PRESENTATION_LAYER_ASSIGNMENT (  '', '', ( #3838 ) ) ;
#821 = VECTOR ( 'NONE', #6500, 1000.000000000000000 ) ;
#822 = DIRECTION ( 'NONE',  ( -1.000000000000000000, 1.971276677246371272E-16, 0.0000000000000000000 ) ) ;
#823 = PRESENTATION_LAYER_ASSIGNMENT (  '', '', ( #6052 ) ) ;
#824 = CARTESIAN_POINT ( 'NONE',  ( 0.4838201673205150821, -0.2871897488101240459, 0.4500000000000000666 ) ) ;
#825 = FILL_AREA_STYLE ('',( #1973 ) ) ;
#826 = CARTESIAN_POINT ( 'NONE',  ( 1.600000000000000533, 2.200000000000000178, -0.6999999999999999556 ) ) ;
#827 = ORIENTED_EDGE ( 'NONE', *, *, #4371, .F. ) ;
#828 = VECTOR ( 'NONE', #488, 1000.000000000000114 ) ;
#829 = DIRECTION ( 'NONE',  ( -0.08682659386424762538, -0.08682659386424762538, -0.9924325091389669673 ) ) ;
#830 = DIRECTION ( 'NONE',  ( -0.0000000000000000000, -1.000000000000000000, -0.0000000000000000000 ) ) ;
#832 = ADVANCED_FACE ( 'NONE', ( #3650 ), #1391, .F. ) ;
#831 = CARTESIAN_POINT ( 'NONE',  ( 1.700000000000000400, 1.200000000000000622, -0.7699999999999999067 ) ) ;
#833 = FILL_AREA_STYLE ('',( #5019 ) ) ;
#834 = EDGE_LOOP ( 'NONE', ( #5853, #6194, #3077, #2066 ) ) ;
#835 = PRESENTATION_STYLE_ASSIGNMENT (( #1912 ) ) ;
#836 = VERTEX_POINT ( 'NONE', #6232 ) ;
#837 = AXIS2_PLACEMENT_3D ( 'NONE', #5720, #4760, #2693 ) ;
#838 = FILL_AREA_STYLE ('',( #4662 ) ) ;
#839 =( GEOMETRIC_REPRESENTATION_CONTEXT ( 3 ) GLOBAL_UNCERTAINTY_ASSIGNED_CONTEXT ( ( #1318 ) ) GLOBAL_UNIT_ASSIGNED_CONTEXT ( ( #14, #4246, #6332 ) ) REPRESENTATION_CONTEXT ( 'NONE', 'WORKASPACE' ) );
#840 = EDGE_LOOP ( 'NONE', ( #3105, #6669, #129, #4861 ) ) ;
#841 = LINE ( 'NONE', #2464, #2699 ) ;
#842 = VERTEX_POINT ( 'NONE', #5077 ) ;
#843 = CARTESIAN_POINT ( 'NONE',  ( -0.5500000000000002665, -2.240667692902679420, -0.5699999999999999512 ) ) ;
#844 = ORIENTED_EDGE ( 'NONE', *, *, #4685, .F. ) ;
#845 = ADVANCED_FACE ( 'NONE', ( #3513 ), #4095, .F. ) ;
#846 = LINE ( 'NONE', #310, #1028 ) ;
#847 = LINE ( 'NONE', #5605, #2896 ) ;
#848 = CARTESIAN_POINT ( 'NONE',  ( -1.919276727925023351, -2.056952929731181712, 0.3000000000000000444 ) ) ;
#849 = MECHANICAL_DESIGN_GEOMETRIC_PRESENTATION_REPRESENTATION (  '', ( #3754 ), #1513 ) ;
#850 =( NAMED_UNIT ( * ) PLANE_ANGLE_UNIT ( ) SI_UNIT ( $, .RADIAN. ) );
#851 = FACE_OUTER_BOUND ( 'NONE', #4782, .T. ) ;
#852 = EDGE_CURVE ( 'NONE', #3013, #2791, #2032, .T. ) ;
#853 = EDGE_CURVE ( 'NONE', #4466, #2752, #5681, .T. ) ;
#854 = DIRECTION ( 'NONE',  ( -1.000000000000000000, 0.0000000000000000000, 0.0000000000000000000 ) ) ;
#855 = DIRECTION ( 'NONE',  ( -7.228014483236695175E-15, 0.0000000000000000000, 1.000000000000000000 ) ) ;
#856 = STYLED_ITEM ( 'NONE', ( #3391 ), #4834 ) ;
#857 = LINE ( 'NONE', #351, #1536 ) ;
#858 = FILL_AREA_STYLE_COLOUR ( '', #725 ) ;
#859 = ORIENTED_EDGE ( 'NONE', *, *, #1094, .F. ) ;
#860 = CARTESIAN_POINT ( 'NONE',  ( 2.463314554501873310, 0.0000000000000000000, -0.6999999999999999556 ) ) ;
#861 = ORIENTED_EDGE ( 'NONE', *, *, #6354, .F. ) ;
#862 = AXIS2_PLACEMENT_3D ( 'NONE', #6335, #1592, #5834 ) ;
#863 = EDGE_CURVE ( 'NONE', #5778, #6609, #1515, .T. ) ;
#864 = VECTOR ( 'NONE', #6021, 1000.000000000000000 ) ;
#865 = DIRECTION ( 'NONE',  ( 9.105833465946933014E-17, 1.000000000000000000, -0.0000000000000000000 ) ) ;
#866 = DIRECTION ( 'NONE',  ( 1.000000000000000000, 0.0000000000000000000, -0.0000000000000000000 ) ) ;
#867 = DIRECTION ( 'NONE',  ( 0.0000000000000000000, 0.0000000000000000000, 1.000000000000000000 ) ) ;
#868 = CARTESIAN_POINT ( 'NONE',  ( 1.700000000000000622, 2.100000000000000089, -0.7699999999999999067 ) ) ;
#869 = ORIENTED_EDGE ( 'NONE', *, *, #1074, .F. ) ;
#870 = CARTESIAN_POINT ( 'NONE',  ( -2.500000000000003109, 1.204669080539450774E-15, -7.608436298143901117E-15 ) ) ;
#871 = AXIS2_PLACEMENT_3D ( 'NONE', #420, #3642, #2101 ) ;
#872 = SURFACE_SIDE_STYLE ('',( #6664 ) ) ;
#873 = VERTEX_POINT ( 'NONE', #5172 ) ;
#874 = MECHANICAL_DESIGN_GEOMETRIC_PRESENTATION_REPRESENTATION (  '', ( #6844 ), #414 ) ;
#875 = EDGE_CURVE ( 'NONE', #4404, #255, #4677, .T. ) ;
#876 = VECTOR ( 'NONE', #6005, 1000.000000000000000 ) ;
#877 = ORIENTED_EDGE ( 'NONE', *, *, #3852, .T. ) ;
#878 = DIRECTION ( 'NONE',  ( 2.710505431213761578E-16, -1.000000000000000000, 0.0000000000000000000 ) ) ;
#879 = VECTOR ( 'NONE', #6786, 1000.000000000000000 ) ;
#880 = FACE_OUTER_BOUND ( 'NONE', #4613, .T. ) ;
#881 = ORIENTED_EDGE ( 'NONE', *, *, #5620, .T. ) ;
#882 = AXIS2_PLACEMENT_3D ( 'NONE', #1510, #620, #6386 ) ;
#883 = VERTEX_POINT ( 'NONE', #3177 ) ;
#884 = DIRECTION ( 'NONE',  ( 1.000000000000000000, 0.0000000000000000000, 0.0000000000000000000 ) ) ;
#885 =( NAMED_UNIT ( * ) SI_UNIT ( $, .STERADIAN. ) SOLID_ANGLE_UNIT ( ) );
#886 = LINE ( 'NONE', #6747, #302 ) ;
#887 =( NAMED_UNIT ( * ) PLANE_ANGLE_UNIT ( ) SI_UNIT ( $, .RADIAN. ) );
#888 = AXIS2_PLACEMENT_3D ( 'NONE', #5211, #5248, #866 ) ;
#889 = DIRECTION ( 'NONE',  ( -8.998760675425412313E-17, 1.000000000000000000, -0.0000000000000000000 ) ) ;
#890 = VERTEX_POINT ( 'NONE', #4200 ) ;
#891 = ADVANCED_FACE ( 'NONE', ( #2651 ), #4306, .F. ) ;
#892 = EDGE_CURVE ( 'NONE', #1407, #3673, #2578, .T. ) ;
#893 = DIRECTION ( 'NONE',  ( -0.0000000000000000000, -0.0000000000000000000, -1.000000000000000000 ) ) ;
#894 = EDGE_LOOP ( 'NONE', ( #1547, #513, #6810, #661 ) ) ;
#895 = UNCERTAINTY_MEASURE_WITH_UNIT (LENGTH_MEASURE( 1.000000000000000082E-05 ), #2013, 'distance_accuracy_value', 'NONE');
#896 = DIRECTION ( 'NONE',  ( 0.0000000000000000000, 0.0000000000000000000, 1.000000000000000000 ) ) ;
#897 = DIRECTION ( 'NONE',  ( 0.0000000000000000000, 1.000000000000000000, 0.0000000000000000000 ) ) ;
#898 = AXIS2_PLACEMENT_3D ( 'NONE', #2545, #4059, #348 ) ;
#899 = SURFACE_STYLE_FILL_AREA ( #4585 ) ;
#900 = FILL_AREA_STYLE ('',( #3623 ) ) ;
#901 = DIRECTION ( 'NONE',  ( -0.05226442768871396305, -0.05226442768871396305, 0.9972646886342373396 ) ) ;
#902 = ORIENTED_EDGE ( 'NONE', *, *, #248, .T. ) ;
#903 =( NAMED_UNIT ( * ) PLANE_ANGLE_UNIT ( ) SI_UNIT ( $, .RADIAN. ) );
#904 = EDGE_CURVE ( 'NONE', #2752, #447, #5779, .T. ) ;
#905 =( NAMED_UNIT ( * ) PLANE_ANGLE_UNIT ( ) SI_UNIT ( $, .RADIAN. ) );
#906 = PLANE ( 'NONE',  #3966 ) ;
#907 = AXIS2_PLACEMENT_3D ( 'NONE', #2149, #1155, #472 ) ;
#908 = PRESENTATION_LAYER_ASSIGNMENT (  '', '', ( #1690 ) ) ;
#909 = ORIENTED_EDGE ( 'NONE', *, *, #6769, .F. ) ;
#910 = VECTOR ( 'NONE', #676, 1000.000000000000000 ) ;
#911 = VECTOR ( 'NONE', #2539, 1000.000000000000000 ) ;
#912 = ADVANCED_FACE ( 'NONE', ( #6298 ), #2176, .T. ) ;
#913 = FILL_AREA_STYLE_COLOUR ( '', #24 ) ;
#914 = EDGE_LOOP ( 'NONE', ( #1823, #4581, #5844, #3117 ) ) ;
#915 = DIRECTION ( 'NONE',  ( 0.0000000000000000000, -1.000000000000000000, 0.0000000000000000000 ) ) ;
#916 = ORIENTED_EDGE ( 'NONE', *, *, #3954, .T. ) ;
#917 = CARTESIAN_POINT ( 'NONE',  ( -2.400000000000001243, -1.199999999999999734, -0.4699999999999998068 ) ) ;
#918 = DIRECTION ( 'NONE',  ( -0.0000000000000000000, 0.0000000000000000000, -1.000000000000000000 ) ) ;
#919 = SURFACE_STYLE_FILL_AREA ( #340 ) ;
#920 = SURFACE_STYLE_USAGE ( .BOTH. , #5707 ) ;
#921 = CARTESIAN_POINT ( 'NONE',  ( -1.919276727925023351, -0.8787392438591723476, 0.3000000000000000444 ) ) ;
#922 = ORIENTED_EDGE ( 'NONE', *, *, #1573, .T. ) ;
#923 = DIRECTION ( 'NONE',  ( 0.0000000000000000000, 1.000000000000000000, 0.0000000000000000000 ) ) ;
#924 = EDGE_CURVE ( 'NONE', #6643, #2747, #4785, .T. ) ;
#925 = CARTESIAN_POINT ( 'NONE',  ( -1.700000000000000622, -1.199999999999999734, -0.7699999999999999067 ) ) ;
#926 = FILL_AREA_STYLE_COLOUR ( '', #5209 ) ;
#927 = MECHANICAL_DESIGN_GEOMETRIC_PRESENTATION_REPRESENTATION (  '', ( #805 ), #5365 ) ;
#928 = CARTESIAN_POINT ( 'NONE',  ( -2.400000000000001243, 2.100000000000000089, -0.4699999999999998068 ) ) ;
#929 = DIRECTION ( 'NONE',  ( 0.0000000000000000000, -1.000000000000000000, 0.0000000000000000000 ) ) ;
#930 = MECHANICAL_DESIGN_GEOMETRIC_PRESENTATION_REPRESENTATION (  '', ( #4933 ), #1166 ) ;
#931 = CARTESIAN_POINT ( 'NONE',  ( 2.500000000000001332, -2.099999999999999645, -0.4700000000000001399 ) ) ;
#932 = DIRECTION ( 'NONE',  ( 8.673617379884033894E-15, 0.0000000000000000000, 1.000000000000000000 ) ) ;
#933 = ORIENTED_EDGE ( 'NONE', *, *, #4266, .T. ) ;
#934 = CARTESIAN_POINT ( 'NONE',  ( 0.2838201673205150710, 0.2046747618464905827, 0.4500000000000000666 ) ) ;
#935 = ORIENTED_EDGE ( 'NONE', *, *, #5552, .T. ) ;
#936 = CARTESIAN_POINT ( 'NONE',  ( -2.500000000000000444, 2.100000000000000089, -0.5699999999999999512 ) ) ;
#937 = ADVANCED_FACE ( 'NONE', ( #3255, #2211, #4339 ), #6440, .T. ) ;
#938 = STYLED_ITEM ( 'NONE', ( #4871 ), #3417 ) ;
#939 = FACE_OUTER_BOUND ( 'NONE', #1518, .T. ) ;
#940 = DIRECTION ( 'NONE',  ( -1.000000000000000000, 0.0000000000000000000, 0.0000000000000000000 ) ) ;
#941 = ORIENTED_EDGE ( 'NONE', *, *, #628, .F. ) ;
#942 = SURFACE_STYLE_USAGE ( .BOTH. , #2517 ) ;
#943 = CARTESIAN_POINT ( 'NONE',  ( -2.400000000000001243, -1.199999999999999734, -0.4699999999999998068 ) ) ;
#944 = EDGE_LOOP ( 'NONE', ( #540, #796, #550, #5361 ) ) ;
#945 = AXIS2_PLACEMENT_3D ( 'NONE', #3340, #5935, #2725 ) ;
#946 = ADVANCED_FACE ( 'NONE', ( #2757 ), #5408, .F. ) ;
#947 = ORIENTED_EDGE ( 'NONE', *, *, #1307, .F. ) ;
#948 =( NAMED_UNIT ( * ) PLANE_ANGLE_UNIT ( ) SI_UNIT ( $, .RADIAN. ) );
#949 = AXIS2_PLACEMENT_3D ( 'NONE', #4076, #2491, #6640 ) ;
#950 = DIRECTION ( 'NONE',  ( -1.000000000000000000, -2.409338161078899674E-16, 0.0000000000000000000 ) ) ;
#951 = ORIENTED_EDGE ( 'NONE', *, *, #2303, .F. ) ;
#952 =( NAMED_UNIT ( * ) SI_UNIT ( $, .STERADIAN. ) SOLID_ANGLE_UNIT ( ) );
#953 = UNCERTAINTY_MEASURE_WITH_UNIT (LENGTH_MEASURE( 1.000000000000000082E-05 ), #6823, 'distance_accuracy_value', 'NONE');
#954 = EDGE_LOOP ( 'NONE', ( #2157, #2790, #1018, #5094 ) ) ;
#955 = DIRECTION ( 'NONE',  ( 0.0000000000000000000, 0.0000000000000000000, -1.000000000000000000 ) ) ;
#956 = AXIS2_PLACEMENT_3D ( 'NONE', #2665, #4184, #5839 ) ;
#957 = ADVANCED_FACE ( 'NONE', ( #3336 ), #216, .F. ) ;
#958 = CYLINDRICAL_SURFACE ( 'NONE', #341, 0.1000000000000002554 ) ;
#959 =( NAMED_UNIT ( * ) SI_UNIT ( $, .STERADIAN. ) SOLID_ANGLE_UNIT ( ) );
#960 = FILL_AREA_STYLE_COLOUR ( '', #2117 ) ;
#961 = CARTESIAN_POINT ( 'NONE',  ( -0.5500000000000001554, 2.254834989607331863, -0.5699999999999999512 ) ) ;
#962 = ORIENTED_EDGE ( 'NONE', *, *, #3465, .T. ) ;
#963 = LINE ( 'NONE', #4573, #3928 ) ;
#964 = CIRCLE ( 'NONE', #1623, 0.1499999999999999667 ) ;
#965 = DIRECTION ( 'NONE',  ( -0.0000000000000000000, -0.0000000000000000000, -1.000000000000000000 ) ) ;
#966 = UNCERTAINTY_MEASURE_WITH_UNIT (LENGTH_MEASURE( 1.000000000000000082E-05 ), #1721, 'distance_accuracy_value', 'NONE');
#967 = DIRECTION ( 'NONE',  ( -1.971276677246371519E-16, -1.000000000000000000, 0.0000000000000000000 ) ) ;
#968 = ADVANCED_FACE ( 'NONE', ( #5512 ), #1728, .F. ) ;
#969 = EDGE_LOOP ( 'NONE', ( #1724, #4387, #138, #3548 ) ) ;
#970 = FILL_AREA_STYLE_COLOUR ( '', #5983 ) ;
#971 = ORIENTED_EDGE ( 'NONE', *, *, #382, .F. ) ;
#972 = CARTESIAN_POINT ( 'NONE',  ( 0.5500000000000000444, -1.049999999999999822, -0.5699999999999999512 ) ) ;
#973 = SURFACE_SIDE_STYLE ('',( #2111 ) ) ;
#974 = PRESENTATION_STYLE_ASSIGNMENT (( #3621 ) ) ;
#975 =( LENGTH_UNIT ( ) NAMED_UNIT ( * ) SI_UNIT ( .MILLI., .METRE. ) );
#976 = AXIS2_PLACEMENT_3D ( 'NONE', #2830, #4860, #78 ) ;
#977 = ORIENTED_EDGE ( 'NONE', *, *, #986, .T. ) ;
#978 = ORIENTED_EDGE ( 'NONE', *, *, #2962, .F. ) ;
#979 = UNCERTAINTY_MEASURE_WITH_UNIT (LENGTH_MEASURE( 1.000000000000000082E-05 ), #231, 'distance_accuracy_value', 'NONE');
#980 = ORIENTED_EDGE ( 'NONE', *, *, #2363, .T. ) ;
#981 = ORIENTED_EDGE ( 'NONE', *, *, #6122, .T. ) ;
#982 = STYLED_ITEM ( 'NONE', ( #1781 ), #6281 ) ;
#983 =( NAMED_UNIT ( * ) SI_UNIT ( $, .STERADIAN. ) SOLID_ANGLE_UNIT ( ) );
#984 = COLOUR_RGB ( '',1.000000000000000000, 1.000000000000000000, 1.000000000000000000 ) ;
#985 = DIRECTION ( 'NONE',  ( -1.000000000000000000, 0.0000000000000000000, 0.0000000000000000000 ) ) ;
#986 = EDGE_CURVE ( 'NONE', #4884, #6121, #4570, .T. ) ;
#987 = CARTESIAN_POINT ( 'NONE',  ( 2.500000000000002220, 2.430009069179262848, 0.8000000000000000444 ) ) ;
#988 = EDGE_CURVE ( 'NONE', #5550, #6590, #847, .T. ) ;
#989 = VERTEX_POINT ( 'NONE', #6127 ) ;
#990 = CARTESIAN_POINT ( 'NONE',  ( 2.700000000000001954, 1.200000000000000400, -0.3000000000000003220 ) ) ;
#991 =( GEOMETRIC_REPRESENTATION_CONTEXT ( 3 ) GLOBAL_UNCERTAINTY_ASSIGNED_CONTEXT ( ( #6126 ) ) GLOBAL_UNIT_ASSIGNED_CONTEXT ( ( #1002, #5236, #6404 ) ) REPRESENTATION_CONTEXT ( 'NONE', 'WORKASPACE' ) );
#992 = CARTESIAN_POINT ( 'NONE',  ( -2.500000000000001332, 1.200000000000000622, -0.4700000000000001399 ) ) ;
#993 = LINE ( 'NONE', #5228, #6617 ) ;
#994 = CARTESIAN_POINT ( 'NONE',  ( 1.412305442492822971, -0.6860159872360371835, 0.3500000000000000333 ) ) ;
#995 = ORIENTED_EDGE ( 'NONE', *, *, #5863, .F. ) ;
#996 = MECHANICAL_DESIGN_GEOMETRIC_PRESENTATION_REPRESENTATION (  '', ( #4004 ), #199 ) ;
#997 = CARTESIAN_POINT ( 'NONE',  ( 0.2838201673205150710, 0.2046747618464905827, 0.3500000000000000333 ) ) ;
#998 = SURFACE_STYLE_USAGE ( .BOTH. , #5743 ) ;
#999 = CARTESIAN_POINT ( 'NONE',  ( 2.500000000000002220, -2.500000000000002220, 0.0000000000000000000 ) ) ;
#1000 = ADVANCED_FACE ( 'NONE', ( #5671 ), #4635, .T. ) ;
#1001 = EDGE_LOOP ( 'NONE', ( #1892, #6234, #1605, #2489 ) ) ;
#1002 =( LENGTH_UNIT ( ) NAMED_UNIT ( * ) SI_UNIT ( .MILLI., .METRE. ) );
#1003 = EDGE_LOOP ( 'NONE', ( #774, #3285, #4282, #3711 ) ) ;
#1004 = EDGE_CURVE ( 'NONE', #5377, #1979, #4122, .T. ) ;
#1005 = EDGE_LOOP ( 'NONE', ( #4624, #3437, #2626, #4562, #2169, #3561 ) ) ;
#1006 = CARTESIAN_POINT ( 'NONE',  ( -2.700000000000001510, 1.200000000000000622, -0.4700000000000008060 ) ) ;
#1007 = VECTOR ( 'NONE', #2914, 1000.000000000000114 ) ;
#1008 = SURFACE_SIDE_STYLE ('',( #5723 ) ) ;
#1009 = DIRECTION ( 'NONE',  ( -0.0000000000000000000, -0.0000000000000000000, -1.000000000000000000 ) ) ;
#1010 = EDGE_LOOP ( 'NONE', ( #2818, #350, #1169, #1375 ) ) ;
#1012 = VECTOR ( 'NONE', #191, 1000.000000000000000 ) ;
#1011 = LINE ( 'NONE', #5252, #5855 ) ;
#1013 = PRESENTATION_STYLE_ASSIGNMENT (( #3195 ) ) ;
#1014 = DIRECTION ( 'NONE',  ( 1.000000000000000000, 0.0000000000000000000, -0.0000000000000000000 ) ) ;
#1015 = VECTOR ( 'NONE', #3029, 1000.000000000000000 ) ;
#1016 = ORIENTED_EDGE ( 'NONE', *, *, #5578, .F. ) ;
#1017 = CARTESIAN_POINT ( 'NONE',  ( 2.499117102666011725, -1.199999999999999734, -0.01684668471109857651 ) ) ;
#1018 = ORIENTED_EDGE ( 'NONE', *, *, #5460, .F. ) ;
#1020 = MECHANICAL_DESIGN_GEOMETRIC_PRESENTATION_REPRESENTATION (  '', ( #5358 ), #3934 ) ;
#1019 = DIRECTION ( 'NONE',  ( 0.0000000000000000000, 0.0000000000000000000, 1.000000000000000000 ) ) ;
#1021 = CARTESIAN_POINT ( 'NONE',  ( -2.700000000000002842, -2.099999999999999645, -6.982962677686266711E-16 ) ) ;
#1022 = CARTESIAN_POINT ( 'NONE',  ( 0.2838201673205150710, 1.116322564166215559, 0.3500000000000000333 ) ) ;
#1023 = ADVANCED_FACE ( 'NONE', ( #278 ), #2991, .T. ) ;
#1024 = EDGE_CURVE ( 'NONE', #5891, #6276, #4777, .T. ) ;
#1025 = ORIENTED_EDGE ( 'NONE', *, *, #5612, .F. ) ;
#1026 = PLANE ( 'NONE',  #4267 ) ;
#1027 = UNCERTAINTY_MEASURE_WITH_UNIT (LENGTH_MEASURE( 1.000000000000000082E-05 ), #4461, 'distance_accuracy_value', 'NONE');
#1028 = VECTOR ( 'NONE', #3605, 1000.000000000000000 ) ;
#1029 = EDGE_LOOP ( 'NONE', ( #2252, #2750, #2391, #4589 ) ) ;
#1030 = CARTESIAN_POINT ( 'NONE',  ( 2.463314554501873754, 2.463314554501873754, -0.6999999999999999556 ) ) ;
#1031 = MECHANICAL_DESIGN_GEOMETRIC_PRESENTATION_REPRESENTATION (  '', ( #1268 ), #4368 ) ;
#1032 = CARTESIAN_POINT ( 'NONE',  ( -1.296028625818473667, 0.6751250982098668807, 0.3500000000000000333 ) ) ;
#1033 = EDGE_CURVE ( 'NONE', #5755, #1688, #5776, .T. ) ;
#1034 = SURFACE_STYLE_USAGE ( .BOTH. , #1692 ) ;
#1035 = PRESENTATION_LAYER_ASSIGNMENT (  '', '', ( #5358 ) ) ;
#1036 = FILL_AREA_STYLE_COLOUR ( '', #560 ) ;
#1037 = DIRECTION ( 'NONE',  ( 0.0000000000000000000, -0.0000000000000000000, -1.000000000000000000 ) ) ;
#1038 = EDGE_LOOP ( 'NONE', ( #2613, #5659, #5831, #2375 ) ) ;
#1039 = COLOUR_RGB ( '',0.8980392156862745390, 0.9215686274509803377, 0.9294117647058823817 ) ;
#1040 = EDGE_CURVE ( 'NONE', #836, #1311, #6320, .T. ) ;
#1041 = DIRECTION ( 'NONE',  ( -0.0000000000000000000, -0.0000000000000000000, -1.000000000000000000 ) ) ;
#1042 =( LENGTH_UNIT ( ) NAMED_UNIT ( * ) SI_UNIT ( .MILLI., .METRE. ) );
#1043 = CARTESIAN_POINT ( 'NONE',  ( -1.700000000000000622, -1.199999999999999734, -0.7699999999999999067 ) ) ;
#1044 = CARTESIAN_POINT ( 'NONE',  ( 2.400000000000001243, -1.199999999999999734, -0.5700000000000000622 ) ) ;
#1045 = PLANE ( 'NONE',  #1062 ) ;
#1046 = COLOUR_RGB ( '',1.000000000000000000, 1.000000000000000000, 1.000000000000000000 ) ;
#1047 = STYLED_ITEM ( 'NONE', ( #835 ), #3098 ) ;
#1048 = DIRECTION ( 'NONE',  ( -2.710505431213759113E-16, 1.000000000000000000, 0.0000000000000000000 ) ) ;
#1049 = EDGE_CURVE ( 'NONE', #4062, #1133, #590, .T. ) ;
#1050 = DIRECTION ( 'NONE',  ( 0.0000000000000000000, 0.0000000000000000000, 1.000000000000000000 ) ) ;
#1051 =( LENGTH_UNIT ( ) NAMED_UNIT ( * ) SI_UNIT ( .MILLI., .METRE. ) );
#1052 = LINE ( 'NONE', #6347, #256 ) ;
#1053 = COLOUR_RGB ( '',0.8313725490196077761, 0.8392156862745098200, 0.8313725490196077761 ) ;
#1054 = DIRECTION ( 'NONE',  ( 1.000000000000000000, 0.0000000000000000000, 0.0000000000000000000 ) ) ;
#1055 = LINE ( 'NONE', #987, #4320 ) ;
#1056 = PRESENTATION_STYLE_ASSIGNMENT (( #452 ) ) ;
#1057 = MECHANICAL_DESIGN_GEOMETRIC_PRESENTATION_REPRESENTATION (  '', ( #6488 ), #4506 ) ;
#1058 = ORIENTED_EDGE ( 'NONE', *, *, #986, .F. ) ;
#1059 = CARTESIAN_POINT ( 'NONE',  ( 1.700000000000000622, -1.199999999999999734, -0.7699999999999999067 ) ) ;
#1060 = LINE ( 'NONE', #520, #2023 ) ;
#1061 = CARTESIAN_POINT ( 'NONE',  ( -1.146028625818473756, -0.1370056143358112655, 0.3500000000000000333 ) ) ;
#1062 = AXIS2_PLACEMENT_3D ( 'NONE', #2631, #1014, #6797 ) ;
#1063 = ORIENTED_EDGE ( 'NONE', *, *, #267, .F. ) ;
#1064 = CARTESIAN_POINT ( 'NONE',  ( -0.9960286258184738450, -0.6832195235787650311, 0.3500000000000000333 ) ) ;
#1065 = PRESENTATION_LAYER_ASSIGNMENT (  '', '', ( #2396 ) ) ;
#1066 = CARTESIAN_POINT ( 'NONE',  ( -2.700000000000002842, 1.200000000000000400, -6.982962677686266711E-16 ) ) ;
#1067 = DIRECTION ( 'NONE',  ( -0.0000000000000000000, -1.000000000000000000, -0.0000000000000000000 ) ) ;
#1068 = SURFACE_STYLE_FILL_AREA ( #5827 ) ;
#1069 = VERTEX_POINT ( 'NONE', #6356 ) ;
#1070 = PRESENTATION_STYLE_ASSIGNMENT (( #5830 ) ) ;
#1071 = PLANE ( 'NONE',  #1184 ) ;
#1072 = ORIENTED_EDGE ( 'NONE', *, *, #3826, .T. ) ;
#1073 = EDGE_CURVE ( 'NONE', #5967, #2449, #1614, .T. ) ;
#1074 = EDGE_CURVE ( 'NONE', #262, #4884, #1101, .T. ) ;
#1075 = CIRCLE ( 'NONE', #5724, 0.5500000000000000444 ) ;
#1076 = LINE ( 'NONE', #6793, #2960 ) ;
#1077 = VECTOR ( 'NONE', #5437, 1000.000000000000000 ) ;
#1078 = ORIENTED_EDGE ( 'NONE', *, *, #4702, .F. ) ;
#1079 = FILL_AREA_STYLE ('',( #692 ) ) ;
#1080 = CARTESIAN_POINT ( 'NONE',  ( -2.471716000805965763, -1.199999999999999734, -0.5396908546970038412 ) ) ;
#1081 = LINE ( 'NONE', #2158, #4953 ) ;
#1082 = EDGE_CURVE ( 'NONE', #2764, #5544, #6393, .T. ) ;
#1083 = VECTOR ( 'NONE', #1067, 1000.000000000000000 ) ;
#1084 = FILL_AREA_STYLE_COLOUR ( '', #5576 ) ;
#1085 = FACE_OUTER_BOUND ( 'NONE', #2909, .T. ) ;
#1086 = FACE_OUTER_BOUND ( 'NONE', #894, .T. ) ;
#1087 = VERTEX_POINT ( 'NONE', #2171 ) ;
#1088 = CARTESIAN_POINT ( 'NONE',  ( 0.2838201673205150710, 1.116322564166215559, 0.4500000000000000666 ) ) ;
#1089 = PRESENTATION_LAYER_ASSIGNMENT (  '', '', ( #4083 ) ) ;
#1090 = CARTESIAN_POINT ( 'NONE',  ( 0.2103187164337326220, 2.110000814877110997, 0.3000000000000000444 ) ) ;
#1091 = ORIENTED_EDGE ( 'NONE', *, *, #4534, .T. ) ;
#1092 =( GEOMETRIC_REPRESENTATION_CONTEXT ( 3 ) GLOBAL_UNCERTAINTY_ASSIGNED_CONTEXT ( ( #3044 ) ) GLOBAL_UNIT_ASSIGNED_CONTEXT ( ( #1051, #3160, #2527 ) ) REPRESENTATION_CONTEXT ( 'NONE', 'WORKASPACE' ) );
#1093 = CARTESIAN_POINT ( 'NONE',  ( 0.3603187164337338100, 0.8251250982098667919, 0.3500000000000000333 ) ) ;
#1094 = EDGE_CURVE ( 'NONE', #4846, #5730, #1654, .T. ) ;
#1095 = CARTESIAN_POINT ( 'NONE',  ( 2.463314554501873310, 0.0000000000000000000, -0.6999999999999999556 ) ) ;
#1096 = CIRCLE ( 'NONE', #1221, 0.3000000000000002665 ) ;
#1097 = VECTOR ( 'NONE', #1839, 1000.000000000000000 ) ;
#1098 = CARTESIAN_POINT ( 'NONE',  ( -2.470127565808668990, 1.200000000000001066, -0.5699999999999999512 ) ) ;
#1099 = EDGE_LOOP ( 'NONE', ( #466, #437, #6506, #4799, #671, #6136 ) ) ;
#1100 = LINE ( 'NONE', #3364, #4077 ) ;
#1101 = LINE ( 'NONE', #3213, #2240 ) ;
#1102 = ORIENTED_EDGE ( 'NONE', *, *, #2666, .T. ) ;
#1103 = LINE ( 'NONE', #2062, #3010 ) ;
#1104 =( NAMED_UNIT ( * ) PLANE_ANGLE_UNIT ( ) SI_UNIT ( $, .RADIAN. ) );
#1105 = AXIS2_PLACEMENT_3D ( 'NONE', #1584, #2656, #6327 ) ;
#1106 =( NAMED_UNIT ( * ) PLANE_ANGLE_UNIT ( ) SI_UNIT ( $, .RADIAN. ) );
#1107 = CIRCLE ( 'NONE', #6183, 0.1499999999999999667 ) ;
#1108 = UNCERTAINTY_MEASURE_WITH_UNIT (LENGTH_MEASURE( 1.000000000000000082E-05 ), #514, 'distance_accuracy_value', 'NONE');
#1109 = ORIENTED_EDGE ( 'NONE', *, *, #2384, .F. ) ;
#1110 = CARTESIAN_POINT ( 'NONE',  ( -1.599999999999999645, 2.200000000000000178, -0.5699999999999999512 ) ) ;
#1111 =( GEOMETRIC_REPRESENTATION_CONTEXT ( 3 ) GLOBAL_UNCERTAINTY_ASSIGNED_CONTEXT ( ( #6082 ) ) GLOBAL_UNIT_ASSIGNED_CONTEXT ( ( #2540, #4716, #1680 ) ) REPRESENTATION_CONTEXT ( 'NONE', 'WORKASPACE' ) );
#1112 = DIRECTION ( 'NONE',  ( 0.0000000000000000000, -0.0000000000000000000, 1.000000000000000000 ) ) ;
#1113 = STYLED_ITEM ( 'NONE', ( #2727 ), #6010 ) ;
#1114 =( LENGTH_UNIT ( ) NAMED_UNIT ( * ) SI_UNIT ( .MILLI., .METRE. ) );
#1115 = DIRECTION ( 'NONE',  ( 0.0000000000000000000, 0.0000000000000000000, 1.000000000000000000 ) ) ;
#1116 = DIRECTION ( 'NONE',  ( 0.0000000000000000000, 0.0000000000000000000, -1.000000000000000000 ) ) ;
#1117 = PRESENTATION_LAYER_ASSIGNMENT (  '', '', ( #4104 ) ) ;
#1118 = ORIENTED_EDGE ( 'NONE', *, *, #2192, .F. ) ;
#1119 = DIRECTION ( 'NONE',  ( 1.000000000000000000, -0.0000000000000000000, -0.0000000000000000000 ) ) ;
#1120 = MANIFOLD_SOLID_BREP ( '???????-????????4[1]', #358 ) ;
#1121 = LINE ( 'NONE', #6371, #4795 ) ;
#1122 = EDGE_LOOP ( 'NONE', ( #4897, #433, #4111 ) ) ;
#1123 = CARTESIAN_POINT ( 'NONE',  ( -2.500000000000002220, -2.199999999999999734, 0.0000000000000000000 ) ) ;
#1124 = EDGE_CURVE ( 'NONE', #1885, #5557, #3873, .T. ) ;
#1125 = EDGE_CURVE ( 'NONE', #3961, #6308, #6285, .T. ) ;
#1126 = DIRECTION ( 'NONE',  ( 0.7071067811865475727, -0.7071067811865475727, 0.0000000000000000000 ) ) ;
#1127 = DIRECTION ( 'NONE',  ( -1.000000000000000000, 0.0000000000000000000, 0.0000000000000000000 ) ) ;
#1128 = DIRECTION ( 'NONE',  ( 0.0000000000000000000, 0.0000000000000000000, 1.000000000000000000 ) ) ;
#1129 = UNCERTAINTY_MEASURE_WITH_UNIT (LENGTH_MEASURE( 1.000000000000000082E-05 ), #2837, 'distance_accuracy_value', 'NONE');
#1130 = COLOUR_RGB ( '',0.8980392156862745390, 0.9215686274509803377, 0.9294117647058823817 ) ;
#1131 = MECHANICAL_DESIGN_GEOMETRIC_PRESENTATION_REPRESENTATION (  '', ( #5014 ), #4015 ) ;
#1132 = DIRECTION ( 'NONE',  ( -4.818676322157797375E-16, 1.000000000000000000, 1.466503673540475756E-30 ) ) ;
#1133 = VERTEX_POINT ( 'NONE', #2739 ) ;
#1134 = FACE_OUTER_BOUND ( 'NONE', #1282, .T. ) ;
#1135 = CARTESIAN_POINT ( 'NONE',  ( 2.499117102666011725, -2.099999999999999645, -0.01684668471109857651 ) ) ;
#1136 = LINE ( 'NONE', #2198, #31 ) ;
#1137 = LINE ( 'NONE', #2302, #3187 ) ;
#1138 = DIRECTION ( 'NONE',  ( 0.0000000000000000000, 0.0000000000000000000, 1.000000000000000000 ) ) ;
#1139 = AXIS2_PLACEMENT_3D ( 'NONE', #384, #2504, #4644 ) ;
#1140 = ORIENTED_EDGE ( 'NONE', *, *, #5569, .F. ) ;
#1141 = EDGE_CURVE ( 'NONE', #3597, #2825, #164, .T. ) ;
#1142 = DIRECTION ( 'NONE',  ( -0.0000000000000000000, -0.0000000000000000000, -1.000000000000000000 ) ) ;
#1143 = SURFACE_SIDE_STYLE ('',( #4299 ) ) ;
#1144 = MANIFOLD_SOLID_BREP ( '???????-????????4[3]', #2821 ) ;
#1145 = ORIENTED_EDGE ( 'NONE', *, *, #307, .F. ) ;
#1146 = VECTOR ( 'NONE', #865, 1000.000000000000000 ) ;
#1147 = MECHANICAL_DESIGN_GEOMETRIC_PRESENTATION_REPRESENTATION (  '', ( #1569 ), #2451 ) ;
#1148 = SURFACE_STYLE_USAGE ( .BOTH. , #2108 ) ;
#1149 = EDGE_CURVE ( 'NONE', #2333, #1702, #1907, .T. ) ;
#1150 = COLOUR_RGB ( '',1.000000000000000000, 1.000000000000000000, 1.000000000000000000 ) ;
#1151 = CARTESIAN_POINT ( 'NONE',  ( -1.700000000000000622, -1.199999999999999734, -0.7699999999999999067 ) ) ;
#1152 =( NAMED_UNIT ( * ) SI_UNIT ( $, .STERADIAN. ) SOLID_ANGLE_UNIT ( ) );
#1153 = ORIENTED_EDGE ( 'NONE', *, *, #6806, .F. ) ;
#1154 = CARTESIAN_POINT ( 'NONE',  ( 2.471716000805965763, 2.100000000000000089, -0.5396908546970038412 ) ) ;
#1155 = DIRECTION ( 'NONE',  ( -1.604850264224746292E-16, 1.000000000000000000, 0.0000000000000000000 ) ) ;
#1156 =( NAMED_UNIT ( * ) PLANE_ANGLE_UNIT ( ) SI_UNIT ( $, .RADIAN. ) );
#1157 = CARTESIAN_POINT ( 'NONE',  ( 2.470127565808668990, 2.500000000000002220, -0.5699999999999999512 ) ) ;
#1158 = DIRECTION ( 'NONE',  ( 0.05233595624294388321, -0.0000000000000000000, -0.9986295347545739443 ) ) ;
#1159 = ORIENTED_EDGE ( 'NONE', *, *, #740, .T. ) ;
#1160 = DIRECTION ( 'NONE',  ( -0.9961946980917455452, 0.0000000000000000000, 0.08715574274765820750 ) ) ;
#1161 = CARTESIAN_POINT ( 'NONE',  ( -1.971607025033961236, 2.110000814877110997, 0.3000000000000000444 ) ) ;
#1162 = ORIENTED_EDGE ( 'NONE', *, *, #1449, .T. ) ;
#1163 = MECHANICAL_DESIGN_GEOMETRIC_PRESENTATION_REPRESENTATION (  '', ( #346 ), #4703 ) ;
#1164 = FACE_OUTER_BOUND ( 'NONE', #3691, .T. ) ;
#1165 = CARTESIAN_POINT ( 'NONE',  ( -1.700000000000000400, -2.099999999999999645, -0.7699999999999999067 ) ) ;
#1166 =( GEOMETRIC_REPRESENTATION_CONTEXT ( 3 ) GLOBAL_UNCERTAINTY_ASSIGNED_CONTEXT ( ( #1511 ) ) GLOBAL_UNIT_ASSIGNED_CONTEXT ( ( #173, #4996, #6581 ) ) REPRESENTATION_CONTEXT ( 'NONE', 'WORKASPACE' ) );
#1167 = CARTESIAN_POINT ( 'NONE',  ( -0.1415856775653445976, 0.4413501301401799304, 0.4500000000000000666 ) ) ;
#1168 = PLANE ( 'NONE',  #3879 ) ;
#1169 = ORIENTED_EDGE ( 'NONE', *, *, #6624, .F. ) ;
#1170 = LINE ( 'NONE', #5920, #4998 ) ;
#1171 = LINE ( 'NONE', #2745, #5198 ) ;
#1172 = VERTEX_POINT ( 'NONE', #5498 ) ;
#1173 = ADVANCED_FACE ( 'NONE', ( #6056 ), #4945, .F. ) ;
#1174 = ADVANCED_FACE ( 'NONE', ( #2329 ), #4465, .F. ) ;
#1175 = ORIENTED_EDGE ( 'NONE', *, *, #790, .F. ) ;
#1176 = LINE ( 'NONE', #3282, #3756 ) ;
#1177 = VECTOR ( 'NONE', #3737, 1000.000000000000000 ) ;
#1178 =( LENGTH_UNIT ( ) NAMED_UNIT ( * ) SI_UNIT ( .MILLI., .METRE. ) );
#1179 = DIRECTION ( 'NONE',  ( 1.000000000000000000, 2.353123974012615482E-15, 0.0000000000000000000 ) ) ;
#1180 = UNCERTAINTY_MEASURE_WITH_UNIT (LENGTH_MEASURE( 1.000000000000000082E-05 ), #1993, 'distance_accuracy_value', 'NONE');
#1181 = UNCERTAINTY_MEASURE_WITH_UNIT (LENGTH_MEASURE( 1.000000000000000082E-05 ), #3306, 'distance_accuracy_value', 'NONE');
#1182 = ORIENTED_EDGE ( 'NONE', *, *, #2987, .F. ) ;
#1183 = ADVANCED_FACE ( 'NONE', ( #6177 ), #4523, .T. ) ;
#1184 = AXIS2_PLACEMENT_3D ( 'NONE', #3620, #6821, #6854 ) ;
#1185 = DIRECTION ( 'NONE',  ( -0.0000000000000000000, -1.000000000000000000, -0.0000000000000000000 ) ) ;
#1186 = CARTESIAN_POINT ( 'NONE',  ( 0.5500000000000000444, -2.240667692902679420, -0.5699999999999999512 ) ) ;
#1187 = CARTESIAN_POINT ( 'NONE',  ( 2.500000000000002220, -2.500000000000002220, 0.0000000000000000000 ) ) ;
#1188 = SURFACE_STYLE_USAGE ( .BOTH. , #3221 ) ;
#1189 = CARTESIAN_POINT ( 'NONE',  ( 2.486873320506370000, -1.199999999999999734, -0.2504719656739949341 ) ) ;
#1190 = ORIENTED_EDGE ( 'NONE', *, *, #494, .F. ) ;
#1191 = DIRECTION ( 'NONE',  ( 1.000000000000000000, 2.710505431213759113E-16, 0.0000000000000000000 ) ) ;
#1192 = ADVANCED_FACE ( 'NONE', ( #465 ), #5651, .F. ) ;
#1193 = AXIS2_PLACEMENT_3D ( 'NONE', #3517, #897, #3004 ) ;
#1194 = FILL_AREA_STYLE ('',( #5938 ) ) ;
#1195 = SURFACE_STYLE_USAGE ( .BOTH. , #4054 ) ;
#1196 = DIRECTION ( 'NONE',  ( -0.0000000000000000000, 1.000000000000000000, -0.0000000000000000000 ) ) ;
#1197 = ORIENTED_EDGE ( 'NONE', *, *, #363, .T. ) ;
#1198 = CARTESIAN_POINT ( 'NONE',  ( 2.500000000000002220, 2.500000000000002220, 0.0000000000000000000 ) ) ;
#1199 = ORIENTED_EDGE ( 'NONE', *, *, #4856, .T. ) ;
#1200 = AXIS2_PLACEMENT_3D ( 'NONE', #3750, #4885, #1212 ) ;
#1201 = DIRECTION ( 'NONE',  ( 0.0000000000000000000, -1.000000000000000000, 0.0000000000000000000 ) ) ;
#1202 = DIRECTION ( 'NONE',  ( 3.043374519257556424E-15, 0.0000000000000000000, -1.000000000000000000 ) ) ;
#1203 = DIRECTION ( 'NONE',  ( -2.409338161078899674E-16, 1.000000000000000000, 0.0000000000000000000 ) ) ;
#1204 = CARTESIAN_POINT ( 'NONE',  ( -2.400000000000001243, -2.099999999999999645, -0.4699999999999998068 ) ) ;
#1205 =( LENGTH_UNIT ( ) NAMED_UNIT ( * ) SI_UNIT ( .MILLI., .METRE. ) );
#1206 = LINE ( 'NONE', #5987, #6351 ) ;
#1207 = VERTEX_POINT ( 'NONE', #327 ) ;
#1208 = CARTESIAN_POINT ( 'NONE',  ( 2.400000000000002132, -1.199999999999999734, -0.2999999999999993783 ) ) ;
#1209 = AXIS2_PLACEMENT_3D ( 'NONE', #4289, #578, #1202 ) ;
#1210 = CARTESIAN_POINT ( 'NONE',  ( -2.465004534589632978, 2.465004534589632978, 0.4000000000000000222 ) ) ;
#1211 = EDGE_LOOP ( 'NONE', ( #3011, #4041 ) ) ;
#1212 = DIRECTION ( 'NONE',  ( 1.000000000000000000, 0.0000000000000000000, -3.071906155375592215E-15 ) ) ;
#1213 = ORIENTED_EDGE ( 'NONE', *, *, #1393, .F. ) ;
#1214 = ADVANCED_FACE ( 'NONE', ( #1399 ), #5622, .F. ) ;
#1215 = PRESENTATION_STYLE_ASSIGNMENT (( #6580 ) ) ;
#1216 = EDGE_CURVE ( 'NONE', #3041, #3886, #1944, .T. ) ;
#1217 = SURFACE_SIDE_STYLE ('',( #3857 ) ) ;
#1218 = LINE ( 'NONE', #3405, #5467 ) ;
#1219 = DIRECTION ( 'NONE',  ( 0.0000000000000000000, -0.0000000000000000000, -1.000000000000000000 ) ) ;
#1220 = SURFACE_STYLE_USAGE ( .BOTH. , #150 ) ;
#1221 = AXIS2_PLACEMENT_3D ( 'NONE', #3361, #2201, #1243 ) ;
#1222 = EDGE_CURVE ( 'NONE', #3032, #3991, #5300, .T. ) ;
#1223 = LINE ( 'NONE', #5448, #6644 ) ;
#1224 = LINE ( 'NONE', #5128, #528 ) ;
#1225 = PRESENTATION_STYLE_ASSIGNMENT (( #3935 ) ) ;
#1226 = ORIENTED_EDGE ( 'NONE', *, *, #924, .F. ) ;
#1227 = SURFACE_SIDE_STYLE ('',( #4384 ) ) ;
#1228 = AXIS2_PLACEMENT_3D ( 'NONE', #5165, #6840, #4232 ) ;
#1229 = VECTOR ( 'NONE', #2314, 1000.000000000000000 ) ;
#1230 = LINE ( 'NONE', #2289, #3225 ) ;
#1231 = CARTESIAN_POINT ( 'NONE',  ( 0.2838201673205150710, 1.116322564166215559, 0.4500000000000000666 ) ) ;
#1232 = AXIS2_PLACEMENT_3D ( 'NONE', #349, #6568, #1809 ) ;
#1233 = PRESENTATION_STYLE_ASSIGNMENT (( #1634 ) ) ;
#1234 = AXIS2_PLACEMENT_3D ( 'NONE', #5032, #2898, #1386 ) ;
#1235 = DIRECTION ( 'NONE',  ( -1.000000000000000000, 0.0000000000000000000, 0.0000000000000000000 ) ) ;
#1236 = DIRECTION ( 'NONE',  ( -0.05233595624294388321, 0.0000000000000000000, 0.9986295347545739443 ) ) ;
#1237 = CARTESIAN_POINT ( 'NONE',  ( 0.0000000000000000000, 0.0000000000000000000, -0.6999999999999999556 ) ) ;
#1238 = DIRECTION ( 'NONE',  ( 0.0000000000000000000, 1.000000000000000000, 0.0000000000000000000 ) ) ;
#1239 = VERTEX_POINT ( 'NONE', #2249 ) ;
#1240 =( GEOMETRIC_REPRESENTATION_CONTEXT ( 3 ) GLOBAL_UNCERTAINTY_ASSIGNED_CONTEXT ( ( #5757 ) ) GLOBAL_UNIT_ASSIGNED_CONTEXT ( ( #294, #2811, #2881 ) ) REPRESENTATION_CONTEXT ( 'NONE', 'WORKASPACE' ) );
#1241 = SURFACE_STYLE_FILL_AREA ( #3393 ) ;
#1242 = ORIENTED_EDGE ( 'NONE', *, *, #4875, .F. ) ;
#1243 = DIRECTION ( 'NONE',  ( 0.0000000000000000000, 0.0000000000000000000, 1.000000000000000000 ) ) ;
#1244 = ORIENTED_EDGE ( 'NONE', *, *, #4457, .F. ) ;
#1245 = CYLINDRICAL_SURFACE ( 'NONE', #1200, 0.3000000000000003775 ) ;
#1246 = EDGE_LOOP ( 'NONE', ( #806, #1153, #3768, #2900 ) ) ;
#1247 = FILL_AREA_STYLE ('',( #5439 ) ) ;
#1248 = ORIENTED_EDGE ( 'NONE', *, *, #3045, .F. ) ;
#1249 = UNCERTAINTY_MEASURE_WITH_UNIT (LENGTH_MEASURE( 1.000000000000000082E-05 ), #6569, 'distance_accuracy_value', 'NONE');
#1250 = ORIENTED_EDGE ( 'NONE', *, *, #3249, .F. ) ;
#1251 = CARTESIAN_POINT ( 'NONE',  ( -2.500000000000002665, 1.200000000000000400, 0.0000000000000000000 ) ) ;
#1252 = EDGE_CURVE ( 'NONE', #6659, #2747, #3120, .T. ) ;
#1253 = LINE ( 'NONE', #6067, #6328 ) ;
#1254 =( GEOMETRIC_REPRESENTATION_CONTEXT ( 3 ) GLOBAL_UNCERTAINTY_ASSIGNED_CONTEXT ( ( #3260 ) ) GLOBAL_UNIT_ASSIGNED_CONTEXT ( ( #1827, #3442, #1959 ) ) REPRESENTATION_CONTEXT ( 'NONE', 'WORKASPACE' ) );
#1255 =( NAMED_UNIT ( * ) SI_UNIT ( $, .STERADIAN. ) SOLID_ANGLE_UNIT ( ) );
#1256 =( LENGTH_UNIT ( ) NAMED_UNIT ( * ) SI_UNIT ( .MILLI., .METRE. ) );
#1257 = SURFACE_SIDE_STYLE ('',( #4414 ) ) ;
#1258 = DIRECTION ( 'NONE',  ( -1.000000000000000000, 4.818676322157797375E-16, -3.047392128993071134E-15 ) ) ;
#1259 = PRESENTATION_STYLE_ASSIGNMENT (( #5631 ) ) ;
#1260 = ORIENTED_EDGE ( 'NONE', *, *, #4, .T. ) ;
#1261 = UNCERTAINTY_MEASURE_WITH_UNIT (LENGTH_MEASURE( 1.000000000000000082E-05 ), #660, 'distance_accuracy_value', 'NONE');
#1262 =( NAMED_UNIT ( * ) PLANE_ANGLE_UNIT ( ) SI_UNIT ( $, .RADIAN. ) );
#1263 = VECTOR ( 'NONE', #1571, 1000.000000000000000 ) ;
#1264 = EDGE_CURVE ( 'NONE', #1688, #1401, #43, .T. ) ;
#1265 = PRESENTATION_STYLE_ASSIGNMENT (( #6528 ) ) ;
#1266 = FACE_OUTER_BOUND ( 'NONE', #724, .T. ) ;
#1267 = AXIS2_PLACEMENT_3D ( 'NONE', #2093, #3638, #4118 ) ;
#1268 = STYLED_ITEM ( 'NONE', ( #1867 ), #1313 ) ;
#1269 = ADVANCED_FACE ( 'NONE', ( #1661 ), #5375, .F. ) ;
#1270 = DIRECTION ( 'NONE',  ( -1.971276677246371519E-16, -1.000000000000000000, -0.0000000000000000000 ) ) ;
#1271 =( NAMED_UNIT ( * ) SI_UNIT ( $, .STERADIAN. ) SOLID_ANGLE_UNIT ( ) );
#1272 = VECTOR ( 'NONE', #259, 1000.000000000000000 ) ;
#1273 = ORIENTED_EDGE ( 'NONE', *, *, #853, .T. ) ;
#1274 = SURFACE_STYLE_FILL_AREA ( #2397 ) ;
#1275 = FILL_AREA_STYLE ('',( #5986 ) ) ;
#1276 = DIRECTION ( 'NONE',  ( 0.5150380749100548217, 0.0000000000000000000, 0.8571673007021118895 ) ) ;
#1277 = ORIENTED_EDGE ( 'NONE', *, *, #2715, .F. ) ;
#1278 = EDGE_CURVE ( 'NONE', #443, #3793, #530, .T. ) ;
#1279 = VECTOR ( 'NONE', #4126, 1000.000000000000000 ) ;
#1280 = VERTEX_POINT ( 'NONE', #5269 ) ;
#1281 = CARTESIAN_POINT ( 'NONE',  ( -0.03316504619021998224, -2.056952929731181712, 0.3500000000000000333 ) ) ;
#1282 = EDGE_LOOP ( 'NONE', ( #667, #5083, #5397, #6794 ) ) ;
#1283 = AXIS2_PLACEMENT_3D ( 'NONE', #4667, #3243, #2600 ) ;
#1284 = ORIENTED_EDGE ( 'NONE', *, *, #4392, .T. ) ;
#1285 = CARTESIAN_POINT ( 'NONE',  ( 0.0000000000000000000, 0.0000000000000000000, 0.3500000000000000333 ) ) ;
#1286 = CIRCLE ( 'NONE', #5588, 0.1000000000000002554 ) ;
#1287 = CLOSED_SHELL ( 'NONE', ( #5233, #3915, #6660, #5749, #3509, #6000 ) ) ;
#1288 = LINE ( 'NONE', #5443, #10 ) ;
#1289 = DIRECTION ( 'NONE',  ( -0.9986295347545739443, 0.0000000000000000000, -0.05233595624294388321 ) ) ;
#1290 = CARTESIAN_POINT ( 'NONE',  ( 2.486873320506370000, -1.199999999999999734, -0.2504719656739949341 ) ) ;
#1291 = LINE ( 'NONE', #4449, #3208 ) ;
#1292 =( NAMED_UNIT ( * ) PLANE_ANGLE_UNIT ( ) SI_UNIT ( $, .RADIAN. ) );
#1293 = PLANE ( 'NONE',  #3853 ) ;
#1294 = ORIENTED_EDGE ( 'NONE', *, *, #5780, .F. ) ;
#1295 =( GEOMETRIC_REPRESENTATION_CONTEXT ( 3 ) GLOBAL_UNCERTAINTY_ASSIGNED_CONTEXT ( ( #2057 ) ) GLOBAL_UNIT_ASSIGNED_CONTEXT ( ( #4826, #2799, #5137 ) ) REPRESENTATION_CONTEXT ( 'NONE', 'WORKASPACE' ) );
#1296 = DIRECTION ( 'NONE',  ( -1.000000000000000000, 0.0000000000000000000, 0.0000000000000000000 ) ) ;
#1297 = ORIENTED_EDGE ( 'NONE', *, *, #3055, .T. ) ;
#1299 = ADVANCED_FACE ( 'NONE', ( #1582 ), #5934, .F. ) ;
#1298 = DIRECTION ( 'NONE',  ( -0.0000000000000000000, 0.0000000000000000000, -1.000000000000000000 ) ) ;
#1300 = FACE_OUTER_BOUND ( 'NONE', #105, .T. ) ;
#1301 = CARTESIAN_POINT ( 'NONE',  ( 0.5500000000000001554, 2.254834989607331863, -0.5699999999999999512 ) ) ;
#1302 = CARTESIAN_POINT ( 'NONE',  ( 2.400000000000001243, 2.100000000000000089, -0.4699999999999998068 ) ) ;
#1303 = LINE ( 'NONE', #2846, #5878 ) ;
#1304 = VECTOR ( 'NONE', #3027, 1000.000000000000000 ) ;
#1305 = ORIENTED_EDGE ( 'NONE', *, *, #211, .F. ) ;
#1306 = FILL_AREA_STYLE ('',( #6145 ) ) ;
#1307 = EDGE_CURVE ( 'NONE', #6121, #328, #2796, .T. ) ;
#1308 = DIRECTION ( 'NONE',  ( -1.000000000000000000, -0.0000000000000000000, -0.0000000000000000000 ) ) ;
#1309 = VERTEX_POINT ( 'NONE', #2284 ) ;
#1310 = MECHANICAL_DESIGN_GEOMETRIC_PRESENTATION_REPRESENTATION (  '', ( #1406 ), #2293 ) ;
#1311 = VERTEX_POINT ( 'NONE', #253 ) ;
#1312 = DIRECTION ( 'NONE',  ( 2.409338161078899674E-16, 1.000000000000000000, -0.0000000000000000000 ) ) ;
#1313 = ADVANCED_FACE ( 'NONE', ( #2866 ), #279, .T. ) ;
#1314 = DIRECTION ( 'NONE',  ( 0.0000000000000000000, 0.0000000000000000000, -1.000000000000000000 ) ) ;
#1315 = ORIENTED_EDGE ( 'NONE', *, *, #4437, .F. ) ;
#1316 = STYLED_ITEM ( 'NONE', ( #2193 ), #4775 ) ;
#1317 = UNCERTAINTY_MEASURE_WITH_UNIT (LENGTH_MEASURE( 1.000000000000000082E-05 ), #1256, 'distance_accuracy_value', 'NONE');
#1318 = UNCERTAINTY_MEASURE_WITH_UNIT (LENGTH_MEASURE( 1.000000000000000082E-05 ), #14, 'distance_accuracy_value', 'NONE');
#1319 = VERTEX_POINT ( 'NONE', #5575 ) ;
#1320 = CARTESIAN_POINT ( 'NONE',  ( -0.1831650461902200044, -0.6832195235787650311, 0.3500000000000000333 ) ) ;
#1321 = MECHANICAL_DESIGN_GEOMETRIC_PRESENTATION_REPRESENTATION (  '', ( #856 ), #2503 ) ;
#1322 = DIRECTION ( 'NONE',  ( -0.0000000000000000000, -0.0000000000000000000, -1.000000000000000000 ) ) ;
#1323 = CARTESIAN_POINT ( 'NONE',  ( -0.1831650461902210314, -0.5332195235787651200, 0.3000000000000000444 ) ) ;
#1324 = MECHANICAL_DESIGN_GEOMETRIC_PRESENTATION_REPRESENTATION (  '', ( #4083 ), #4977 ) ;
#1325 =( LENGTH_UNIT ( ) NAMED_UNIT ( * ) SI_UNIT ( .MILLI., .METRE. ) );
#1326 = ORIENTED_EDGE ( 'NONE', *, *, #3008, .T. ) ;
#1327 =( GEOMETRIC_REPRESENTATION_CONTEXT ( 3 ) GLOBAL_UNCERTAINTY_ASSIGNED_CONTEXT ( ( #2775 ) ) GLOBAL_UNIT_ASSIGNED_CONTEXT ( ( #2367, #3461, #270 ) ) REPRESENTATION_CONTEXT ( 'NONE', 'WORKASPACE' ) );
#1328 = UNCERTAINTY_MEASURE_WITH_UNIT (LENGTH_MEASURE( 1.000000000000000082E-05 ), #4779, 'distance_accuracy_value', 'NONE');
#1329 = CYLINDRICAL_SURFACE ( 'NONE', #6065, 0.5500000000000000444 ) ;
#1330 = VECTOR ( 'NONE', #3675, 1000.000000000000000 ) ;
#1331 = LINE ( 'NONE', #122, #1677 ) ;
#1332 = COLOUR_RGB ( '',0.8980392156862745390, 0.9215686274509803377, 0.9294117647058823817 ) ;
#1333 = DIRECTION ( 'NONE',  ( 0.0000000000000000000, 0.0000000000000000000, 1.000000000000000000 ) ) ;
#1334 = UNCERTAINTY_MEASURE_WITH_UNIT (LENGTH_MEASURE( 1.000000000000000082E-05 ), #2140, 'distance_accuracy_value', 'NONE');
#1335 = FILL_AREA_STYLE ('',( #1363 ) ) ;
#1336 = ORIENTED_EDGE ( 'NONE', *, *, #3182, .T. ) ;
#1337 = STYLED_ITEM ( 'NONE', ( #4788 ), #6678 ) ;
#1338 = PRESENTATION_LAYER_ASSIGNMENT (  '', '', ( #1980 ) ) ;
#1339 = EDGE_CURVE ( 'NONE', #3630, #6599, #5142, .T. ) ;
#1340 = PRESENTATION_STYLE_ASSIGNMENT (( #4427 ) ) ;
#1341 = STYLED_ITEM ( 'NONE', ( #1414 ), #6825 ) ;
#1342 = FILL_AREA_STYLE ('',( #5235 ) ) ;
#1343 = EDGE_LOOP ( 'NONE', ( #6215, #2020, #4946, #3363 ) ) ;
#1344 = DIRECTION ( 'NONE',  ( -0.0000000000000000000, 1.000000000000000000, -0.0000000000000000000 ) ) ;
#1345 =( LENGTH_UNIT ( ) NAMED_UNIT ( * ) SI_UNIT ( .MILLI., .METRE. ) );
#1346 = CIRCLE ( 'NONE', #6301, 1.699999999999999956 ) ;
#1347 = EDGE_CURVE ( 'NONE', #3259, #6432, #5710, .T. ) ;
#1348 = ORIENTED_EDGE ( 'NONE', *, *, #1706, .T. ) ;
#1349 = DIRECTION ( 'NONE',  ( 0.05233595624294388321, -0.0000000000000000000, -0.9986295347545739443 ) ) ;
#1350 = FACE_OUTER_BOUND ( 'NONE', #6867, .T. ) ;
#1351 = ORIENTED_EDGE ( 'NONE', *, *, #1410, .F. ) ;
#1352 = EDGE_LOOP ( 'NONE', ( #6692, #4704, #5417, #766 ) ) ;
#1353 = SURFACE_STYLE_FILL_AREA ( #3504 ) ;
#1354 = EDGE_CURVE ( 'NONE', #3673, #3456, #1897, .T. ) ;
#1355 = DIRECTION ( 'NONE',  ( -0.0000000000000000000, 0.0000000000000000000, -1.000000000000000000 ) ) ;
#1356 = SURFACE_STYLE_FILL_AREA ( #1923 ) ;
#1357 = MECHANICAL_DESIGN_GEOMETRIC_PRESENTATION_REPRESENTATION (  '', ( #2887 ), #6214 ) ;
#1358 = PLANE ( 'NONE',  #5828 ) ;
#1359 = STYLED_ITEM ( 'NONE', ( #3932 ), #937 ) ;
#1360 = EDGE_CURVE ( 'NONE', #842, #4594, #4678, .T. ) ;
#1361 = CARTESIAN_POINT ( 'NONE',  ( -1.919276727925023351, -0.8787392438591723476, 0.3500000000000000333 ) ) ;
#1362 = DIRECTION ( 'NONE',  ( -0.0000000000000000000, -1.000000000000000000, -0.0000000000000000000 ) ) ;
#1363 = FILL_AREA_STYLE_COLOUR ( '', #291 ) ;
#1364 =( NAMED_UNIT ( * ) SI_UNIT ( $, .STERADIAN. ) SOLID_ANGLE_UNIT ( ) );
#1365 = FACE_OUTER_BOUND ( 'NONE', #6738, .T. ) ;
#1366 =( GEOMETRIC_REPRESENTATION_CONTEXT ( 3 ) GLOBAL_UNCERTAINTY_ASSIGNED_CONTEXT ( ( #1794 ) ) GLOBAL_UNIT_ASSIGNED_CONTEXT ( ( #2580, #2916, #5089 ) ) REPRESENTATION_CONTEXT ( 'NONE', 'WORKASPACE' ) );
#1367 = FACE_OUTER_BOUND ( 'NONE', #834, .T. ) ;
#1368 = DIRECTION ( 'NONE',  ( -1.000000000000000000, 0.0000000000000000000, -0.0000000000000000000 ) ) ;
#1369 = ORIENTED_EDGE ( 'NONE', *, *, #2595, .T. ) ;
#1370 = SURFACE_SIDE_STYLE ('',( #1495 ) ) ;
#1371 = VECTOR ( 'NONE', #372, 1000.000000000000000 ) ;
#1372 = ORIENTED_EDGE ( 'NONE', *, *, #1552, .T. ) ;
#1373 = DIRECTION ( 'NONE',  ( -1.000000000000000000, -0.0000000000000000000, -0.0000000000000000000 ) ) ;
#1374 = DIRECTION ( 'NONE',  ( 4.818676322157797375E-16, 1.000000000000000000, 0.0000000000000000000 ) ) ;
#1375 = ORIENTED_EDGE ( 'NONE', *, *, #3441, .T. ) ;
#1376 = UNCERTAINTY_MEASURE_WITH_UNIT (LENGTH_MEASURE( 1.000000000000000082E-05 ), #699, 'distance_accuracy_value', 'NONE');
#1377 = EDGE_CURVE ( 'NONE', #2921, #5560, #2473, .T. ) ;
#1378 = EDGE_CURVE ( 'NONE', #3689, #2791, #963, .T. ) ;
#1379 = UNCERTAINTY_MEASURE_WITH_UNIT (LENGTH_MEASURE( 1.000000000000000082E-05 ), #2356, 'distance_accuracy_value', 'NONE');
#1380 = AXIS2_PLACEMENT_3D ( 'NONE', #2386, #2907, #5742 ) ;
#1381 = ORIENTED_EDGE ( 'NONE', *, *, #892, .F. ) ;
#1382 = FILL_AREA_STYLE_COLOUR ( '', #5343 ) ;
#1383 = FILL_AREA_STYLE ('',( #1734 ) ) ;
#1384 = MECHANICAL_DESIGN_GEOMETRIC_PRESENTATION_REPRESENTATION (  '', ( #6342 ), #1924 ) ;
#1385 = LINE ( 'NONE', #6781, #4695 ) ;
#1386 = DIRECTION ( 'NONE',  ( -1.000000000000000000, -2.520540444682888024E-16, 0.0000000000000000000 ) ) ;
#1387 = CARTESIAN_POINT ( 'NONE',  ( -1.600000000000000311, -2.199999999999999734, -0.5699999999999999512 ) ) ;
#1388 = EDGE_CURVE ( 'NONE', #2971, #6830, #6708, .T. ) ;
#1389 = VECTOR ( 'NONE', #6338, 1000.000000000000000 ) ;
#1390 = COLOUR_RGB ( '',0.8313725490196077761, 0.8392156862745098200, 0.8313725490196077761 ) ;
#1391 = PLANE ( 'NONE',  #898 ) ;
#1392 = FILL_AREA_STYLE_COLOUR ( '', #1332 ) ;
#1393 = EDGE_CURVE ( 'NONE', #6391, #2338, #3575, .T. ) ;
#1394 = VERTEX_POINT ( 'NONE', #5196 ) ;
#1395 = VECTOR ( 'NONE', #6248, 1000.000000000000000 ) ;
#1396 = SURFACE_SIDE_STYLE ('',( #899 ) ) ;
#1397 = FILL_AREA_STYLE ('',( #4655 ) ) ;
#1398 = DIRECTION ( 'NONE',  ( -1.000000000000000000, -0.0000000000000000000, -0.0000000000000000000 ) ) ;
#1399 = FACE_OUTER_BOUND ( 'NONE', #1029, .T. ) ;
#1400 = CARTESIAN_POINT ( 'NONE',  ( 0.0000000000000000000, 0.0000000000000000000, 0.3500000000000000333 ) ) ;
#1401 = VERTEX_POINT ( 'NONE', #2500 ) ;
#1402 = VECTOR ( 'NONE', #1904, 1000.000000000000000 ) ;
#1403 = EDGE_LOOP ( 'NONE', ( #5005, #779, #6155, #51 ) ) ;
#1404 = CARTESIAN_POINT ( 'NONE',  ( 2.400000000000001243, -2.099999999999999645, -0.4699999999999998068 ) ) ;
#1405 = DIRECTION ( 'NONE',  ( -0.0000000000000000000, -1.000000000000000000, -0.0000000000000000000 ) ) ;
#1406 = STYLED_ITEM ( 'NONE', ( #5063 ), #4393 ) ;
#1407 = VERTEX_POINT ( 'NONE', #5104 ) ;
#1408 = SURFACE_SIDE_STYLE ('',( #1353 ) ) ;
#1409 = UNCERTAINTY_MEASURE_WITH_UNIT (LENGTH_MEASURE( 1.000000000000000082E-05 ), #1205, 'distance_accuracy_value', 'NONE');
#1410 = EDGE_CURVE ( 'NONE', #5557, #1309, #1385, .T. ) ;
#1411 = FILL_AREA_STYLE ('',( #960 ) ) ;
#1412 = VECTOR ( 'NONE', #5401, 1000.000000000000000 ) ;
#1413 = SURFACE_STYLE_USAGE ( .BOTH. , #4055 ) ;
#1414 = PRESENTATION_STYLE_ASSIGNMENT (( #1479 ) ) ;
#1415 = SURFACE_STYLE_USAGE ( .BOTH. , #1869 ) ;
#1416 = CARTESIAN_POINT ( 'NONE',  ( 0.2838201673205150710, -0.2871897488101240459, 0.4500000000000000666 ) ) ;
#1417 = AXIS2_PLACEMENT_3D ( 'NONE', #2141, #3220, #867 ) ;
#1418 = ADVANCED_FACE ( 'NONE', ( #6262 ), #5741, .T. ) ;
#1419 = SURFACE_STYLE_FILL_AREA ( #6165 ) ;
#1420 = DIRECTION ( 'NONE',  ( -0.0000000000000000000, -1.000000000000000000, -0.0000000000000000000 ) ) ;
#1421 = AXIS2_PLACEMENT_3D ( 'NONE', #6313, #3712, #3785 ) ;
#1422 = CIRCLE ( 'NONE', #4081, 0.3000000000000000444 ) ;
#1423 = ORIENTED_EDGE ( 'NONE', *, *, #2144, .T. ) ;
#1424 = ORIENTED_EDGE ( 'NONE', *, *, #161, .T. ) ;
#1425 = SURFACE_STYLE_USAGE ( .BOTH. , #3036 ) ;
#1426 =( GEOMETRIC_REPRESENTATION_CONTEXT ( 3 ) GLOBAL_UNCERTAINTY_ASSIGNED_CONTEXT ( ( #4183 ) ) GLOBAL_UNIT_ASSIGNED_CONTEXT ( ( #3525, #767, #5500 ) ) REPRESENTATION_CONTEXT ( 'NONE', 'WORKASPACE' ) );
#1427 = DIRECTION ( 'NONE',  ( 0.0000000000000000000, 0.0000000000000000000, -1.000000000000000000 ) ) ;
#1428 = DIRECTION ( 'NONE',  ( 1.000000000000000000, 1.604850264224746292E-16, 0.0000000000000000000 ) ) ;
#1429 = ORIENTED_EDGE ( 'NONE', *, *, #5875, .T. ) ;
#1430 =( LENGTH_UNIT ( ) NAMED_UNIT ( * ) SI_UNIT ( .MILLI., .METRE. ) );
#1431 = ORIENTED_EDGE ( 'NONE', *, *, #1024, .F. ) ;
#1432 = CARTESIAN_POINT ( 'NONE',  ( 2.486873320506370000, -2.099999999999999645, -0.2504719656739949341 ) ) ;
#1433 = AXIS2_PLACEMENT_3D ( 'NONE', #2777, #2668, #6343 ) ;
#1434 = COLOUR_RGB ( '',0.8980392156862745390, 0.9215686274509803377, 0.9294117647058823817 ) ;
#1435 = EDGE_LOOP ( 'NONE', ( #5646, #5098, #4664, #3497 ) ) ;
#1436 = ADVANCED_FACE ( 'NONE', ( #5608 ), #377, .F. ) ;
#1437 = VERTEX_POINT ( 'NONE', #6842 ) ;
#1438 = PLANE ( 'NONE',  #6621 ) ;
#1439 = VECTOR ( 'NONE', #5857, 1000.000000000000000 ) ;
#1440 = CARTESIAN_POINT ( 'NONE',  ( 1.930905544980987543, 2.110000814877110997, 0.3500000000000000333 ) ) ;
#1441 = CARTESIAN_POINT ( 'NONE',  ( -2.463314554501873754, -2.463314554501873754, -0.6999999999999999556 ) ) ;
#1442 = ORIENTED_EDGE ( 'NONE', *, *, #4087, .F. ) ;
#1443 = VECTOR ( 'NONE', #2844, 1000.000000000000000 ) ;
#1444 = FACE_OUTER_BOUND ( 'NONE', #6613, .T. ) ;
#1445 = DIRECTION ( 'NONE',  ( 0.0000000000000000000, 1.000000000000000000, 0.0000000000000000000 ) ) ;
#1446 = DIRECTION ( 'NONE',  ( 0.0000000000000000000, 1.000000000000000000, 0.0000000000000000000 ) ) ;
#1447 = VERTEX_POINT ( 'NONE', #4335 ) ;
#1448 = DIRECTION ( 'NONE',  ( -0.0000000000000000000, -1.000000000000000000, -0.0000000000000000000 ) ) ;
#1449 = EDGE_CURVE ( 'NONE', #4650, #6331, #2607, .T. ) ;
#1450 = AXIS2_PLACEMENT_3D ( 'NONE', #6449, #605, #86 ) ;
#1451 = DIRECTION ( 'NONE',  ( -0.0000000000000000000, -0.0000000000000000000, -1.000000000000000000 ) ) ;
#1452 = DIRECTION ( 'NONE',  ( 0.0000000000000000000, 0.0000000000000000000, 1.000000000000000000 ) ) ;
#1453 = ORIENTED_EDGE ( 'NONE', *, *, #2363, .F. ) ;
#1454 = FILL_AREA_STYLE_COLOUR ( '', #1046 ) ;
#1455 = ORIENTED_EDGE ( 'NONE', *, *, #5603, .F. ) ;
#1456 = CARTESIAN_POINT ( 'NONE',  ( 0.2838201673205150155, 0.4046747618464905383, 0.4500000000000000666 ) ) ;
#1457 = LINE ( 'NONE', #936, #6817 ) ;
#1458 =( LENGTH_UNIT ( ) NAMED_UNIT ( * ) SI_UNIT ( .MILLI., .METRE. ) );
#1459 = PRESENTATION_STYLE_ASSIGNMENT (( #6210 ) ) ;
#1460 = CARTESIAN_POINT ( 'NONE',  ( -2.400000000000001243, 2.100000000000000089, -0.5700000000000000622 ) ) ;
#1461 = ORIENTED_EDGE ( 'NONE', *, *, #2908, .T. ) ;
#1462 = CARTESIAN_POINT ( 'NONE',  ( 1.600000000000000089, -1.099999999999999867, -0.5699999999999999512 ) ) ;
#1463 = ORIENTED_EDGE ( 'NONE', *, *, #4452, .F. ) ;
#1464 = EDGE_CURVE ( 'NONE', #4884, #4204, #1060, .T. ) ;
#1465 = PRESENTATION_LAYER_ASSIGNMENT (  '', '', ( #4470 ) ) ;
#1466 = MECHANICAL_DESIGN_GEOMETRIC_PRESENTATION_REPRESENTATION (  '', ( #1690 ), #2904 ) ;
#1467 = ORIENTED_EDGE ( 'NONE', *, *, #4142, .F. ) ;
#1468 =( LENGTH_UNIT ( ) NAMED_UNIT ( * ) SI_UNIT ( .MILLI., .METRE. ) );
#1469 = VECTOR ( 'NONE', #4507, 1000.000000000000000 ) ;
#1470 = CARTESIAN_POINT ( 'NONE',  ( 2.400000000000001243, -2.099999999999998312, -0.7699999999999999067 ) ) ;
#1471 = ORIENTED_EDGE ( 'NONE', *, *, #1378, .F. ) ;
#1472 = EDGE_CURVE ( 'NONE', #2004, #4381, #1616, .T. ) ;
#1473 = EDGE_LOOP ( 'NONE', ( #1145, #1953, #6874, #4017, #371 ) ) ;
#1474 = CARTESIAN_POINT ( 'NONE',  ( -1.599999999999999867, 1.100000000000000089, -0.5699999999999999512 ) ) ;
#1475 = DIRECTION ( 'NONE',  ( 0.0000000000000000000, 0.0000000000000000000, 1.000000000000000000 ) ) ;
#1476 = SURFACE_STYLE_FILL_AREA ( #5133 ) ;
#1477 = CARTESIAN_POINT ( 'NONE',  ( -0.9960286258184727348, -0.2870056143358112877, 0.3500000000000000333 ) ) ;
#1478 = DIRECTION ( 'NONE',  ( -0.0000000000000000000, -0.0000000000000000000, -1.000000000000000000 ) ) ;
#1479 = SURFACE_STYLE_USAGE ( .BOTH. , #2959 ) ;
#1480 = PRESENTATION_LAYER_ASSIGNMENT (  '', '', ( #805 ) ) ;
#1481 = SURFACE_STYLE_FILL_AREA ( #4643 ) ;
#1482 = PRESENTATION_LAYER_ASSIGNMENT (  '', '', ( #2695 ) ) ;
#1483 = ORIENTED_EDGE ( 'NONE', *, *, #6064, .T. ) ;
#1484 = CARTESIAN_POINT ( 'NONE',  ( 1.930905544980987543, -2.056952929731181268, 0.3000000000000000444 ) ) ;
#1485 = ORIENTED_EDGE ( 'NONE', *, *, #2544, .F. ) ;
#1486 = AXIS2_PLACEMENT_3D ( 'NONE', #3313, #621, #137 ) ;
#1487 = PLANE ( 'NONE',  #837 ) ;
#1488 = VECTOR ( 'NONE', #2398, 1000.000000000000114 ) ;
#1489 = EDGE_CURVE ( 'NONE', #2805, #6296, #2648, .T. ) ;
#1490 = EDGE_CURVE ( 'NONE', #5596, #6643, #6029, .T. ) ;
#1491 = ORIENTED_EDGE ( 'NONE', *, *, #6806, .T. ) ;
#1492 = SURFACE_STYLE_FILL_AREA ( #6795 ) ;
#1493 = FILL_AREA_STYLE ('',( #2155 ) ) ;
#1494 = ORIENTED_EDGE ( 'NONE', *, *, #2502, .T. ) ;
#1495 = SURFACE_STYLE_FILL_AREA ( #771 ) ;
#1496 = VERTEX_POINT ( 'NONE', #5892 ) ;
#1497 = EDGE_CURVE ( 'NONE', #1602, #1496, #3214, .T. ) ;
#1498 = FILL_AREA_STYLE ('',( #3157 ) ) ;
#1499 = ORIENTED_EDGE ( 'NONE', *, *, #5470, .T. ) ;
#1500 = SURFACE_STYLE_USAGE ( .BOTH. , #2494 ) ;
#1501 = ORIENTED_EDGE ( 'NONE', *, *, #1073, .F. ) ;
#1502 = FILL_AREA_STYLE ('',( #4189 ) ) ;
#1503 = CARTESIAN_POINT ( 'NONE',  ( 1.600000000000000311, 1.099999999999999867, -0.6999999999999999556 ) ) ;
#1504 = ORIENTED_EDGE ( 'NONE', *, *, #4638, .F. ) ;
#1505 = DIRECTION ( 'NONE',  ( 0.0000000000000000000, 1.000000000000000000, 0.0000000000000000000 ) ) ;
#1506 = EDGE_CURVE ( 'NONE', #6308, #6170, #1687, .T. ) ;
#1507 = VERTEX_POINT ( 'NONE', #591 ) ;
#1508 = DIRECTION ( 'NONE',  ( -0.0000000000000000000, -0.0000000000000000000, -1.000000000000000000 ) ) ;
#1509 =( LENGTH_UNIT ( ) NAMED_UNIT ( * ) SI_UNIT ( .MILLI., .METRE. ) );
#1510 = CARTESIAN_POINT ( 'NONE',  ( -1.971607025033961236, 0.8251250982098667919, 0.3500000000000000333 ) ) ;
#1511 = UNCERTAINTY_MEASURE_WITH_UNIT (LENGTH_MEASURE( 1.000000000000000082E-05 ), #173, 'distance_accuracy_value', 'NONE');
#1512 = ORIENTED_EDGE ( 'NONE', *, *, #1941, .T. ) ;
#1513 =( GEOMETRIC_REPRESENTATION_CONTEXT ( 3 ) GLOBAL_UNCERTAINTY_ASSIGNED_CONTEXT ( ( #4504 ) ) GLOBAL_UNIT_ASSIGNED_CONTEXT ( ( #4264, #5670, #959 ) ) REPRESENTATION_CONTEXT ( 'NONE', 'WORKASPACE' ) );
#1514 = PRESENTATION_STYLE_ASSIGNMENT (( #1148 ) ) ;
#1515 = LINE ( 'NONE', #5751, #4907 ) ;
#1516 = DIRECTION ( 'NONE',  ( 1.000000000000000000, 0.0000000000000000000, 0.0000000000000000000 ) ) ;
#1517 =( NAMED_UNIT ( * ) PLANE_ANGLE_UNIT ( ) SI_UNIT ( $, .RADIAN. ) );
#1518 = EDGE_LOOP ( 'NONE', ( #1431, #1463, #3083, #557 ) ) ;
#1519 = CIRCLE ( 'NONE', #743, 1.699999999999999956 ) ;
#1520 = DIRECTION ( 'NONE',  ( -0.0000000000000000000, 0.0000000000000000000, 1.000000000000000000 ) ) ;
#1521 = SURFACE_SIDE_STYLE ('',( #4174 ) ) ;
#1522 = AXIS2_PLACEMENT_3D ( 'NONE', #5621, #2486, #4824 ) ;
#1523 = PLANE ( 'NONE',  #403 ) ;
#1524 = ORIENTED_EDGE ( 'NONE', *, *, #4556, .F. ) ;
#1525 = CARTESIAN_POINT ( 'NONE',  ( 0.3603187164337338100, 0.8251250982098667919, 0.3500000000000000333 ) ) ;
#1526 = CIRCLE ( 'NONE', #184, 0.3000000000000000444 ) ;
#1527 = COLOUR_RGB ( '',0.8980392156862745390, 0.9215686274509803377, 0.9294117647058823817 ) ;
#1528 = EDGE_CURVE ( 'NONE', #5560, #883, #1103, .T. ) ;
#1529 = LINE ( 'NONE', #3668, #2316 ) ;
#1530 = PRESENTATION_LAYER_ASSIGNMENT (  '', '', ( #4433 ) ) ;
#1531 = SURFACE_STYLE_FILL_AREA ( #2021 ) ;
#1532 = ORIENTED_EDGE ( 'NONE', *, *, #6785, .F. ) ;
#1533 = DIRECTION ( 'NONE',  ( -0.0000000000000000000, -0.0000000000000000000, -1.000000000000000000 ) ) ;
#1534 = DIRECTION ( 'NONE',  ( -0.05233595624294388321, 0.0000000000000000000, -0.9986295347545739443 ) ) ;
#1535 = LINE ( 'NONE', #3677, #3595 ) ;
#1536 = VECTOR ( 'NONE', #4648, 1000.000000000000000 ) ;
#1537 = CARTESIAN_POINT ( 'NONE',  ( 1.930905544980987543, -2.056952929731181268, 0.3500000000000000333 ) ) ;
#1538 = DIRECTION ( 'NONE',  ( -1.776016655323403858E-16, 1.000000000000000000, 0.0000000000000000000 ) ) ;
#1539 = CARTESIAN_POINT ( 'NONE',  ( 2.700000000000002842, -2.099999999999999645, -6.982962677686266711E-16 ) ) ;
#1540 = ORIENTED_EDGE ( 'NONE', *, *, #1664, .T. ) ;
#1541 = DIRECTION ( 'NONE',  ( -1.000000000000000000, -2.404031325876694646E-16, 0.0000000000000000000 ) ) ;
#1542 = EDGE_LOOP ( 'NONE', ( #2709, #861, #107, #6178 ) ) ;
#1543 = ADVANCED_FACE ( 'NONE', ( #3753, #2132, #3681 ), #5852, .T. ) ;
#1544 = DIRECTION ( 'NONE',  ( -0.0000000000000000000, -0.0000000000000000000, -1.000000000000000000 ) ) ;
#1545 = SURFACE_STYLE_USAGE ( .BOTH. , #3140 ) ;
#1546 = PLANE ( 'NONE',  #2518 ) ;
#1547 = ORIENTED_EDGE ( 'NONE', *, *, #3104, .T. ) ;
#1548 = LINE ( 'NONE', #934, #6090 ) ;
#1549 = FACE_OUTER_BOUND ( 'NONE', #4668, .T. ) ;
#1550 = ORIENTED_EDGE ( 'NONE', *, *, #4733, .T. ) ;
#1551 = CARTESIAN_POINT ( 'NONE',  ( 2.430009069179262848, -2.500000000000002220, 0.8000000000000000444 ) ) ;
#1552 = EDGE_CURVE ( 'NONE', #2045, #1594, #143, .T. ) ;
#1553 = CARTESIAN_POINT ( 'NONE',  ( 2.499117102666011725, 2.100000000000000089, -0.01684668471109857651 ) ) ;
#1554 = PLANE ( 'NONE',  #4208 ) ;
#1555 = ORIENTED_EDGE ( 'NONE', *, *, #6471, .F. ) ;
#1557 = PRESENTATION_LAYER_ASSIGNMENT (  '', '', ( #2887 ) ) ;
#1556 = FACE_OUTER_BOUND ( 'NONE', #4511, .T. ) ;
#1558 = LINE ( 'NONE', #1044, #1930 ) ;
#1559 = EDGE_LOOP ( 'NONE', ( #4531, #2206, #4065, #2381 ) ) ;
#1560 =( LENGTH_UNIT ( ) NAMED_UNIT ( * ) SI_UNIT ( .MILLI., .METRE. ) );
#1561 = COLOUR_RGB ( '',0.8980392156862745390, 0.9215686274509803377, 0.9294117647058823817 ) ;
#1562 = DIRECTION ( 'NONE',  ( 0.0000000000000000000, -0.0000000000000000000, -1.000000000000000000 ) ) ;
#1563 = ORIENTED_EDGE ( 'NONE', *, *, #2588, .T. ) ;
#1564 = SURFACE_STYLE_FILL_AREA ( #3747 ) ;
#1565 = STYLED_ITEM ( 'NONE', ( #3669 ), #1120 ) ;
#1566 = SURFACE_SIDE_STYLE ('',( #3092 ) ) ;
#1567 = AXIS2_PLACEMENT_3D ( 'NONE', #6552, #5000, #6478 ) ;
#1568 = DIRECTION ( 'NONE',  ( -1.000000000000000000, 0.0000000000000000000, 0.0000000000000000000 ) ) ;
#1569 = STYLED_ITEM ( 'NONE', ( #3309 ), #1144 ) ;
#1570 = SURFACE_STYLE_USAGE ( .BOTH. , #3020 ) ;
#1571 = DIRECTION ( 'NONE',  ( 2.409338161078899674E-16, 1.000000000000000000, -0.0000000000000000000 ) ) ;
#1572 = VERTEX_POINT ( 'NONE', #4370 ) ;
#1573 = EDGE_CURVE ( 'NONE', #4148, #1688, #2857, .T. ) ;
#1574 =( NAMED_UNIT ( * ) SI_UNIT ( $, .STERADIAN. ) SOLID_ANGLE_UNIT ( ) );
#1575 = ADVANCED_FACE ( 'NONE', ( #4472 ), #3435, .F. ) ;
#1576 = CARTESIAN_POINT ( 'NONE',  ( 1.562305442492822882, -0.6860159872360381828, 0.3500000000000000333 ) ) ;
#1577 = VERTEX_POINT ( 'NONE', #2241 ) ;
#1578 = FILL_AREA_STYLE_COLOUR ( '', #1685 ) ;
#1579 = VECTOR ( 'NONE', #1670, 1000.000000000000000 ) ;
#1580 =( GEOMETRIC_REPRESENTATION_CONTEXT ( 3 ) GLOBAL_UNCERTAINTY_ASSIGNED_CONTEXT ( ( #1181 ) ) GLOBAL_UNIT_ASSIGNED_CONTEXT ( ( #3306, #196, #6493 ) ) REPRESENTATION_CONTEXT ( 'NONE', 'WORKASPACE' ) );
#1581 = CYLINDRICAL_SURFACE ( 'NONE', #4310, 0.1000000000000000194 ) ;
#1582 = FACE_OUTER_BOUND ( 'NONE', #320, .T. ) ;
#1583 = EDGE_CURVE ( 'NONE', #6397, #5251, #776, .T. ) ;
#1584 = CARTESIAN_POINT ( 'NONE',  ( 1.600000000000000311, 1.099999999999999867, -0.5699999999999999512 ) ) ;
#1585 = ORIENTED_EDGE ( 'NONE', *, *, #6785, .T. ) ;
#1586 = CARTESIAN_POINT ( 'NONE',  ( 0.0000000000000000000, 0.0000000000000000000, 0.4500000000000000666 ) ) ;
#1587 = ORIENTED_EDGE ( 'NONE', *, *, #2002, .F. ) ;
#1588 = CARTESIAN_POINT ( 'NONE',  ( -2.470127565808668990, -1.199999999999998845, -0.5699999999999999512 ) ) ;
#1589 = AXIS2_PLACEMENT_3D ( 'NONE', #1837, #6074, #1333 ) ;
#1590 = LINE ( 'NONE', #3767, #6450 ) ;
#1591 =( LENGTH_UNIT ( ) NAMED_UNIT ( * ) SI_UNIT ( .MILLI., .METRE. ) );
#1592 = DIRECTION ( 'NONE',  ( 0.0000000000000000000, 0.0000000000000000000, 1.000000000000000000 ) ) ;
#1593 = EDGE_CURVE ( 'NONE', #305, #3398, #5956, .T. ) ;
#1594 = VERTEX_POINT ( 'NONE', #3888 ) ;
#1595 = DIRECTION ( 'NONE',  ( -0.05233595624294388321, 0.0000000000000000000, -0.9986295347545739443 ) ) ;
#1596 = ORIENTED_EDGE ( 'NONE', *, *, #1855, .T. ) ;
#1597 = AXIS2_PLACEMENT_3D ( 'NONE', #4318, #4456, #6565 ) ;
#1598 = CIRCLE ( 'NONE', #1283, 0.1499999999999999667 ) ;
#1599 = SURFACE_STYLE_USAGE ( .BOTH. , #62 ) ;
#1600 = DIRECTION ( 'NONE',  ( 0.0000000000000000000, 1.000000000000000000, -0.0000000000000000000 ) ) ;
#1601 =( NAMED_UNIT ( * ) PLANE_ANGLE_UNIT ( ) SI_UNIT ( $, .RADIAN. ) );
#1602 = VERTEX_POINT ( 'NONE', #5356 ) ;
#1603 = SURFACE_STYLE_FILL_AREA ( #5219 ) ;
#1604 = LINE ( 'NONE', #3746, #3946 ) ;
#1605 = ORIENTED_EDGE ( 'NONE', *, *, #6043, .F. ) ;
#1606 = VECTOR ( 'NONE', #4205, 1000.000000000000000 ) ;
#1607 = FILL_AREA_STYLE_COLOUR ( '', #2642 ) ;
#1608 =( LENGTH_UNIT ( ) NAMED_UNIT ( * ) SI_UNIT ( .MILLI., .METRE. ) );
#1609 = CARTESIAN_POINT ( 'NONE',  ( -1.599999999999999645, 2.200000000000000178, -0.5699999999999999512 ) ) ;
#1610 = CIRCLE ( 'NONE', #3037, 0.3000000000000002665 ) ;
#1611 = DIRECTION ( 'NONE',  ( -1.000000000000000000, 0.0000000000000000000, 0.0000000000000000000 ) ) ;
#1612 = EDGE_LOOP ( 'NONE', ( #2089, #1453, #6323, #5020 ) ) ;
#1613 = FACE_OUTER_BOUND ( 'NONE', #969, .T. ) ;
#1614 = LINE ( 'NONE', #3751, #5232 ) ;
#1615 = ORIENTED_EDGE ( 'NONE', *, *, #1094, .T. ) ;
#1616 = LINE ( 'NONE', #5296, #4031 ) ;
#1617 =( NAMED_UNIT ( * ) SI_UNIT ( $, .STERADIAN. ) SOLID_ANGLE_UNIT ( ) );
#1618 = ORIENTED_EDGE ( 'NONE', *, *, #4045, .T. ) ;
#1619 = LINE ( 'NONE', #1110, #5080 ) ;
#1620 = ADVANCED_FACE ( 'NONE', ( #4322 ), #6863, .F. ) ;
#1621 = ADVANCED_FACE ( 'NONE', ( #2083 ), #1638, .F. ) ;
#1622 = CARTESIAN_POINT ( 'NONE',  ( 0.5500000000000000444, 6.735557395310442516E-17, -0.5699999999999999512 ) ) ;
#1623 = AXIS2_PLACEMENT_3D ( 'NONE', #5274, #6856, #5412 ) ;
#1624 = CARTESIAN_POINT ( 'NONE',  ( -2.400000000000002132, 2.100000000000000089, -0.2999999999999993783 ) ) ;
#1625 = SURFACE_STYLE_USAGE ( .BOTH. , #4308 ) ;
#1626 = FILL_AREA_STYLE_COLOUR ( '', #5203 ) ;
#1627 = ORIENTED_EDGE ( 'NONE', *, *, #6570, .T. ) ;
#1628 =( NAMED_UNIT ( * ) PLANE_ANGLE_UNIT ( ) SI_UNIT ( $, .RADIAN. ) );
#1629 = COLOUR_RGB ( '',0.8980392156862745390, 0.9215686274509803377, 0.9294117647058823817 ) ;
#1630 = CARTESIAN_POINT ( 'NONE',  ( -2.700000000000001954, 1.200000000000000400, -0.3000000000000003220 ) ) ;
#1631 =( NAMED_UNIT ( * ) SI_UNIT ( $, .STERADIAN. ) SOLID_ANGLE_UNIT ( ) );
#1632 = DIRECTION ( 'NONE',  ( 1.000000000000000000, 2.710505431213759113E-16, 0.0000000000000000000 ) ) ;
#1633 = VECTOR ( 'NONE', #69, 1000.000000000000000 ) ;
#1634 = SURFACE_STYLE_USAGE ( .BOTH. , #56 ) ;
#1635 = EDGE_LOOP ( 'NONE', ( #715, #5792, #3727, #6058 ) ) ;
#1636 = SURFACE_STYLE_USAGE ( .BOTH. , #4319 ) ;
#1637 = ADVANCED_FACE ( 'NONE', ( #2116, #2191 ), #5841, .T. ) ;
#1638 = PLANE ( 'NONE',  #3824 ) ;
#1639 = FILL_AREA_STYLE ('',( #6311 ) ) ;
#1640 = FILL_AREA_STYLE_COLOUR ( '', #3698 ) ;
#1641 = ORIENTED_EDGE ( 'NONE', *, *, #6051, .F. ) ;
#1642 = SURFACE_STYLE_USAGE ( .BOTH. , #1712 ) ;
#1643 = FACE_OUTER_BOUND ( 'NONE', #1473, .T. ) ;
#1644 =( GEOMETRIC_REPRESENTATION_CONTEXT ( 3 ) GLOBAL_UNCERTAINTY_ASSIGNED_CONTEXT ( ( #2839 ) ) GLOBAL_UNIT_ASSIGNED_CONTEXT ( ( #3835, #5902, #4383 ) ) REPRESENTATION_CONTEXT ( 'NONE', 'WORKASPACE' ) );
#1645 = PRESENTATION_STYLE_ASSIGNMENT (( #2706 ) ) ;
#1646 = VERTEX_POINT ( 'NONE', #3421 ) ;
#1647 = VECTOR ( 'NONE', #2669, 1000.000000000000000 ) ;
#1648 = CYLINDRICAL_SURFACE ( 'NONE', #297, 0.1000000000000000194 ) ;
#1649 = ORIENTED_EDGE ( 'NONE', *, *, #4901, .T. ) ;
#1650 =( GEOMETRIC_REPRESENTATION_CONTEXT ( 3 ) GLOBAL_UNCERTAINTY_ASSIGNED_CONTEXT ( ( #6675 ) ) GLOBAL_UNIT_ASSIGNED_CONTEXT ( ( #1608, #5811, #6255 ) ) REPRESENTATION_CONTEXT ( 'NONE', 'WORKASPACE' ) );
#1651 = FACE_OUTER_BOUND ( 'NONE', #6008, .T. ) ;
#1652 = ORIENTED_EDGE ( 'NONE', *, *, #6252, .T. ) ;
#1653 = DIRECTION ( 'NONE',  ( -3.043374519257556424E-15, -0.0000000000000000000, -1.000000000000000000 ) ) ;
#1654 = LINE ( 'NONE', #4666, #2448 ) ;
#1655 = CARTESIAN_POINT ( 'NONE',  ( 1.262305442492821728, 0.6070589046025534063, 0.3500000000000000333 ) ) ;
#1656 = VECTOR ( 'NONE', #915, 1000.000000000000000 ) ;
#1657 = UNCERTAINTY_MEASURE_WITH_UNIT (LENGTH_MEASURE( 1.000000000000000082E-05 ), #3626, 'distance_accuracy_value', 'NONE');
#1658 = CARTESIAN_POINT ( 'NONE',  ( 0.0000000000000000000, 0.0000000000000000000, 0.4500000000000000666 ) ) ;
#1659 = CIRCLE ( 'NONE', #4994, 0.1499999999999999667 ) ;
#1660 =( NAMED_UNIT ( * ) SI_UNIT ( $, .STERADIAN. ) SOLID_ANGLE_UNIT ( ) );
#1661 = FACE_OUTER_BOUND ( 'NONE', #5627, .T. ) ;
#1662 = DIRECTION ( 'NONE',  ( 1.000000000000000000, 0.0000000000000000000, 0.0000000000000000000 ) ) ;
#1663 = CIRCLE ( 'NONE', #3896, 0.1000000000000002554 ) ;
#1664 = EDGE_CURVE ( 'NONE', #6121, #567, #3944, .T. ) ;
#1665 = ORIENTED_EDGE ( 'NONE', *, *, #3974, .T. ) ;
#1666 = AXIS2_PLACEMENT_3D ( 'NONE', #4526, #6635, #4074 ) ;
#1667 = DIRECTION ( 'NONE',  ( 1.971276677246371272E-16, 1.000000000000000000, -0.0000000000000000000 ) ) ;
#1668 = LINE ( 'NONE', #498, #5653 ) ;
#1669 = CARTESIAN_POINT ( 'NONE',  ( 2.700000000000002842, 1.200000000000000400, -6.982962677686266711E-16 ) ) ;
#1670 = DIRECTION ( 'NONE',  ( -1.000000000000000000, 0.0000000000000000000, 0.0000000000000000000 ) ) ;
#1672 = EDGE_CURVE ( 'NONE', #1496, #2713, #5586, .T. ) ;
#1671 =( NAMED_UNIT ( * ) SI_UNIT ( $, .STERADIAN. ) SOLID_ANGLE_UNIT ( ) );
#1673 = ADVANCED_FACE ( 'NONE', ( #1739 ), #5526, .F. ) ;
#1674 = LINE ( 'NONE', #6048, #34 ) ;
#1675 = EDGE_LOOP ( 'NONE', ( #157, #793, #869, #4434 ) ) ;
#1676 = SURFACE_STYLE_FILL_AREA ( #1705 ) ;
#1677 = VECTOR ( 'NONE', #5139, 1000.000000000000000 ) ;
#1678 = FACE_OUTER_BOUND ( 'NONE', #593, .T. ) ;
#1679 = ORIENTED_EDGE ( 'NONE', *, *, #3860, .F. ) ;
#1680 =( NAMED_UNIT ( * ) SI_UNIT ( $, .STERADIAN. ) SOLID_ANGLE_UNIT ( ) );
#1681 = EDGE_CURVE ( 'NONE', #2199, #4734, #2361, .T. ) ;
#1682 = CARTESIAN_POINT ( 'NONE',  ( 1.700000000000000400, 1.200000000000000622, -0.7699999999999999067 ) ) ;
#1683 = CARTESIAN_POINT ( 'NONE',  ( -1.919276727925023351, -2.056952929731181712, 0.3500000000000000333 ) ) ;
#1684 = EDGE_LOOP ( 'NONE', ( #1940, #6247, #4106, #5538, #5851, #4815, #5943, #2499, #3369, #4334 ) ) ;
#1685 = COLOUR_RGB ( '',0.8980392156862745390, 0.9215686274509803377, 0.9294117647058823817 ) ;
#1686 = EDGE_LOOP ( 'NONE', ( #1550, #5585, #3533, #5015 ) ) ;
#1687 = LINE ( 'NONE', #36, #6333 ) ;
#1688 = VERTEX_POINT ( 'NONE', #5979 ) ;
#1689 = PLANE ( 'NONE',  #5615 ) ;
#1690 = STYLED_ITEM ( 'NONE', ( #3844 ), #1173 ) ;
#1691 = CARTESIAN_POINT ( 'NONE',  ( -2.400000000000002132, 2.100000000000000089, -0.2999999999999993783 ) ) ;
#1692 = SURFACE_SIDE_STYLE ('',( #562 ) ) ;
#1693 = SURFACE_SIDE_STYLE ('',( #6442 ) ) ;
#1694 = SURFACE_SIDE_STYLE ('',( #4480 ) ) ;
#1695 = CIRCLE ( 'NONE', #3250, 0.3000000000000002665 ) ;
#1697 = COLOUR_RGB ( '',0.8980392156862745390, 0.9215686274509803377, 0.9294117647058823817 ) ;
#1696 = DIRECTION ( 'NONE',  ( -1.000000000000000000, -2.409338161078899674E-16, 0.0000000000000000000 ) ) ;
#1698 =( NAMED_UNIT ( * ) SI_UNIT ( $, .STERADIAN. ) SOLID_ANGLE_UNIT ( ) );
#1699 = ORIENTED_EDGE ( 'NONE', *, *, #4875, .T. ) ;
#1700 = LINE ( 'NONE', #569, #559 ) ;
#1701 = AXIS2_PLACEMENT_3D ( 'NONE', #712, #1752, #5506 ) ;
#1702 = VERTEX_POINT ( 'NONE', #266 ) ;
#1703 = LINE ( 'NONE', #3349, #4597 ) ;
#1704 = AXIS2_PLACEMENT_3D ( 'NONE', #3645, #1296, #2501 ) ;
#1705 = FILL_AREA_STYLE ('',( #1084 ) ) ;
#1706 = EDGE_CURVE ( 'NONE', #502, #6152, #3352, .T. ) ;
#1707 = EDGE_CURVE ( 'NONE', #4285, #1602, #2394, .T. ) ;
#1708 = AXIS2_PLACEMENT_3D ( 'NONE', #1440, #985, #6218 ) ;
#1709 = LINE ( 'NONE', #1167, #2418 ) ;
#1710 = SURFACE_STYLE_FILL_AREA ( #4395 ) ;
#1711 = ORIENTED_EDGE ( 'NONE', *, *, #6661, .F. ) ;
#1712 = SURFACE_SIDE_STYLE ('',( #6385 ) ) ;
#1713 = DIRECTION ( 'NONE',  ( -0.0000000000000000000, 0.0000000000000000000, -1.000000000000000000 ) ) ;
#1714 = PRESENTATION_STYLE_ASSIGNMENT (( #5431 ) ) ;
#1715 = ORIENTED_EDGE ( 'NONE', *, *, #1583, .T. ) ;
#1716 = ADVANCED_FACE ( 'NONE', ( #1365 ), #3487, .F. ) ;
#1717 = ORIENTED_EDGE ( 'NONE', *, *, #1264, .T. ) ;
#1718 = CARTESIAN_POINT ( 'NONE',  ( 0.2838201673205150155, 0.4046747618464905383, 0.4500000000000000666 ) ) ;
#1719 = PRESENTATION_LAYER_ASSIGNMENT (  '', '', ( #3842 ) ) ;
#1720 =( NAMED_UNIT ( * ) SI_UNIT ( $, .STERADIAN. ) SOLID_ANGLE_UNIT ( ) );
#1721 =( LENGTH_UNIT ( ) NAMED_UNIT ( * ) SI_UNIT ( .MILLI., .METRE. ) );
#1722 = VERTEX_POINT ( 'NONE', #160 ) ;
#1723 = UNCERTAINTY_MEASURE_WITH_UNIT (LENGTH_MEASURE( 1.000000000000000082E-05 ), #1458, 'distance_accuracy_value', 'NONE');
#1724 = ORIENTED_EDGE ( 'NONE', *, *, #3622, .F. ) ;
#1725 = DIRECTION ( 'NONE',  ( 0.0000000000000000000, 0.0000000000000000000, 1.000000000000000000 ) ) ;
#1726 = AXIS2_PLACEMENT_3D ( 'NONE', #2370, #2919, #4951 ) ;
#1727 = CARTESIAN_POINT ( 'NONE',  ( -2.400000000000001243, -2.099999999999999645, -0.5700000000000000622 ) ) ;
#1728 = PLANE ( 'NONE',  #5129 ) ;
#1729 = CARTESIAN_POINT ( 'NONE',  ( -2.400000000000002132, -2.099999999999999645, -0.2999999999999993783 ) ) ;
#1730 = CARTESIAN_POINT ( 'NONE',  ( -2.400000000000001243, -1.199999999999999734, -0.4699999999999998068 ) ) ;
#1731 = CIRCLE ( 'NONE', #1949, 0.1499999999999999667 ) ;
#1732 = CARTESIAN_POINT ( 'NONE',  ( -0.5500000000000001554, -1.049999999999999822, -0.5699999999999999512 ) ) ;
#1733 = CARTESIAN_POINT ( 'NONE',  ( -1.700000000000000622, 2.100000000000000089, -0.7699999999999999067 ) ) ;
#1734 = FILL_AREA_STYLE_COLOUR ( '', #3540 ) ;
#1735 = LINE ( 'NONE', #6452, #2574 ) ;
#1736 = ORIENTED_EDGE ( 'NONE', *, *, #2576, .F. ) ;
#1737 = MECHANICAL_DESIGN_GEOMETRIC_PRESENTATION_REPRESENTATION (  '', ( #2396 ), #5721 ) ;
#1738 = UNCERTAINTY_MEASURE_WITH_UNIT (LENGTH_MEASURE( 1.000000000000000082E-05 ), #4516, 'distance_accuracy_value', 'NONE');
#1739 = FACE_OUTER_BOUND ( 'NONE', #1343, .T. ) ;
#1740 = MECHANICAL_DESIGN_GEOMETRIC_PRESENTATION_REPRESENTATION (  '', ( #2401 ), #6505 ) ;
#1741 = CARTESIAN_POINT ( 'NONE',  ( 0.2838201673205150710, -0.4871897488101240015, 0.4500000000000000666 ) ) ;
#1742 = ORIENTED_EDGE ( 'NONE', *, *, #4239, .F. ) ;
#1743 = CARTESIAN_POINT ( 'NONE',  ( -2.500000000000001776, 2.100000000000000089, -0.2999999999999997113 ) ) ;
#1744 = FILL_AREA_STYLE_COLOUR ( '', #1434 ) ;
#1745 = LINE ( 'NONE', #3951, #1822 ) ;
#1746 = ADVANCED_FACE ( 'NONE', ( #2294 ), #4426, .F. ) ;
#1747 = SURFACE_STYLE_USAGE ( .BOTH. , #6502 ) ;
#1748 = ORIENTED_EDGE ( 'NONE', *, *, #561, .T. ) ;
#1749 = CARTESIAN_POINT ( 'NONE',  ( 2.400000000000001243, -1.199999999999999734, -0.7700000000000000178 ) ) ;
#1750 = AXIS2_PLACEMENT_3D ( 'NONE', #234, #5088, #3914 ) ;
#1751 = EDGE_LOOP ( 'NONE', ( #2859, #6485, #2968, #3082 ) ) ;
#1752 = DIRECTION ( 'NONE',  ( 0.9986295347545739443, 0.0000000000000000000, -0.05233595624294388321 ) ) ;
#1753 = SURFACE_STYLE_USAGE ( .BOTH. , #144 ) ;
#1754 = VERTEX_POINT ( 'NONE', #2552 ) ;
#1755 = AXIS2_PLACEMENT_3D ( 'NONE', #53, #5308, #537 ) ;
#1756 = DIRECTION ( 'NONE',  ( 0.0000000000000000000, 1.000000000000000000, 0.0000000000000000000 ) ) ;
#1757 = PRESENTATION_STYLE_ASSIGNMENT (( #5001 ) ) ;
#1758 =( NAMED_UNIT ( * ) PLANE_ANGLE_UNIT ( ) SI_UNIT ( $, .RADIAN. ) );
#1759 = MECHANICAL_DESIGN_GEOMETRIC_PRESENTATION_REPRESENTATION (  '', ( #404 ), #5422 ) ;
#1760 = CARTESIAN_POINT ( 'NONE',  ( -2.463314554501873754, -2.199999999999999734, -0.6999999999999999556 ) ) ;
#1761 =( LENGTH_UNIT ( ) NAMED_UNIT ( * ) SI_UNIT ( .MILLI., .METRE. ) );
#1762 = ADVANCED_FACE ( 'NONE', ( #5085 ), #2012, .T. ) ;
#1763 = ORIENTED_EDGE ( 'NONE', *, *, #1915, .T. ) ;
#1764 = FILL_AREA_STYLE ('',( #82 ) ) ;
#1765 = MECHANICAL_DESIGN_GEOMETRIC_PRESENTATION_REPRESENTATION (  '', ( #1980 ), #3080 ) ;
#1766 = DIRECTION ( 'NONE',  ( 1.971276677246371272E-16, 1.000000000000000000, 0.0000000000000000000 ) ) ;
#1767 = DIRECTION ( 'NONE',  ( -0.0000000000000000000, -0.0000000000000000000, -1.000000000000000000 ) ) ;
#1768 = ORIENTED_EDGE ( 'NONE', *, *, #4048, .F. ) ;
#1769 = FACE_OUTER_BOUND ( 'NONE', #6111, .T. ) ;
#1770 =( GEOMETRIC_REPRESENTATION_CONTEXT ( 3 ) GLOBAL_UNCERTAINTY_ASSIGNED_CONTEXT ( ( #5649 ) ) GLOBAL_UNIT_ASSIGNED_CONTEXT ( ( #6573, #1815, #768 ) ) REPRESENTATION_CONTEXT ( 'NONE', 'WORKASPACE' ) );
#1771 = AXIS2_PLACEMENT_3D ( 'NONE', #5548, #2928, #750 ) ;
#1772 = DIRECTION ( 'NONE',  ( 0.0000000000000000000, 1.000000000000000000, 0.0000000000000000000 ) ) ;
#1773 = COLOUR_RGB ( '',1.000000000000000000, 1.000000000000000000, 1.000000000000000000 ) ;
#1774 = DIRECTION ( 'NONE',  ( 1.000000000000000000, 0.0000000000000000000, 0.0000000000000000000 ) ) ;
#1775 = DIRECTION ( 'NONE',  ( -7.228014483236695175E-15, 0.0000000000000000000, 1.000000000000000000 ) ) ;
#1776 = DIRECTION ( 'NONE',  ( -0.0000000000000000000, -1.000000000000000000, -0.0000000000000000000 ) ) ;
#1777 = LINE ( 'NONE', #6022, #5930 ) ;
#1778 = ORIENTED_EDGE ( 'NONE', *, *, #2842, .F. ) ;
#1779 = LINE ( 'NONE', #5362, #6750 ) ;
#1780 = CARTESIAN_POINT ( 'NONE',  ( 1.412305442492822749, 0.4570589046025523849, 0.3500000000000000333 ) ) ;
#1781 = PRESENTATION_STYLE_ASSIGNMENT (( #2816 ) ) ;
#1782 = EDGE_LOOP ( 'NONE', ( #778, #2315, #5432, #3637 ) ) ;
#1783 = VERTEX_POINT ( 'NONE', #5722 ) ;
#1784 = STYLED_ITEM ( 'NONE', ( #5234 ), #891 ) ;
#1785 = UNCERTAINTY_MEASURE_WITH_UNIT (LENGTH_MEASURE( 1.000000000000000082E-05 ), #4615, 'distance_accuracy_value', 'NONE');
#1786 = ORIENTED_EDGE ( 'NONE', *, *, #4955, .T. ) ;
#1787 = PRODUCT_DEFINITION_SHAPE ( 'NONE', 'NONE',  #5640 ) ;
#1788 = ADVANCED_FACE ( 'NONE', ( #3588 ), #1975, .F. ) ;
#1789 = EDGE_CURVE ( 'NONE', #5251, #1646, #6209, .T. ) ;
#1790 = FILL_AREA_STYLE ('',( #4859 ) ) ;
#1791 = DIRECTION ( 'NONE',  ( -0.0000000000000000000, -1.000000000000000000, -0.0000000000000000000 ) ) ;
#1792 = CARTESIAN_POINT ( 'NONE',  ( 2.430009069179262848, 2.430009069179262848, 0.8000000000000000444 ) ) ;
#1793 = DIRECTION ( 'NONE',  ( -2.710505431213759113E-16, 1.000000000000000000, 0.0000000000000000000 ) ) ;
#1794 = UNCERTAINTY_MEASURE_WITH_UNIT (LENGTH_MEASURE( 1.000000000000000082E-05 ), #2580, 'distance_accuracy_value', 'NONE');
#1795 = VECTOR ( 'NONE', #85, 1000.000000000000114 ) ;
#1796 = COLOUR_RGB ( '',1.000000000000000000, 1.000000000000000000, 1.000000000000000000 ) ;
#1797 = EDGE_CURVE ( 'NONE', #1594, #3839, #2124, .T. ) ;
#1798 = DIRECTION ( 'NONE',  ( 0.0000000000000000000, -1.000000000000000000, 0.0000000000000000000 ) ) ;
#1799 = STYLED_ITEM ( 'NONE', ( #4476 ), #1895 ) ;
#1800 = AXIS2_PLACEMENT_3D ( 'NONE', #5003, #2310, #6036 ) ;
#1801 =( NAMED_UNIT ( * ) PLANE_ANGLE_UNIT ( ) SI_UNIT ( $, .RADIAN. ) );
#1802 = LINE ( 'NONE', #1902, #147 ) ;
#1803 = LINE ( 'NONE', #5117, #635 ) ;
#1804 = CARTESIAN_POINT ( 'NONE',  ( -0.9960286258184727348, -0.5332195235787651200, 0.3000000000000000444 ) ) ;
#1805 = PRESENTATION_LAYER_ASSIGNMENT (  '', '', ( #5471 ) ) ;
#1806 =( GEOMETRIC_REPRESENTATION_CONTEXT ( 3 ) GLOBAL_UNCERTAINTY_ASSIGNED_CONTEXT ( ( #2901 ) ) GLOBAL_UNIT_ASSIGNED_CONTEXT ( ( #1178, #3134, #2749 ) ) REPRESENTATION_CONTEXT ( 'NONE', 'WORKASPACE' ) );
#1807 = EDGE_CURVE ( 'NONE', #6331, #3212, #6272, .T. ) ;
#1808 = FACE_BOUND ( 'NONE', #117, .T. ) ;
#1809 = DIRECTION ( 'NONE',  ( 0.0000000000000000000, 0.0000000000000000000, 1.000000000000000000 ) ) ;
#1810 = FILL_AREA_STYLE_COLOUR ( '', #6174 ) ;
#1811 = DIRECTION ( 'NONE',  ( 2.710505431213759113E-16, 1.000000000000000000, 0.0000000000000000000 ) ) ;
#1812 = VECTOR ( 'NONE', #4813, 1000.000000000000000 ) ;
#1813 = VERTEX_POINT ( 'NONE', #1630 ) ;
#1814 = CARTESIAN_POINT ( 'NONE',  ( 0.2103187164337326220, 2.110000814877110997, 0.3500000000000000333 ) ) ;
#1815 =( NAMED_UNIT ( * ) PLANE_ANGLE_UNIT ( ) SI_UNIT ( $, .RADIAN. ) );
#1816 =( NAMED_UNIT ( * ) SI_UNIT ( $, .STERADIAN. ) SOLID_ANGLE_UNIT ( ) );
#1817 = ORIENTED_EDGE ( 'NONE', *, *, #904, .T. ) ;
#1818 = VECTOR ( 'NONE', #378, 1000.000000000000000 ) ;
#1819 = ORIENTED_EDGE ( 'NONE', *, *, #5402, .T. ) ;
#1820 = CARTESIAN_POINT ( 'NONE',  ( 0.2838201673205150155, 0.4046747618464905383, 0.3500000000000000333 ) ) ;
#1821 = ORIENTED_EDGE ( 'NONE', *, *, #853, .F. ) ;
#1822 = VECTOR ( 'NONE', #2743, 1000.000000000000000 ) ;
#1823 = ORIENTED_EDGE ( 'NONE', *, *, #1789, .T. ) ;
#1824 =( GEOMETRIC_REPRESENTATION_CONTEXT ( 3 ) GLOBAL_UNCERTAINTY_ASSIGNED_CONTEXT ( ( #6361 ) ) GLOBAL_UNIT_ASSIGNED_CONTEXT ( ( #1430, #905, #4622 ) ) REPRESENTATION_CONTEXT ( 'NONE', 'WORKASPACE' ) );
#1825 = CLOSED_SHELL ( 'NONE', ( #845, #5604, #5626, #5929, #1575, #4393, #1621, #912, #3851, #478, #4409 ) ) ;
#1826 = LINE ( 'NONE', #3963, #2678 ) ;
#1827 =( LENGTH_UNIT ( ) NAMED_UNIT ( * ) SI_UNIT ( .MILLI., .METRE. ) );
#1828 = SURFACE_STYLE_FILL_AREA ( #5514 ) ;
#1829 = CARTESIAN_POINT ( 'NONE',  ( 0.0000000000000000000, 0.0000000000000000000, 0.3000000000000000444 ) ) ;
#1830 = ORIENTED_EDGE ( 'NONE', *, *, #2908, .F. ) ;
#1831 = STYLED_ITEM ( 'NONE', ( #4415 ), #3555 ) ;
#1832 = PLANE ( 'NONE',  #732 ) ;
#1833 = EDGE_CURVE ( 'NONE', #711, #3032, #2619, .T. ) ;
#1834 = EDGE_CURVE ( 'NONE', #1311, #2276, #1590, .T. ) ;
#1835 = CARTESIAN_POINT ( 'NONE',  ( -1.043697599916538765, -0.1584055984559433750, 0.4500000000000000666 ) ) ;
#1836 = CIRCLE ( 'NONE', #6807, 0.1499999999999999667 ) ;
#1837 = CARTESIAN_POINT ( 'NONE',  ( 2.400000000000001243, -2.099999999999999645, -0.4699999999999998068 ) ) ;
#1838 = ORIENTED_EDGE ( 'NONE', *, *, #1004, .F. ) ;
#1839 = DIRECTION ( 'NONE',  ( 0.0000000000000000000, 0.0000000000000000000, -1.000000000000000000 ) ) ;
#1840 = DIRECTION ( 'NONE',  ( 0.0000000000000000000, -1.000000000000000000, 0.0000000000000000000 ) ) ;
#1841 = EDGE_LOOP ( 'NONE', ( #706, #4991, #2348, #962 ) ) ;
#1842 = ADVANCED_FACE ( 'NONE', ( #2589 ), #3732, .F. ) ;
#1843 = VECTOR ( 'NONE', #2325, 1000.000000000000000 ) ;
#1844 = CARTESIAN_POINT ( 'NONE',  ( 1.700000000000000622, -1.199999999999999734, -0.7699999999999999067 ) ) ;
#1845 = CARTESIAN_POINT ( 'NONE',  ( -1.146028625818473756, -0.7287392438591713262, 0.3000000000000000444 ) ) ;
#1846 = DIRECTION ( 'NONE',  ( 0.0000000000000000000, -1.000000000000000000, 0.0000000000000000000 ) ) ;
#1847 = CARTESIAN_POINT ( 'NONE',  ( 2.700000000000003286, -3.299999999999998490, -8.306732565912526210E-15 ) ) ;
#1848 = COLOUR_RGB ( '',1.000000000000000000, 1.000000000000000000, 1.000000000000000000 ) ;
#1849 = EDGE_LOOP ( 'NONE', ( #2526, #3087, #5028, #6686 ) ) ;
#1850 = FACE_OUTER_BOUND ( 'NONE', #81, .T. ) ;
#1851 =( LENGTH_UNIT ( ) NAMED_UNIT ( * ) SI_UNIT ( .MILLI., .METRE. ) );
#1852 = CARTESIAN_POINT ( 'NONE',  ( -0.9960286258184727348, -0.5332195235787651200, 0.3000000000000000444 ) ) ;
#1853 = ORIENTED_EDGE ( 'NONE', *, *, #405, .F. ) ;
#1854 = FACE_OUTER_BOUND ( 'NONE', #5092, .T. ) ;
#1855 = EDGE_CURVE ( 'NONE', #5829, #5729, #1121, .T. ) ;
#1856 = AXIS2_PLACEMENT_3D ( 'NONE', #634, #1725, #2174 ) ;
#1857 = EDGE_LOOP ( 'NONE', ( #4067, #2217, #5692, #881 ) ) ;
#1858 = LINE ( 'NONE', #5473, #2577 ) ;
#1859 = VECTOR ( 'NONE', #1373, 1000.000000000000000 ) ;
#1860 = UNCERTAINTY_MEASURE_WITH_UNIT (LENGTH_MEASURE( 1.000000000000000082E-05 ), #4572, 'distance_accuracy_value', 'NONE');
#1861 = EDGE_CURVE ( 'NONE', #1722, #2437, #6304, .T. ) ;
#1862 = DIRECTION ( 'NONE',  ( -0.0000000000000000000, -1.000000000000000000, -0.0000000000000000000 ) ) ;
#1863 = VECTOR ( 'NONE', #5650, 1000.000000000000000 ) ;
#1864 = CARTESIAN_POINT ( 'NONE',  ( -2.470127565808668990, -2.099999999999999645, -0.5699999999999999512 ) ) ;
#1865 = CARTESIAN_POINT ( 'NONE',  ( 2.500000000000002220, 2.500000000000002220, 0.0000000000000000000 ) ) ;
#1866 = PLANE ( 'NONE',  #1771 ) ;
#1867 = PRESENTATION_STYLE_ASSIGNMENT (( #5069 ) ) ;
#1868 = FILL_AREA_STYLE_COLOUR ( '', #5109 ) ;
#1869 = SURFACE_SIDE_STYLE ('',( #2380 ) ) ;
#1870 = EDGE_LOOP ( 'NONE', ( #3791, #360, #3952, #6216 ) ) ;
#1871 = AXIS2_PLACEMENT_3D ( 'NONE', #1400, #6572, #2945 ) ;
#1872 = EDGE_CURVE ( 'NONE', #6023, #1702, #3264, .T. ) ;
#1873 =( NAMED_UNIT ( * ) SI_UNIT ( $, .STERADIAN. ) SOLID_ANGLE_UNIT ( ) );
#1874 =( NAMED_UNIT ( * ) SI_UNIT ( $, .STERADIAN. ) SOLID_ANGLE_UNIT ( ) );
#1875 = PLANE ( 'NONE',  #5095 ) ;
#1876 = ORIENTED_EDGE ( 'NONE', *, *, #1941, .F. ) ;
#1877 = STYLED_ITEM ( 'NONE', ( #311 ), #6479 ) ;
#1878 = MECHANICAL_DESIGN_GEOMETRIC_PRESENTATION_REPRESENTATION (  '', ( #6412 ), #6093 ) ;
#1879 = DIRECTION ( 'NONE',  ( -0.0000000000000000000, -0.0000000000000000000, -1.000000000000000000 ) ) ;
#1880 = EDGE_CURVE ( 'NONE', #4650, #2435, #3695, .T. ) ;
#1881 = EDGE_CURVE ( 'NONE', #6279, #235, #1700, .T. ) ;
#1882 = FACE_OUTER_BOUND ( 'NONE', #5314, .T. ) ;
#1883 =( NAMED_UNIT ( * ) SI_UNIT ( $, .STERADIAN. ) SOLID_ANGLE_UNIT ( ) );
#1884 = CARTESIAN_POINT ( 'NONE',  ( -2.700000000000001954, -1.199999999999999734, -0.3000000000000003220 ) ) ;
#1885 = VERTEX_POINT ( 'NONE', #4830 ) ;
#1886 = CARTESIAN_POINT ( 'NONE',  ( -0.1415856775653445976, 0.4413501301401799304, 0.4500000000000000666 ) ) ;
#1887 = COLOUR_RGB ( '',1.000000000000000000, 1.000000000000000000, 1.000000000000000000 ) ;
#1888 = PRESENTATION_LAYER_ASSIGNMENT (  '', '', ( #3671 ) ) ;
#1889 = EDGE_LOOP ( 'NONE', ( #3922, #1587, #1778, #3789 ) ) ;
#1890 = ADVANCED_FACE ( 'NONE', ( #5381 ), #2730, .F. ) ;
#1891 = CARTESIAN_POINT ( 'NONE',  ( -2.430009069179263292, 1.680009069179261294, 0.8000000000000000444 ) ) ;
#1892 = ORIENTED_EDGE ( 'NONE', *, *, #5697, .T. ) ;
#1893 = SURFACE_STYLE_USAGE ( .BOTH. , #1408 ) ;
#1894 = PRESENTATION_LAYER_ASSIGNMENT (  '', '', ( #3906 ) ) ;
#1895 = ADVANCED_FACE ( 'NONE', ( #5824 ), #3176, .F. ) ;
#1896 = SURFACE_STYLE_USAGE ( .BOTH. , #4509 ) ;
#1897 = LINE ( 'NONE', #4024, #6124 ) ;
#1898 = CARTESIAN_POINT ( 'NONE',  ( 2.400000000000001243, -1.199999999999999734, -0.7700000000000000178 ) ) ;
#1899 = SURFACE_SIDE_STYLE ('',( #6197 ) ) ;
#1901 = AXIS2_PLACEMENT_3D ( 'NONE', #6746, #2927, #5103 ) ;
#1900 = CARTESIAN_POINT ( 'NONE',  ( 0.4838201673205150821, -0.2871897488101240459, 0.4500000000000000666 ) ) ;
#1902 = CARTESIAN_POINT ( 'NONE',  ( 1.600000000000000311, 1.099999999999999867, -0.5699999999999999512 ) ) ;
#1903 = CARTESIAN_POINT ( 'NONE',  ( 2.400000000000002132, -2.099999999999999645, -0.2999999999999993783 ) ) ;
#1904 = DIRECTION ( 'NONE',  ( 0.0000000000000000000, 0.0000000000000000000, -1.000000000000000000 ) ) ;
#1905 =( GEOMETRIC_REPRESENTATION_CONTEXT ( 3 ) GLOBAL_UNCERTAINTY_ASSIGNED_CONTEXT ( ( #3173 ) ) GLOBAL_UNIT_ASSIGNED_CONTEXT ( ( #6173, #5688, #5210 ) ) REPRESENTATION_CONTEXT ( 'NONE', 'WORKASPACE' ) );
#1906 = CARTESIAN_POINT ( 'NONE',  ( -1.700000000000000622, -1.199999999999999734, -0.7699999999999999067 ) ) ;
#1907 = CIRCLE ( 'NONE', #4918, 0.3000000000000000444 ) ;
#1908 =( NAMED_UNIT ( * ) SI_UNIT ( $, .STERADIAN. ) SOLID_ANGLE_UNIT ( ) );
#1909 = SURFACE_STYLE_FILL_AREA ( #833 ) ;
#1910 = ORIENTED_EDGE ( 'NONE', *, *, #6162, .T. ) ;
#1911 = DIRECTION ( 'NONE',  ( 1.000000000000000000, 0.0000000000000000000, 0.0000000000000000000 ) ) ;
#1912 = SURFACE_STYLE_USAGE ( .BOTH. , #3526 ) ;
#1913 = ORIENTED_EDGE ( 'NONE', *, *, #5846, .T. ) ;
#1914 = VECTOR ( 'NONE', #3093, 1000.000000000000000 ) ;
#1915 = EDGE_CURVE ( 'NONE', #2516, #4881, #1695, .T. ) ;
#1916 = EDGE_CURVE ( 'NONE', #4772, #1813, #1218, .T. ) ;
#1917 = LINE ( 'NONE', #5913, #2092 ) ;
#1918 = PLANE ( 'NONE',  #3496 ) ;
#1919 = EDGE_LOOP ( 'NONE', ( #1423, #4691, #3174, #2136, #29, #4181, #5215, #3619, #333 ) ) ;
#1920 = CYLINDRICAL_SURFACE ( 'NONE', #6827, 0.1500000000000000222 ) ;
#1921 = EDGE_CURVE ( 'NONE', #3978, #242, #4962, .T. ) ;
#1922 = FILL_AREA_STYLE ('',( #5164 ) ) ;
#1923 = FILL_AREA_STYLE ('',( #606 ) ) ;
#1924 =( GEOMETRIC_REPRESENTATION_CONTEXT ( 3 ) GLOBAL_UNCERTAINTY_ASSIGNED_CONTEXT ( ( #6845 ) ) GLOBAL_UNIT_ASSIGNED_CONTEXT ( ( #4780, #1104, #4300 ) ) REPRESENTATION_CONTEXT ( 'NONE', 'WORKASPACE' ) );
#1925 = LINE ( 'NONE', #3443, #5644 ) ;
#1926 = FILL_AREA_STYLE ('',( #6676 ) ) ;
#1927 = SURFACE_STYLE_USAGE ( .BOTH. , #280 ) ;
#1928 = DIRECTION ( 'NONE',  ( -0.0000000000000000000, -0.0000000000000000000, -1.000000000000000000 ) ) ;
#1929 = EDGE_CURVE ( 'NONE', #469, #3738, #1253, .T. ) ;
#1930 = VECTOR ( 'NONE', #3774, 1000.000000000000000 ) ;
#1931 = PRESENTATION_LAYER_ASSIGNMENT (  '', '', ( #1047 ) ) ;
#1932 = CARTESIAN_POINT ( 'NONE',  ( 1.930905544980987543, 2.110000814877110997, 0.3500000000000000333 ) ) ;
#1933 =( GEOMETRIC_REPRESENTATION_CONTEXT ( 3 ) GLOBAL_UNCERTAINTY_ASSIGNED_CONTEXT ( ( #810 ) ) GLOBAL_UNIT_ASSIGNED_CONTEXT ( ( #1761, #185, #1152 ) ) REPRESENTATION_CONTEXT ( 'NONE', 'WORKASPACE' ) );
#1934 = VERTEX_POINT ( 'NONE', #3825 ) ;
#1935 =( LENGTH_UNIT ( ) NAMED_UNIT ( * ) SI_UNIT ( .MILLI., .METRE. ) );
#1936 = SURFACE_STYLE_FILL_AREA ( #3975 ) ;
#1937 = ORIENTED_EDGE ( 'NONE', *, *, #2222, .F. ) ;
#1938 =( NAMED_UNIT ( * ) PLANE_ANGLE_UNIT ( ) SI_UNIT ( $, .RADIAN. ) );
#1939 = LINE ( 'NONE', #2970, #4060 ) ;
#1940 = ORIENTED_EDGE ( 'NONE', *, *, #3826, .F. ) ;
#1941 = EDGE_CURVE ( 'NONE', #6820, #5503, #1288, .T. ) ;
#1942 = DIRECTION ( 'NONE',  ( 0.0000000000000000000, -1.000000000000000000, -0.0000000000000000000 ) ) ;
#1943 = DIRECTION ( 'NONE',  ( 0.0000000000000000000, 0.0000000000000000000, -1.000000000000000000 ) ) ;
#1944 = LINE ( 'NONE', #4721, #3705 ) ;
#1945 = VERTEX_POINT ( 'NONE', #5511 ) ;
#1946 = DIRECTION ( 'NONE',  ( 1.000000000000000000, -1.400746772075018613E-16, 0.0000000000000000000 ) ) ;
#1947 = FILL_AREA_STYLE ('',( #5053 ) ) ;
#1948 = EDGE_LOOP ( 'NONE', ( #1091, #760, #2860, #5366 ) ) ;
#1949 = AXIS2_PLACEMENT_3D ( 'NONE', #3271, #6420, #4765 ) ;
#1950 = VECTOR ( 'NONE', #929, 1000.000000000000000 ) ;
#1951 = ORIENTED_EDGE ( 'NONE', *, *, #2393, .F. ) ;
#1952 = CARTESIAN_POINT ( 'NONE',  ( 0.2838201673205150710, 1.116322564166215559, 0.3500000000000000333 ) ) ;
#1953 = ORIENTED_EDGE ( 'NONE', *, *, #2926, .T. ) ;
#1954 = DIRECTION ( 'NONE',  ( 0.0000000000000000000, 1.000000000000000000, 0.0000000000000000000 ) ) ;
#1955 = AXIS2_PLACEMENT_3D ( 'NONE', #2792, #675, #3895 ) ;
#1956 = VERTEX_POINT ( 'NONE', #1727 ) ;
#1957 = LINE ( 'NONE', #5573, #4030 ) ;
#1958 = UNCERTAINTY_MEASURE_WITH_UNIT (LENGTH_MEASURE( 1.000000000000000082E-05 ), #2658, 'distance_accuracy_value', 'NONE');
#1959 =( NAMED_UNIT ( * ) SI_UNIT ( $, .STERADIAN. ) SOLID_ANGLE_UNIT ( ) );
#1960 = FACE_OUTER_BOUND ( 'NONE', #6348, .T. ) ;
#1961 =( GEOMETRIC_REPRESENTATION_CONTEXT ( 3 ) GLOBAL_UNCERTAINTY_ASSIGNED_CONTEXT ( ( #3891 ) ) GLOBAL_UNIT_ASSIGNED_CONTEXT ( ( #3308, #3810, #2161 ) ) REPRESENTATION_CONTEXT ( 'NONE', 'WORKASPACE' ) );
#1962 = FILL_AREA_STYLE ('',( #5068 ) ) ;
#1963 = CARTESIAN_POINT ( 'NONE',  ( 2.499117102666011725, -1.199999999999999734, -0.01684668471109857651 ) ) ;
#1964 = CARTESIAN_POINT ( 'NONE',  ( 0.0000000000000000000, 0.0000000000000000000, 0.3007161552948416916 ) ) ;
#1965 = PLANE ( 'NONE',  #6814 ) ;
#1966 = CARTESIAN_POINT ( 'NONE',  ( 0.2838201673205150710, 0.9163225641662154919, 0.3500000000000000333 ) ) ;
#1967 = VECTOR ( 'NONE', #2721, 1000.000000000000000 ) ;
#1968 = FACE_OUTER_BOUND ( 'NONE', #5766, .T. ) ;
#1969 = COLOUR_RGB ( '',0.8980392156862745390, 0.9215686274509803377, 0.9294117647058823817 ) ;
#1970 = EDGE_CURVE ( 'NONE', #48, #2463, #2755, .T. ) ;
#1971 = AXIS2_PLACEMENT_3D ( 'NONE', #870, #6213, #6728 ) ;
#1972 = PLANE ( 'NONE',  #4326 ) ;
#1973 = FILL_AREA_STYLE_COLOUR ( '', #5058 ) ;
#1974 = ORIENTED_EDGE ( 'NONE', *, *, #3283, .F. ) ;
#1975 = PLANE ( 'NONE',  #3365 ) ;
#1976 = SURFACE_STYLE_USAGE ( .BOTH. , #1008 ) ;
#1978 = EDGE_CURVE ( 'NONE', #6599, #3223, #5999, .T. ) ;
#1977 = CARTESIAN_POINT ( 'NONE',  ( 0.2838201673205150710, 0.9163225641662154919, 0.4500000000000000666 ) ) ;
#1979 = VERTEX_POINT ( 'NONE', #4410 ) ;
#1980 = STYLED_ITEM ( 'NONE', ( #1070 ), #5664 ) ;
#1981 = SURFACE_STYLE_USAGE ( .BOTH. , #2430 ) ;
#1982 = PRESENTATION_LAYER_ASSIGNMENT (  '', '', ( #4997 ) ) ;
#1983 = ORIENTED_EDGE ( 'NONE', *, *, #6167, .T. ) ;
#1984 =( GEOMETRIC_REPRESENTATION_CONTEXT ( 3 ) GLOBAL_UNCERTAINTY_ASSIGNED_CONTEXT ( ( #6796 ) ) GLOBAL_UNIT_ASSIGNED_CONTEXT ( ( #5243, #5758, #4206 ) ) REPRESENTATION_CONTEXT ( 'NONE', 'WORKASPACE' ) );
#1985 = EDGE_LOOP ( 'NONE', ( #4698, #4373, #2880, #3181 ) ) ;
#1986 = SURFACE_STYLE_FILL_AREA ( #2403 ) ;
#1987 = EDGE_LOOP ( 'NONE', ( #3121, #702, #376 ) ) ;
#1988 = SURFACE_STYLE_USAGE ( .BOTH. , #4260 ) ;
#1989 = ORIENTED_EDGE ( 'NONE', *, *, #6273, .T. ) ;
#1990 = CARTESIAN_POINT ( 'NONE',  ( 0.0000000000000000000, 0.0000000000000000000, 0.8000000000000000444 ) ) ;
#1991 = CIRCLE ( 'NONE', #4450, 0.1000000000000002554 ) ;
#1992 = LINE ( 'NONE', #6615, #6576 ) ;
#1993 =( LENGTH_UNIT ( ) NAMED_UNIT ( * ) SI_UNIT ( .MILLI., .METRE. ) );
#1994 = DIRECTION ( 'NONE',  ( 1.000000000000000000, -0.0000000000000000000, -0.0000000000000000000 ) ) ;
#1995 = CARTESIAN_POINT ( 'NONE',  ( -1.146028625818473756, -0.7287392438591713262, 0.3500000000000000333 ) ) ;
#1996 = ORIENTED_EDGE ( 'NONE', *, *, #3954, .F. ) ;
#1997 = LINE ( 'NONE', #925, #1279 ) ;
#1998 = FILL_AREA_STYLE ('',( #1868 ) ) ;
#1999 = VECTOR ( 'NONE', #5587, 1000.000000000000000 ) ;
#2000 = FILL_AREA_STYLE_COLOUR ( '', #5169 ) ;
#2001 = EDGE_CURVE ( 'NONE', #3597, #318, #5407, .T. ) ;
#2002 = EDGE_CURVE ( 'NONE', #6512, #2921, #1826, .T. ) ;
#2003 = LINE ( 'NONE', #2652, #1439 ) ;
#2004 = VERTEX_POINT ( 'NONE', #3439 ) ;
#2005 = FACE_OUTER_BOUND ( 'NONE', #6470, .T. ) ;
#2006 = CARTESIAN_POINT ( 'NONE',  ( 1.930905544980987543, 2.110000814877110997, 0.3500000000000000333 ) ) ;
#2007 = ORIENTED_EDGE ( 'NONE', *, *, #4419, .T. ) ;
#2008 = CARTESIAN_POINT ( 'NONE',  ( 0.0000000000000000000, 0.0000000000000000000, 0.3500000000000000333 ) ) ;
#2009 = CARTESIAN_POINT ( 'NONE',  ( 2.470127565808668990, -2.099999999999997868, -0.5699999999999999512 ) ) ;
#2010 = PRESENTATION_LAYER_ASSIGNMENT (  '', '', ( #2551 ) ) ;
#2011 = EDGE_CURVE ( 'NONE', #1087, #331, #6516, .T. ) ;
#2012 = PLANE ( 'NONE',  #797 ) ;
#2013 =( LENGTH_UNIT ( ) NAMED_UNIT ( * ) SI_UNIT ( .MILLI., .METRE. ) );
#2014 = STYLED_ITEM ( 'NONE', ( #1757 ), #968 ) ;
#2015 = PLANE ( 'NONE',  #3986 ) ;
#2016 = EDGE_LOOP ( 'NONE', ( #1699, #3163, #208, #6395 ) ) ;
#2017 =( NAMED_UNIT ( * ) PLANE_ANGLE_UNIT ( ) SI_UNIT ( $, .RADIAN. ) );
#2018 = EDGE_CURVE ( 'NONE', #6276, #364, #335, .T. ) ;
#2019 = ORIENTED_EDGE ( 'NONE', *, *, #1125, .F. ) ;
#2020 = ORIENTED_EDGE ( 'NONE', *, *, #2843, .F. ) ;
#2021 = FILL_AREA_STYLE ('',( #1640 ) ) ;
#2022 = MECHANICAL_DESIGN_GEOMETRIC_PRESENTATION_REPRESENTATION (  '', ( #4470 ), #4694 ) ;
#2023 = VECTOR ( 'NONE', #3171, 1000.000000000000000 ) ;
#2024 = ORIENTED_EDGE ( 'NONE', *, *, #4685, .T. ) ;
#2025 = DIRECTION ( 'NONE',  ( 1.776016655323403858E-16, -1.000000000000000000, 0.0000000000000000000 ) ) ;
#2026 = ORIENTED_EDGE ( 'NONE', *, *, #4142, .T. ) ;
#2027 = AXIS2_PLACEMENT_3D ( 'NONE', #917, #4745, #4672 ) ;
#2028 = SURFACE_SIDE_STYLE ('',( #553 ) ) ;
#2029 = CARTESIAN_POINT ( 'NONE',  ( 0.3603187164337327553, 0.9751250982098667031, 0.3000000000000000444 ) ) ;
#2030 = PRESENTATION_LAYER_ASSIGNMENT (  '', '', ( #346 ) ) ;
#2031 = SURFACE_STYLE_FILL_AREA ( #4305 ) ;
#2032 = LINE ( 'NONE', #4163, #4020 ) ;
#2033 = DIRECTION ( 'NONE',  ( -1.000000000000000000, 0.0000000000000000000, 0.0000000000000000000 ) ) ;
#2034 = ORIENTED_EDGE ( 'NONE', *, *, #4361, .F. ) ;
#2036 = EDGE_CURVE ( 'NONE', #5829, #5734, #637, .T. ) ;
#2035 =( NAMED_UNIT ( * ) SI_UNIT ( $, .STERADIAN. ) SOLID_ANGLE_UNIT ( ) );
#2037 = ORIENTED_EDGE ( 'NONE', *, *, #4987, .F. ) ;
#2038 = VECTOR ( 'NONE', #2226, 1000.000000000000000 ) ;
#2040 = VECTOR ( 'NONE', #1308, 1000.000000000000000 ) ;
#2039 = DIRECTION ( 'NONE',  ( -0.0000000000000000000, -1.000000000000000000, -0.0000000000000000000 ) ) ;
#2041 = LINE ( 'NONE', #49, #6709 ) ;
#2042 = PLANE ( 'NONE',  #4229 ) ;
#2043 = CIRCLE ( 'NONE', #6477, 0.1499999999999999667 ) ;
#2044 = LINE ( 'NONE', #5763, #79 ) ;
#2045 = VERTEX_POINT ( 'NONE', #1864 ) ;
#2046 = DIRECTION ( 'NONE',  ( -1.000000000000000000, -2.000708728360073702E-16, 0.0000000000000000000 ) ) ;
#2047 = EDGE_CURVE ( 'NONE', #5174, #6300, #4023, .T. ) ;
#2048 = LINE ( 'NONE', #5765, #4279 ) ;
#2049 = ORIENTED_EDGE ( 'NONE', *, *, #4910, .T. ) ;
#2050 = FILL_AREA_STYLE ('',( #4801 ) ) ;
#2051 = PRESENTATION_LAYER_ASSIGNMENT (  '', '', ( #483 ) ) ;
#2052 = ORIENTED_EDGE ( 'NONE', *, *, #44, .T. ) ;
#2053 = PRESENTATION_STYLE_ASSIGNMENT (( #1500 ) ) ;
#2054 = EDGE_CURVE ( 'NONE', #681, #1319, #4120, .T. ) ;
#2055 = FILL_AREA_STYLE ('',( #6312 ) ) ;
#2056 = CARTESIAN_POINT ( 'NONE',  ( -0.1831650461902200044, -0.1370056143358111267, 0.3500000000000000333 ) ) ;
#2057 = UNCERTAINTY_MEASURE_WITH_UNIT (LENGTH_MEASURE( 1.000000000000000082E-05 ), #4826, 'distance_accuracy_value', 'NONE');
#2058 = DIRECTION ( 'NONE',  ( -0.0000000000000000000, -0.0000000000000000000, -1.000000000000000000 ) ) ;
#2059 = PRESENTATION_LAYER_ASSIGNMENT (  '', '', ( #2285 ) ) ;
#2060 = LINE ( 'NONE', #6352, #4256 ) ;
#2061 = DIRECTION ( 'NONE',  ( -1.000000000000000000, 0.0000000000000000000, 0.0000000000000000000 ) ) ;
#2062 = CARTESIAN_POINT ( 'NONE',  ( -1.043697599916538765, 0.4413501301401799304, 0.3500000000000000333 ) ) ;
#2063 = EDGE_CURVE ( 'NONE', #223, #1437, #1992, .T. ) ;
#2064 = SURFACE_STYLE_FILL_AREA ( #6435 ) ;
#2065 =( GEOMETRIC_REPRESENTATION_CONTEXT ( 3 ) GLOBAL_UNCERTAINTY_ASSIGNED_CONTEXT ( ( #953 ) ) GLOBAL_UNIT_ASSIGNED_CONTEXT ( ( #6823, #1628, #5867 ) ) REPRESENTATION_CONTEXT ( 'NONE', 'WORKASPACE' ) );
#2066 = ORIENTED_EDGE ( 'NONE', *, *, #3303, .F. ) ;
#2067 = STYLED_ITEM ( 'NONE', ( #73 ), #4284 ) ;
#2068 = CARTESIAN_POINT ( 'NONE',  ( -1.599999999999999867, 1.100000000000000089, -0.6999999999999999556 ) ) ;
#2069 = DIRECTION ( 'NONE',  ( -0.5150380749100548217, 6.307397298776134510E-17, 0.8571673007021118895 ) ) ;
#2070 = SURFACE_SIDE_STYLE ('',( #1909 ) ) ;
#2071 = ORIENTED_EDGE ( 'NONE', *, *, #4646, .F. ) ;
#2072 = SURFACE_STYLE_FILL_AREA ( #6822 ) ;
#2073 = ADVANCED_FACE ( 'NONE', ( #6125 ), #6647, .T. ) ;
#2074 =( LENGTH_UNIT ( ) NAMED_UNIT ( * ) SI_UNIT ( .MILLI., .METRE. ) );
#2075 = STYLED_ITEM ( 'NONE', ( #218 ), #5084 ) ;
#2076 = DIRECTION ( 'NONE',  ( -1.000000000000000000, 0.0000000000000000000, 0.0000000000000000000 ) ) ;
#2077 = ORIENTED_EDGE ( 'NONE', *, *, #1573, .F. ) ;
#2078 = DIRECTION ( 'NONE',  ( -0.0000000000000000000, -0.0000000000000000000, -1.000000000000000000 ) ) ;
#2079 = CARTESIAN_POINT ( 'NONE',  ( -1.700000000000000622, 2.100000000000000089, -0.7699999999999999067 ) ) ;
#2080 = ORIENTED_EDGE ( 'NONE', *, *, #1082, .T. ) ;
#2081 = MECHANICAL_DESIGN_GEOMETRIC_PRESENTATION_REPRESENTATION (  '', ( #982 ), #643 ) ;
#2082 = AXIS2_PLACEMENT_3D ( 'NONE', #4467, #800, #1911 ) ;
#2083 = FACE_OUTER_BOUND ( 'NONE', #3431, .T. ) ;
#2084 = EDGE_CURVE ( 'NONE', #2999, #3738, #846, .T. ) ;
#2085 = EDGE_CURVE ( 'NONE', #3320, #5060, #2438, .T. ) ;
#2086 = MECHANICAL_DESIGN_GEOMETRIC_PRESENTATION_REPRESENTATION (  '', ( #2197 ), #6403 ) ;
#2087 = DIRECTION ( 'NONE',  ( 0.0000000000000000000, 1.000000000000000000, 0.0000000000000000000 ) ) ;
#2088 = COLOUR_RGB ( '',0.8980392156862745390, 0.9215686274509803377, 0.9294117647058823817 ) ;
#2089 = ORIENTED_EDGE ( 'NONE', *, *, #2498, .T. ) ;
#2090 = DIRECTION ( 'NONE',  ( -0.0000000000000000000, -1.000000000000000000, -0.0000000000000000000 ) ) ;
#2091 = FACE_OUTER_BOUND ( 'NONE', #1870, .T. ) ;
#2092 = VECTOR ( 'NONE', #4323, 1000.000000000000000 ) ;
#2093 = CARTESIAN_POINT ( 'NONE',  ( 2.400000000000001243, 2.100000000000000089, -0.4699999999999998068 ) ) ;
#2094 = VECTOR ( 'NONE', #3132, 1000.000000000000000 ) ;
#2095 = AXIS2_PLACEMENT_3D ( 'NONE', #1151, #1696, #3831 ) ;
#2096 = ADVANCED_FACE ( 'NONE', ( #2955 ), #2990, .F. ) ;
#2097 = DIRECTION ( 'NONE',  ( 0.0000000000000000000, 0.0000000000000000000, -1.000000000000000000 ) ) ;
#2098 = COLOUR_RGB ( '',1.000000000000000000, 1.000000000000000000, 1.000000000000000000 ) ;
#2099 = LINE ( 'NONE', #4634, #4852 ) ;
#2100 = CARTESIAN_POINT ( 'NONE',  ( 1.930905544980987543, -2.056952929731181268, 0.3000000000000000444 ) ) ;
#2101 = DIRECTION ( 'NONE',  ( 0.0000000000000000000, -0.0000000000000000000, -1.000000000000000000 ) ) ;
#2102 = ORIENTED_EDGE ( 'NONE', *, *, #4963, .F. ) ;
#2103 = DIRECTION ( 'NONE',  ( -1.000000000000000000, 0.0000000000000000000, 0.0000000000000000000 ) ) ;
#2104 = COLOUR_RGB ( '',1.000000000000000000, 1.000000000000000000, 1.000000000000000000 ) ;
#2105 = CARTESIAN_POINT ( 'NONE',  ( -1.919276727925023351, -0.8787392438591723476, 0.3000000000000000444 ) ) ;
#2106 = ORIENTED_EDGE ( 'NONE', *, *, #584, .T. ) ;
#2107 = EDGE_CURVE ( 'NONE', #567, #3919, #1957, .T. ) ;
#2108 = SURFACE_SIDE_STYLE ('',( #3616 ) ) ;
#2109 = LINE ( 'NONE', #5302, #649 ) ;
#2110 = ORIENTED_EDGE ( 'NONE', *, *, #6514, .T. ) ;
#2111 = SURFACE_STYLE_FILL_AREA ( #3694 ) ;
#2112 = CARTESIAN_POINT ( 'NONE',  ( 0.5500000000000000444, -2.240667692902679420, -0.6999999999999999556 ) ) ;
#2113 = ORIENTED_EDGE ( 'NONE', *, *, #6608, .F. ) ;
#2114 =( LENGTH_UNIT ( ) NAMED_UNIT ( * ) SI_UNIT ( .MILLI., .METRE. ) );
#2115 = CARTESIAN_POINT ( 'NONE',  ( 1.700000000000000622, 2.100000000000000089, -0.5699999999999999512 ) ) ;
#2116 = FACE_BOUND ( 'NONE', #6775, .T. ) ;
#2117 = COLOUR_RGB ( '',0.8980392156862745390, 0.9215686274509803377, 0.9294117647058823817 ) ;
#2118 = CYLINDRICAL_SURFACE ( 'NONE', #3324, 1.699999999999999956 ) ;
#2119 = EDGE_LOOP ( 'NONE', ( #2556, #5011, #480, #4287 ) ) ;
#2120 = PLANE ( 'NONE',  #4756 ) ;
#2121 = CARTESIAN_POINT ( 'NONE',  ( -2.500000000000002220, -2.500000000000002220, 0.0000000000000000000 ) ) ;
#2122 = ORIENTED_EDGE ( 'NONE', *, *, #3582, .F. ) ;
#2124 = CIRCLE ( 'NONE', #3244, 0.1000000000000002554 ) ;
#2123 = FACE_OUTER_BOUND ( 'NONE', #1403, .T. ) ;
#2125 = ADVANCED_FACE ( 'NONE', ( #1444 ), #4052, .T. ) ;
#2126 = FACE_OUTER_BOUND ( 'NONE', #3135, .T. ) ;
#2127 =( NAMED_UNIT ( * ) PLANE_ANGLE_UNIT ( ) SI_UNIT ( $, .RADIAN. ) );
#2128 = CARTESIAN_POINT ( 'NONE',  ( -2.400000000000002132, -2.099999999999999645, -0.2999999999999993783 ) ) ;
#2129 = ORIENTED_EDGE ( 'NONE', *, *, #781, .T. ) ;
#2130 = DIRECTION ( 'NONE',  ( 1.000000000000000000, -1.400746772075018613E-16, 0.0000000000000000000 ) ) ;
#2131 = EDGE_LOOP ( 'NONE', ( #5655, #6329, #1786, #2700 ) ) ;
#2132 = FACE_BOUND ( 'NONE', #2684, .T. ) ;
#2133 = DIRECTION ( 'NONE',  ( -0.0000000000000000000, -1.000000000000000000, -0.0000000000000000000 ) ) ;
#2134 = EDGE_CURVE ( 'NONE', #1437, #6566, #342, .T. ) ;
#2135 = VECTOR ( 'NONE', #3128, 1000.000000000000000 ) ;
#2136 = ORIENTED_EDGE ( 'NONE', *, *, #3629, .T. ) ;
#2137 = CARTESIAN_POINT ( 'NONE',  ( -1.700000000000000400, -2.099999999999999645, -0.7699999999999999067 ) ) ;
#2138 = VECTOR ( 'NONE', #3061, 1000.000000000000000 ) ;
#2139 = VECTOR ( 'NONE', #1478, 1000.000000000000000 ) ;
#2140 =( LENGTH_UNIT ( ) NAMED_UNIT ( * ) SI_UNIT ( .MILLI., .METRE. ) );
#2141 = CARTESIAN_POINT ( 'NONE',  ( 2.400000000000002132, -2.099999999999999645, -0.2999999999999993783 ) ) ;
#2142 = DIRECTION ( 'NONE',  ( -1.000000000000000000, 0.0000000000000000000, -0.0000000000000000000 ) ) ;
#2143 = DIRECTION ( 'NONE',  ( -1.000000000000000000, 4.818676322157797375E-16, 0.0000000000000000000 ) ) ;
#2144 = EDGE_CURVE ( 'NONE', #3803, #2305, #3715, .T. ) ;
#2145 = EDGE_LOOP ( 'NONE', ( #5312, #525, #5050, #5153 ) ) ;
#2146 = UNCERTAINTY_MEASURE_WITH_UNIT (LENGTH_MEASURE( 1.000000000000000082E-05 ), #1591, 'distance_accuracy_value', 'NONE');
#2147 = SURFACE_STYLE_USAGE ( .BOTH. , #2659 ) ;
#2148 = VECTOR ( 'NONE', #5507, 1000.000000000000000 ) ;
#2149 = CARTESIAN_POINT ( 'NONE',  ( -1.971607025033961236, 0.8251250982098667919, 0.3500000000000000333 ) ) ;
#2150 = CARTESIAN_POINT ( 'NONE',  ( 1.700000000000000400, 1.200000000000000622, -0.7699999999999999067 ) ) ;
#2151 = CARTESIAN_POINT ( 'NONE',  ( 2.500000000000001776, -1.199999999999999734, -0.2999999999999997113 ) ) ;
#2152 = PRESENTATION_LAYER_ASSIGNMENT (  '', '', ( #4270 ) ) ;
#2153 = ORIENTED_EDGE ( 'NONE', *, *, #3194, .T. ) ;
#2154 = PLANE ( 'NONE',  #5535 ) ;
#2155 = FILL_AREA_STYLE_COLOUR ( '', #6045 ) ;
#2156 = EDGE_CURVE ( 'NONE', #5734, #6359, #4254, .T. ) ;
#2157 = ORIENTED_EDGE ( 'NONE', *, *, #405, .T. ) ;
#2158 = CARTESIAN_POINT ( 'NONE',  ( 0.2103187164337326220, 2.110000814877110997, 0.3000000000000000444 ) ) ;
#2159 =( GEOMETRIC_REPRESENTATION_CONTEXT ( 3 ) GLOBAL_UNCERTAINTY_ASSIGNED_CONTEXT ( ( #4781 ) ) GLOBAL_UNIT_ASSIGNED_CONTEXT ( ( #1345, #2017, #4075 ) ) REPRESENTATION_CONTEXT ( 'NONE', 'WORKASPACE' ) );
#2160 = SURFACE_STYLE_USAGE ( .BOTH. , #4837 ) ;
#2161 =( NAMED_UNIT ( * ) SI_UNIT ( $, .STERADIAN. ) SOLID_ANGLE_UNIT ( ) );
#2162 = ORIENTED_EDGE ( 'NONE', *, *, #1861, .F. ) ;
#2163 = FILL_AREA_STYLE_COLOUR ( '', #2200 ) ;
#2164 = SURFACE_STYLE_FILL_AREA ( #2055 ) ;
#2165 = ORIENTED_EDGE ( 'NONE', *, *, #1490, .T. ) ;
#2166 = LINE ( 'NONE', #512, #5100 ) ;
#2167 = LINE ( 'NONE', #3850, #6032 ) ;
#2168 = DIRECTION ( 'NONE',  ( -0.05233595624294388321, 0.0000000000000000000, 0.9986295347545739443 ) ) ;
#2169 = ORIENTED_EDGE ( 'NONE', *, *, #2688, .T. ) ;
#2170 = EDGE_CURVE ( 'NONE', #6643, #5596, #5352, .T. ) ;
#2171 = CARTESIAN_POINT ( 'NONE',  ( 0.5500000000000001554, 1.049999999999999822, -0.5699999999999999512 ) ) ;
#2172 = PRESENTATION_STYLE_ASSIGNMENT (( #4749 ) ) ;
#2173 = ORIENTED_EDGE ( 'NONE', *, *, #3930, .F. ) ;
#2174 = DIRECTION ( 'NONE',  ( 1.000000000000000000, 0.0000000000000000000, -0.0000000000000000000 ) ) ;
#2175 = EDGE_CURVE ( 'NONE', #2850, #4204, #2679, .T. ) ;
#2176 = CYLINDRICAL_SURFACE ( 'NONE', #2339, 0.1499999999999999667 ) ;
#2177 = STYLED_ITEM ( 'NONE', ( #4026 ), #4186 ) ;
#2178 = FILL_AREA_STYLE_COLOUR ( '', #3429 ) ;
#2179 = CARTESIAN_POINT ( 'NONE',  ( 0.0000000000000000000, 0.0000000000000000000, -0.6999999999999999556 ) ) ;
#2180 = ORIENTED_EDGE ( 'NONE', *, *, #3388, .T. ) ;
#2181 = CARTESIAN_POINT ( 'NONE',  ( -2.470127565808668990, 2.500000000000002220, -0.5699999999999999512 ) ) ;
#2182 = FILL_AREA_STYLE_COLOUR ( '', #332 ) ;
#2183 = EDGE_CURVE ( 'NONE', #2774, #2558, #3167, .T. ) ;
#2184 = FILL_AREA_STYLE ('',( #5905 ) ) ;
#2185 = CARTESIAN_POINT ( 'NONE',  ( -2.462305712989667050, 2.462305712989667050, 0.4308476720434270546 ) ) ;
#2186 = CARTESIAN_POINT ( 'NONE',  ( 1.599999999999999867, -2.200000000000000178, -0.5699999999999999512 ) ) ;
#2187 = ORIENTED_EDGE ( 'NONE', *, *, #2417, .T. ) ;
#2188 = ORIENTED_EDGE ( 'NONE', *, *, #4275, .T. ) ;
#2189 = DIRECTION ( 'NONE',  ( 1.000000000000000000, 4.818676322157797375E-16, -3.047392128993071134E-15 ) ) ;
#2190 = VECTOR ( 'NONE', #6556, 1000.000000000000000 ) ;
#2191 = FACE_OUTER_BOUND ( 'NONE', #6384, .T. ) ;
#2192 = EDGE_CURVE ( 'NONE', #3564, #5948, #3056, .T. ) ;
#2193 = PRESENTATION_STYLE_ASSIGNMENT (( #6424 ) ) ;
#2194 = SURFACE_SIDE_STYLE ('',( #4981 ) ) ;
#2195 = ORIENTED_EDGE ( 'NONE', *, *, #2603, .F. ) ;
#2196 = DIRECTION ( 'NONE',  ( 0.05226442768871396305, -0.05226442768871396305, 0.9972646886342373396 ) ) ;
#2197 = STYLED_ITEM ( 'NONE', ( #5379 ), #6083 ) ;
#2198 = CARTESIAN_POINT ( 'NONE',  ( 0.5500000000000001554, 1.049999999999999822, -0.5699999999999999512 ) ) ;
#2199 = VERTEX_POINT ( 'NONE', #1098 ) ;
#2200 = COLOUR_RGB ( '',0.8980392156862745390, 0.9215686274509803377, 0.9294117647058823817 ) ;
#2201 = DIRECTION ( 'NONE',  ( -0.0000000000000000000, -1.000000000000000000, -0.0000000000000000000 ) ) ;
#2202 = CIRCLE ( 'NONE', #6837, 0.1500000000000000222 ) ;
#2203 = PRESENTATION_LAYER_ASSIGNMENT (  '', '', ( #2964 ) ) ;
#2204 = ORIENTED_EDGE ( 'NONE', *, *, #3887, .T. ) ;
#2205 = CARTESIAN_POINT ( 'NONE',  ( -2.500000000000001776, 2.100000000000000089, -0.2999999999999997113 ) ) ;
#2206 = ORIENTED_EDGE ( 'NONE', *, *, #1970, .F. ) ;
#2207 = DIRECTION ( 'NONE',  ( -0.0000000000000000000, 0.0000000000000000000, -1.000000000000000000 ) ) ;
#2208 = ORIENTED_EDGE ( 'NONE', *, *, #2478, .F. ) ;
#2209 = DIRECTION ( 'NONE',  ( -0.0000000000000000000, -0.0000000000000000000, -1.000000000000000000 ) ) ;
#2210 = MECHANICAL_DESIGN_GEOMETRIC_PRESENTATION_REPRESENTATION (  '', ( #1341 ), #91 ) ;
#2211 = FACE_BOUND ( 'NONE', #4359, .T. ) ;
#2212 =( NAMED_UNIT ( * ) SI_UNIT ( $, .STERADIAN. ) SOLID_ANGLE_UNIT ( ) );
#2213 = PRESENTATION_STYLE_ASSIGNMENT (( #1625 ) ) ;
#2214 = FILL_AREA_STYLE ('',( #1626 ) ) ;
#2215 = AXIS2_PLACEMENT_3D ( 'NONE', #6494, #1238, #1775 ) ;
#2216 = FILL_AREA_STYLE_COLOUR ( '', #1053 ) ;
#2217 = ORIENTED_EDGE ( 'NONE', *, *, #2754, .T. ) ;
#2218 = UNCERTAINTY_MEASURE_WITH_UNIT (LENGTH_MEASURE( 1.000000000000000082E-05 ), #375, 'distance_accuracy_value', 'NONE');
#2219 = SURFACE_STYLE_FILL_AREA ( #4828 ) ;
#2220 = PRESENTATION_STYLE_ASSIGNMENT (( #3836 ) ) ;
#2221 = EDGE_CURVE ( 'NONE', #5936, #6170, #6258, .T. ) ;
#2222 = EDGE_CURVE ( 'NONE', #6118, #5330, #3210, .T. ) ;
#2223 = LINE ( 'NONE', #2836, #1579 ) ;
#2224 = EDGE_LOOP ( 'NONE', ( #6094, #6719, #6085, #3106 ) ) ;
#2225 = DIRECTION ( 'NONE',  ( 9.105833465946933014E-17, 1.000000000000000000, -0.0000000000000000000 ) ) ;
#2226 = DIRECTION ( 'NONE',  ( -1.776016655323403858E-16, 1.000000000000000000, 0.0000000000000000000 ) ) ;
#2227 = ADVANCED_FACE ( 'NONE', ( #6777 ), #5813, .F. ) ;
#2228 = VECTOR ( 'NONE', #5833, 1000.000000000000000 ) ;
#2229 = DIRECTION ( 'NONE',  ( 0.0000000000000000000, 1.000000000000000000, 0.0000000000000000000 ) ) ;
#2230 = DIRECTION ( 'NONE',  ( 0.0000000000000000000, 1.000000000000000000, 0.0000000000000000000 ) ) ;
#2231 = SURFACE_STYLE_FILL_AREA ( #5430 ) ;
#2232 = CARTESIAN_POINT ( 'NONE',  ( 1.699999999999999956, 0.0000000000000000000, 0.3007161552948416916 ) ) ;
#2233 = EDGE_LOOP ( 'NONE', ( #4406, #1937, #3329, #5996 ) ) ;
#2234 = DIRECTION ( 'NONE',  ( 0.0000000000000000000, 1.000000000000000000, 0.0000000000000000000 ) ) ;
#2235 = EDGE_CURVE ( 'NONE', #5891, #6279, #2535, .T. ) ;
#2236 = VERTEX_POINT ( 'NONE', #3787 ) ;
#2237 = CARTESIAN_POINT ( 'NONE',  ( 2.400000000000002132, -1.199999999999999734, -0.2999999999999993783 ) ) ;
#2238 = COLOUR_RGB ( '',0.8980392156862745390, 0.9215686274509803377, 0.9294117647058823817 ) ;
#2239 = VERTEX_POINT ( 'NONE', #4296 ) ;
#2240 = VECTOR ( 'NONE', #5327, 1000.000000000000000 ) ;
#2241 = CARTESIAN_POINT ( 'NONE',  ( 2.700000000000001954, 2.100000000000000089, -0.3000000000000003220 ) ) ;
#2242 = CARTESIAN_POINT ( 'NONE',  ( 0.0000000000000000000, 0.0000000000000000000, -0.5699999999999999512 ) ) ;
#2243 = ORIENTED_EDGE ( 'NONE', *, *, #2624, .T. ) ;
#2244 = ORIENTED_EDGE ( 'NONE', *, *, #4638, .T. ) ;
#2245 = AXIS2_PLACEMENT_3D ( 'NONE', #5462, #2810, #4941 ) ;
#2246 = AXIS2_PLACEMENT_3D ( 'NONE', #868, #2978, #6691 ) ;
#2247 = SURFACE_SIDE_STYLE ('',( #3899 ) ) ;
#2248 = SURFACE_STYLE_USAGE ( .BOTH. , #113 ) ;
#2249 = CARTESIAN_POINT ( 'NONE',  ( 0.2838201673205150710, -0.4871897488101240015, 0.4500000000000000666 ) ) ;
#2250 = PRESENTATION_LAYER_ASSIGNMENT (  '', '', ( #6025 ) ) ;
#2251 =( GEOMETRIC_REPRESENTATION_CONTEXT ( 3 ) GLOBAL_UNCERTAINTY_ASSIGNED_CONTEXT ( ( #5006 ) ) GLOBAL_UNIT_ASSIGNED_CONTEXT ( ( #4242, #4895, #3444 ) ) REPRESENTATION_CONTEXT ( 'NONE', 'WORKASPACE' ) );
#2252 = ORIENTED_EDGE ( 'NONE', *, *, #4944, .T. ) ;
#2253 = CARTESIAN_POINT ( 'NONE',  ( 0.5500000000000000444, -1.049999999999999822, -0.5699999999999999512 ) ) ;
#2254 = VECTOR ( 'NONE', #3367, 1000.000000000000000 ) ;
#2255 = FILL_AREA_STYLE_COLOUR ( '', #1039 ) ;
#2256 = LINE ( 'NONE', #4286, #6531 ) ;
#2257 = CARTESIAN_POINT ( 'NONE',  ( 0.4838201673205150821, 1.116322564166215559, 0.4500000000000000666 ) ) ;
#2258 = ORIENTED_EDGE ( 'NONE', *, *, #5911, .F. ) ;
#2259 = CIRCLE ( 'NONE', #4929, 1.699999999999999956 ) ;
#2260 =( NAMED_UNIT ( * ) SI_UNIT ( $, .STERADIAN. ) SOLID_ANGLE_UNIT ( ) );
#2261 = DIRECTION ( 'NONE',  ( -0.05233595624294388321, 0.0000000000000000000, 0.9986295347545739443 ) ) ;
#2262 = ADVANCED_FACE ( 'NONE', ( #1651 ), #958, .F. ) ;
#2263 = CARTESIAN_POINT ( 'NONE',  ( 2.500000000000002220, 2.100000000000000089, 0.0000000000000000000 ) ) ;
#2264 = SURFACE_STYLE_USAGE ( .BOTH. , #6426 ) ;
#2265 =( NAMED_UNIT ( * ) PLANE_ANGLE_UNIT ( ) SI_UNIT ( $, .RADIAN. ) );
#2266 = ORIENTED_EDGE ( 'NONE', *, *, #4520, .F. ) ;
#2267 =( NAMED_UNIT ( * ) SI_UNIT ( $, .STERADIAN. ) SOLID_ANGLE_UNIT ( ) );
#2268 = MECHANICAL_DESIGN_GEOMETRIC_PRESENTATION_REPRESENTATION (  '', ( #938 ), #2817 ) ;
#2269 = CARTESIAN_POINT ( 'NONE',  ( 2.463314554501873754, -2.200000000000000178, -0.6999999999999999556 ) ) ;
#2270 = VERTEX_POINT ( 'NONE', #992 ) ;
#2271 = EDGE_CURVE ( 'NONE', #242, #5118, #2060, .T. ) ;
#2272 = CARTESIAN_POINT ( 'NONE',  ( -0.03316504619021998224, -0.1370056143358100720, 0.3000000000000000444 ) ) ;
#2273 = PRESENTATION_LAYER_ASSIGNMENT (  '', '', ( #1831 ) ) ;
#2274 = ORIENTED_EDGE ( 'NONE', *, *, #5840, .F. ) ;
#2275 = CARTESIAN_POINT ( 'NONE',  ( -2.500000000000002220, -2.099999999999999645, 0.0000000000000000000 ) ) ;
#2276 = VERTEX_POINT ( 'NONE', #5225 ) ;
#2277 = UNCERTAINTY_MEASURE_WITH_UNIT (LENGTH_MEASURE( 1.000000000000000082E-05 ), #6102, 'distance_accuracy_value', 'NONE');
#2278 = ORIENTED_EDGE ( 'NONE', *, *, #3943, .F. ) ;
#2279 = CARTESIAN_POINT ( 'NONE',  ( 1.562305442492824215, -0.8360159872360380939, 0.3500000000000000333 ) ) ;
#2280 = DIRECTION ( 'NONE',  ( 0.0000000000000000000, 0.0000000000000000000, 1.000000000000000000 ) ) ;
#2281 = ADVANCED_FACE ( 'NONE', ( #4261 ), #5163, .F. ) ;
#2282 = SURFACE_STYLE_USAGE ( .BOTH. , #149 ) ;
#2283 = DIRECTION ( 'NONE',  ( 0.0000000000000000000, -0.0000000000000000000, 1.000000000000000000 ) ) ;
#2284 = CARTESIAN_POINT ( 'NONE',  ( -2.400000000000001243, -1.199999999999999734, -0.5699999999999999512 ) ) ;
#2285 = STYLED_ITEM ( 'NONE', ( #4044 ), #3765 ) ;
#2286 = CARTESIAN_POINT ( 'NONE',  ( 0.2838201673205150710, 0.2046747618464905827, 0.4500000000000000666 ) ) ;
#2287 = SURFACE_STYLE_FILL_AREA ( #3379 ) ;
#2288 = PRESENTATION_LAYER_ASSIGNMENT (  '', '', ( #5610 ) ) ;
#2289 = CARTESIAN_POINT ( 'NONE',  ( 1.599999999999999867, -2.200000000000000178, -0.5699999999999999512 ) ) ;
#2290 = LINE ( 'NONE', #6416, #574 ) ;
#2291 = CARTESIAN_POINT ( 'NONE',  ( 0.0000000000000000000, 0.0000000000000000000, -0.5699999999999999512 ) ) ;
#2292 = SURFACE_STYLE_USAGE ( .BOTH. , #610 ) ;
#2293 =( GEOMETRIC_REPRESENTATION_CONTEXT ( 3 ) GLOBAL_UNCERTAINTY_ASSIGNED_CONTEXT ( ( #523 ) ) GLOBAL_UNIT_ASSIGNED_CONTEXT ( ( #5510, #2341, #2954 ) ) REPRESENTATION_CONTEXT ( 'NONE', 'WORKASPACE' ) );
#2294 = FACE_OUTER_BOUND ( 'NONE', #4080, .T. ) ;
#2295 = CARTESIAN_POINT ( 'NONE',  ( -1.680009069179262848, 2.430009069179262848, 0.8000000000000000444 ) ) ;
#2296 = VECTOR ( 'NONE', #1142, 1000.000000000000000 ) ;
#2297 = CARTESIAN_POINT ( 'NONE',  ( 2.400000000000001243, 2.100000000000000089, -0.5699999999999999512 ) ) ;
#2298 = LINE ( 'NONE', #2941, #5406 ) ;
#2299 = FILL_AREA_STYLE_COLOUR ( '', #5790 ) ;
#2300 = EDGE_LOOP ( 'NONE', ( #2354, #3600, #396, #3438 ) ) ;
#2301 = ORIENTED_EDGE ( 'NONE', *, *, #1216, .T. ) ;
#2302 = CARTESIAN_POINT ( 'NONE',  ( -1.600000000000000311, -2.199999999999999734, -0.5699999999999999512 ) ) ;
#2303 = EDGE_CURVE ( 'NONE', #3350, #4881, #485, .T. ) ;
#2304 = EDGE_CURVE ( 'NONE', #2744, #2333, #2604, .T. ) ;
#2305 = VERTEX_POINT ( 'NONE', #6257 ) ;
#2306 = VECTOR ( 'NONE', #1840, 1000.000000000000000 ) ;
#2307 = ORIENTED_EDGE ( 'NONE', *, *, #1141, .T. ) ;
#2308 = EDGE_CURVE ( 'NONE', #3559, #5144, #6671, .T. ) ;
#2309 = VECTOR ( 'NONE', #1776, 1000.000000000000000 ) ;
#2310 = DIRECTION ( 'NONE',  ( 0.0000000000000000000, -0.9961946980917455452, 0.08715574274765820750 ) ) ;
#2311 = COLOUR_RGB ( '',0.8980392156862745390, 0.9215686274509803377, 0.9294117647058823817 ) ;
#2312 = LINE ( 'NONE', #6484, #876 ) ;
#2313 = VECTOR ( 'NONE', #3151, 1000.000000000000000 ) ;
#2314 = DIRECTION ( 'NONE',  ( -0.0000000000000000000, -0.0000000000000000000, -1.000000000000000000 ) ) ;
#2315 = ORIENTED_EDGE ( 'NONE', *, *, #4955, .F. ) ;
#2316 = VECTOR ( 'NONE', #5258, 1000.000000000000000 ) ;
#2317 = ADVANCED_FACE ( 'NONE', ( #3054 ), #6836, .F. ) ;
#2318 = VECTOR ( 'NONE', #254, 1000.000000000000000 ) ;
#2319 = VECTOR ( 'NONE', #6757, 1000.000000000000000 ) ;
#2320 = LINE ( 'NONE', #1733, #785 ) ;
#2321 = AXIS2_PLACEMENT_3D ( 'NONE', #3178, #3651, #3723 ) ;
#2322 = ORIENTED_EDGE ( 'NONE', *, *, #1388, .T. ) ;
#2323 = CARTESIAN_POINT ( 'NONE',  ( -1.700000000000000400, 1.200000000000000622, -0.7699999999999999067 ) ) ;
#2324 = LINE ( 'NONE', #1301, #2306 ) ;
#2325 = DIRECTION ( 'NONE',  ( -0.0000000000000000000, -0.0000000000000000000, -1.000000000000000000 ) ) ;
#2326 = PRODUCT_DEFINITION_CONTEXT ( 'detailed design', #686, 'design' ) ;
#2327 = LINE ( 'NONE', #2997, #5641 ) ;
#2328 = CARTESIAN_POINT ( 'NONE',  ( -1.600000000000000311, -2.199999999999999734, -0.5699999999999999512 ) ) ;
#2329 = FACE_OUTER_BOUND ( 'NONE', #5405, .T. ) ;
#2330 = EDGE_LOOP ( 'NONE', ( #1532, #2322, #2258, #4519 ) ) ;
#2332 = VECTOR ( 'NONE', #1774, 1000.000000000000000 ) ;
#2331 = LINE ( 'NONE', #1884, #2309 ) ;
#2333 = VERTEX_POINT ( 'NONE', #990 ) ;
#2334 = ORIENTED_EDGE ( 'NONE', *, *, #4248, .F. ) ;
#2335 = LINE ( 'NONE', #1820, #4854 ) ;
#2336 = EDGE_CURVE ( 'NONE', #4881, #4381, #1535, .T. ) ;
#2337 = EDGE_CURVE ( 'NONE', #5729, #5544, #4773, .T. ) ;
#2338 = VERTEX_POINT ( 'NONE', #4227 ) ;
#2339 = AXIS2_PLACEMENT_3D ( 'NONE', #1064, #1544, #40 ) ;
#2340 = EDGE_LOOP ( 'NONE', ( #1715, #5242, #4012, #2458 ) ) ;
#2341 =( NAMED_UNIT ( * ) PLANE_ANGLE_UNIT ( ) SI_UNIT ( $, .RADIAN. ) );
#2342 = CARTESIAN_POINT ( 'NONE',  ( -1.296028625818474778, -0.8787392438591723476, 0.3500000000000000333 ) ) ;
#2343 = AXIS2_PLACEMENT_3D ( 'NONE', #3996, #4508, #5478 ) ;
#2344 = SURFACE_STYLE_FILL_AREA ( #6034 ) ;
#2345 = EDGE_CURVE ( 'NONE', #4167, #3456, #6221, .T. ) ;
#2346 = DIRECTION ( 'NONE',  ( 1.000000000000000000, 0.0000000000000000000, -0.0000000000000000000 ) ) ;
#2347 = CARTESIAN_POINT ( 'NONE',  ( 2.500000000000001776, -1.199999999999999734, -0.2999999999999997113 ) ) ;
#2348 = ORIENTED_EDGE ( 'NONE', *, *, #6869, .F. ) ;
#2349 = MECHANICAL_DESIGN_GEOMETRIC_PRESENTATION_REPRESENTATION (  '', ( #455 ), #1366 ) ;
#2350 = LINE ( 'NONE', #4486, #4673 ) ;
#2351 = AXIS2_PLACEMENT_3D ( 'NONE', #5226, #2097, #1611 ) ;
#2352 = AXIS2_PLACEMENT_3D ( 'NONE', #2760, #3830, #3760 ) ;
#2353 = LINE ( 'NONE', #4487, #5928 ) ;
#2354 = ORIENTED_EDGE ( 'NONE', *, *, #6245, .T. ) ;
#2355 = LINE ( 'NONE', #4006, #4321 ) ;
#2356 =( LENGTH_UNIT ( ) NAMED_UNIT ( * ) SI_UNIT ( .MILLI., .METRE. ) );
#2357 = UNCERTAINTY_MEASURE_WITH_UNIT (LENGTH_MEASURE( 1.000000000000000082E-05 ), #6524, 'distance_accuracy_value', 'NONE');
#2358 = EDGE_LOOP ( 'NONE', ( #3275, #947, #1058, #5881 ) ) ;
#2359 = COLOUR_RGB ( '',1.000000000000000000, 1.000000000000000000, 1.000000000000000000 ) ;
#2360 = STYLED_ITEM ( 'NONE', ( #4979 ), #1673 ) ;
#2361 = LINE ( 'NONE', #2776, #2902 ) ;
#2363 = EDGE_CURVE ( 'NONE', #572, #3341, #4193, .T. ) ;
#2362 = FILL_AREA_STYLE ('',( #1810 ) ) ;
#2364 = SURFACE_STYLE_USAGE ( .BOTH. , #4587 ) ;
#2365 = STYLED_ITEM ( 'NONE', ( #5279 ), #2452 ) ;
#2366 = VERTEX_POINT ( 'NONE', #412 ) ;
#2367 =( LENGTH_UNIT ( ) NAMED_UNIT ( * ) SI_UNIT ( .MILLI., .METRE. ) );
#2368 = DIRECTION ( 'NONE',  ( 0.0000000000000000000, 0.0000000000000000000, 1.000000000000000000 ) ) ;
#2369 = ORIENTED_EDGE ( 'NONE', *, *, #2134, .F. ) ;
#2370 = CARTESIAN_POINT ( 'NONE',  ( -1.600000000000000311, -2.199999999999999734, -0.5699999999999999512 ) ) ;
#2371 = MECHANICAL_DESIGN_GEOMETRIC_PRESENTATION_REPRESENTATION (  '', ( #2695 ), #2920 ) ;
#2372 = ORIENTED_EDGE ( 'NONE', *, *, #1489, .F. ) ;
#2373 = DIRECTION ( 'NONE',  ( -0.0000000000000000000, -0.0000000000000000000, -1.000000000000000000 ) ) ;
#2374 = SURFACE_STYLE_USAGE ( .BOTH. , #1217 ) ;
#2375 = ORIENTED_EDGE ( 'NONE', *, *, #2107, .T. ) ;
#2376 = FACE_OUTER_BOUND ( 'NONE', #2300, .T. ) ;
#2377 =( LENGTH_UNIT ( ) NAMED_UNIT ( * ) SI_UNIT ( .MILLI., .METRE. ) );
#2378 = DIRECTION ( 'NONE',  ( -0.0000000000000000000, 1.000000000000000000, -0.0000000000000000000 ) ) ;
#2379 = DIRECTION ( 'NONE',  ( 1.000000000000000000, 0.0000000000000000000, -0.0000000000000000000 ) ) ;
#2380 = SURFACE_STYLE_FILL_AREA ( #2443 ) ;
#2381 = ORIENTED_EDGE ( 'NONE', *, *, #6636, .T. ) ;
#2382 = COLOUR_RGB ( '',0.8313725490196077761, 0.8392156862745098200, 0.8313725490196077761 ) ;
#2383 = ADVANCED_FACE ( 'NONE', ( #5263 ), #3604, .F. ) ;
#2384 = EDGE_CURVE ( 'NONE', #5967, #4237, #5845, .T. ) ;
#2385 = CARTESIAN_POINT ( 'NONE',  ( 0.2838201673205150710, -0.2871897488101240459, 0.4500000000000000666 ) ) ;
#2386 = CARTESIAN_POINT ( 'NONE',  ( -2.400000000000002132, 1.200000000000000622, -0.2999999999999993783 ) ) ;
#2387 = DIRECTION ( 'NONE',  ( 0.0000000000000000000, 0.0000000000000000000, 1.000000000000000000 ) ) ;
#2388 = SURFACE_STYLE_USAGE ( .BOTH. , #2967 ) ;
#2389 =( NAMED_UNIT ( * ) PLANE_ANGLE_UNIT ( ) SI_UNIT ( $, .RADIAN. ) );
#2390 = CARTESIAN_POINT ( 'NONE',  ( 1.412305442492822971, -0.6860159872360371835, 0.3500000000000000333 ) ) ;
#2391 = ORIENTED_EDGE ( 'NONE', *, *, #5884, .F. ) ;
#2392 = AXIS2_PLACEMENT_3D ( 'NONE', #5584, #795, #4134 ) ;
#2393 = EDGE_CURVE ( 'NONE', #2893, #3415, #626, .T. ) ;
#2394 = LINE ( 'NONE', #3457, #5461 ) ;
#2395 = CARTESIAN_POINT ( 'NONE',  ( -1.919276727925023351, -0.8787392438591723476, 0.3500000000000000333 ) ) ;
#2396 = STYLED_ITEM ( 'NONE', ( #2220 ), #4094 ) ;
#2397 = FILL_AREA_STYLE ('',( #3983 ) ) ;
#2398 = DIRECTION ( 'NONE',  ( 0.05233595624294388321, -0.0000000000000000000, -0.9986295347545739443 ) ) ;
#2399 = ORIENTED_EDGE ( 'NONE', *, *, #852, .T. ) ;
#2400 = EDGE_CURVE ( 'NONE', #646, #5285, #2167, .T. ) ;
#2401 = STYLED_ITEM ( 'NONE', ( #3716 ), #4409 ) ;
#2402 = ORIENTED_EDGE ( 'NONE', *, *, #561, .F. ) ;
#2403 = FILL_AREA_STYLE ('',( #913 ) ) ;
#2404 = PRESENTATION_LAYER_ASSIGNMENT (  '', '', ( #2617 ) ) ;
#2405 = ORIENTED_EDGE ( 'NONE', *, *, #3019, .T. ) ;
#2406 = DIRECTION ( 'NONE',  ( 1.000000000000000000, 0.0000000000000000000, 0.0000000000000000000 ) ) ;
#2407 = VECTOR ( 'NONE', #5150, 1000.000000000000000 ) ;
#2408 = DIRECTION ( 'NONE',  ( -0.0000000000000000000, -1.000000000000000000, -0.0000000000000000000 ) ) ;
#2409 = CARTESIAN_POINT ( 'NONE',  ( -1.700000000000000622, -1.199999999999999734, -0.7699999999999999067 ) ) ;
#2410 = DIRECTION ( 'NONE',  ( 0.0000000000000000000, -1.000000000000000000, -0.0000000000000000000 ) ) ;
#2411 = VECTOR ( 'NONE', #2599, 1000.000000000000000 ) ;
#2412 = UNCERTAINTY_MEASURE_WITH_UNIT (LENGTH_MEASURE( 1.000000000000000082E-05 ), #2377, 'distance_accuracy_value', 'NONE');
#2413 = DIRECTION ( 'NONE',  ( 1.000000000000000000, 4.818676322157797375E-16, -3.043374519257556424E-15 ) ) ;
#2414 =( GEOMETRIC_REPRESENTATION_CONTEXT ( 3 ) GLOBAL_UNCERTAINTY_ASSIGNED_CONTEXT ( ( #4800 ) ) GLOBAL_UNIT_ASSIGNED_CONTEXT ( ( #2114, #5418, #1671 ) ) REPRESENTATION_CONTEXT ( 'NONE', 'WORKASPACE' ) );
#2415 = ORIENTED_EDGE ( 'NONE', *, *, #5536, .F. ) ;
#2417 = EDGE_CURVE ( 'NONE', #4265, #1885, #5889, .T. ) ;
#2416 =( NAMED_UNIT ( * ) PLANE_ANGLE_UNIT ( ) SI_UNIT ( $, .RADIAN. ) );
#2418 = VECTOR ( 'NONE', #5387, 1000.000000000000000 ) ;
#2419 =( NAMED_UNIT ( * ) SI_UNIT ( $, .STERADIAN. ) SOLID_ANGLE_UNIT ( ) );
#2420 = DIRECTION ( 'NONE',  ( -0.0000000000000000000, -0.0000000000000000000, -1.000000000000000000 ) ) ;
#2421 = ORIENTED_EDGE ( 'NONE', *, *, #2973, .F. ) ;
#2422 = VECTOR ( 'NONE', #251, 1000.000000000000000 ) ;
#2423 = PRESENTATION_STYLE_ASSIGNMENT (( #293 ) ) ;
#2424 = VECTOR ( 'NONE', #1270, 1000.000000000000000 ) ;
#2425 = CARTESIAN_POINT ( 'NONE',  ( 0.4838201673205150821, 1.116322564166215559, 0.4500000000000000666 ) ) ;
#2426 = AXIS2_PLACEMENT_3D ( 'NONE', #1829, #2797, #2346 ) ;
#2427 = DIRECTION ( 'NONE',  ( -3.043374519257556424E-15, 0.0000000000000000000, -1.000000000000000000 ) ) ;
#2428 = LINE ( 'NONE', #2519, #4500 ) ;
#2429 = ORIENTED_EDGE ( 'NONE', *, *, #1073, .T. ) ;
#2430 = SURFACE_SIDE_STYLE ('',( #2947 ) ) ;
#2431 = VECTOR ( 'NONE', #112, 1000.000000000000000 ) ;
#2432 = VECTOR ( 'NONE', #1879, 1000.000000000000000 ) ;
#2433 = ORIENTED_EDGE ( 'NONE', *, *, #3938, .T. ) ;
#2434 = LINE ( 'NONE', #6151, #6476 ) ;
#2435 = VERTEX_POINT ( 'NONE', #3248 ) ;
#2436 = SURFACE_STYLE_FILL_AREA ( #4931 ) ;
#2437 = VERTEX_POINT ( 'NONE', #2269 ) ;
#2438 = LINE ( 'NONE', #5704, #1469 ) ;
#2439 = DIRECTION ( 'NONE',  ( 0.0000000000000000000, -0.0000000000000000000, -1.000000000000000000 ) ) ;
#2440 = VECTOR ( 'NONE', #5797, 1000.000000000000000 ) ;
#2441 = DIRECTION ( 'NONE',  ( -1.000000000000000000, 0.0000000000000000000, 0.0000000000000000000 ) ) ;
#2442 = SURFACE_STYLE_FILL_AREA ( #1998 ) ;
#2443 = FILL_AREA_STYLE ('',( #6163 ) ) ;
#2444 = AXIS2_PLACEMENT_3D ( 'NONE', #4411, #1289, #250 ) ;
#2445 = DIRECTION ( 'NONE',  ( 0.0000000000000000000, 1.000000000000000000, 0.0000000000000000000 ) ) ;
#2446 = VERTEX_POINT ( 'NONE', #1210 ) ;
#2448 = VECTOR ( 'NONE', #445, 1000.000000000000000 ) ;
#2447 = FILL_AREA_STYLE_COLOUR ( '', #2088 ) ;
#2449 = VERTEX_POINT ( 'NONE', #3317 ) ;
#2450 = ORIENTED_EDGE ( 'NONE', *, *, #1278, .T. ) ;
#2451 =( GEOMETRIC_REPRESENTATION_CONTEXT ( 3 ) GLOBAL_UNCERTAINTY_ASSIGNED_CONTEXT ( ( #1261 ) ) GLOBAL_UNIT_ASSIGNED_CONTEXT ( ( #660, #6425, #618 ) ) REPRESENTATION_CONTEXT ( 'NONE', 'WORKASPACE' ) );
#2452 = ADVANCED_FACE ( 'NONE', ( #5434 ), #4919, .T. ) ;
#2453 = PLANE ( 'NONE',  #6658 ) ;
#2454 = CARTESIAN_POINT ( 'NONE',  ( -2.700000000000001954, -3.299999999999998490, -0.4700000000000007505 ) ) ;
#2455 = DIRECTION ( 'NONE',  ( -1.000000000000000000, 2.710505431213759113E-16, 0.0000000000000000000 ) ) ;
#2456 = SHAPE_DEFINITION_REPRESENTATION ( #1787, #6031 ) ;
#2457 = DIRECTION ( 'NONE',  ( -1.000000000000000000, 2.710505431213759113E-16, -0.0000000000000000000 ) ) ;
#2458 = ORIENTED_EDGE ( 'NONE', *, *, #4607, .T. ) ;
#2459 = VECTOR ( 'NONE', #6618, 1000.000000000000000 ) ;
#2460 = ADVANCED_FACE ( 'NONE', ( #5250 ), #2515, .F. ) ;
#2461 = MECHANICAL_DESIGN_GEOMETRIC_PRESENTATION_REPRESENTATION (  '', ( #3256 ), #6341 ) ;
#2462 = COLOUR_RGB ( '',0.8980392156862745390, 0.9215686274509803377, 0.9294117647058823817 ) ;
#2463 = VERTEX_POINT ( 'NONE', #88 ) ;
#2464 = CARTESIAN_POINT ( 'NONE',  ( -1.043697599916538765, -0.1584055984559433750, 0.4500000000000000666 ) ) ;
#2465 = EDGE_LOOP ( 'NONE', ( #554, #6220, #3153, #3823 ) ) ;
#2466 = CARTESIAN_POINT ( 'NONE',  ( 1.930905544980987543, -2.056952929731181268, 0.3000000000000000444 ) ) ;
#2467 = PRESENTATION_LAYER_ASSIGNMENT (  '', '', ( #3603 ) ) ;
#2468 = ORIENTED_EDGE ( 'NONE', *, *, #6504, .F. ) ;
#2469 = EDGE_CURVE ( 'NONE', #2567, #6734, #571, .T. ) ;
#2470 = CARTESIAN_POINT ( 'NONE',  ( 1.930905544980987543, 2.110000814877110997, 0.3000000000000000444 ) ) ;
#2471 = CARTESIAN_POINT ( 'NONE',  ( -0.5500000000000000444, 0.0000000000000000000, -0.6999999999999999556 ) ) ;
#2472 = MECHANICAL_DESIGN_GEOMETRIC_PRESENTATION_REPRESENTATION (  '', ( #3146 ), #6141 ) ;
#2473 = LINE ( 'NONE', #2958, #911 ) ;
#2474 = FACE_OUTER_BOUND ( 'NONE', #1352, .T. ) ;
#2475 = DIRECTION ( 'NONE',  ( -0.0000000000000000000, -0.0000000000000000000, -1.000000000000000000 ) ) ;
#2476 =( LENGTH_UNIT ( ) NAMED_UNIT ( * ) SI_UNIT ( .MILLI., .METRE. ) );
#2477 = STYLED_ITEM ( 'NONE', ( #6683 ), #3430 ) ;
#2478 = EDGE_CURVE ( 'NONE', #2744, #2516, #5416, .T. ) ;
#2479 = SURFACE_STYLE_FILL_AREA ( #2963 ) ;
#2480 = MECHANICAL_DESIGN_GEOMETRIC_PRESENTATION_REPRESENTATION (  '', ( #6695 ), #1295 ) ;
#2481 = CLOSED_SHELL ( 'NONE', ( #1890, #1299, #1023, #5442, #5781, #2553, #5247, #6832, #1842, #1436, #5893 ) ) ;
#2482 = SURFACE_STYLE_USAGE ( .BOTH. , #352 ) ;
#2483 = DIRECTION ( 'NONE',  ( 0.0000000000000000000, 1.000000000000000000, -0.0000000000000000000 ) ) ;
#2484 = CARTESIAN_POINT ( 'NONE',  ( 0.4838201673205150821, 1.116322564166215559, 0.3500000000000000333 ) ) ;
#2485 = CARTESIAN_POINT ( 'NONE',  ( 2.500000000000002220, 2.500000000000002220, 0.0000000000000000000 ) ) ;
#2486 = DIRECTION ( 'NONE',  ( -0.0000000000000000000, -0.0000000000000000000, -1.000000000000000000 ) ) ;
#2487 = ORIENTED_EDGE ( 'NONE', *, *, #1472, .F. ) ;
#2488 =( NAMED_UNIT ( * ) PLANE_ANGLE_UNIT ( ) SI_UNIT ( $, .RADIAN. ) );
#2489 = ORIENTED_EDGE ( 'NONE', *, *, #6364, .T. ) ;
#2490 = MECHANICAL_DESIGN_GEOMETRIC_PRESENTATION_REPRESENTATION (  '', ( #4609 ), #839 ) ;
#2491 = DIRECTION ( 'NONE',  ( 0.0000000000000000000, 0.0000000000000000000, 1.000000000000000000 ) ) ;
#2492 = MECHANICAL_DESIGN_GEOMETRIC_PRESENTATION_REPRESENTATION (  '', ( #2177 ), #6496 ) ;
#2493 = ORIENTED_EDGE ( 'NONE', *, *, #44, .F. ) ;
#2494 = SURFACE_SIDE_STYLE ('',( #1603 ) ) ;
#2495 = DIRECTION ( 'NONE',  ( 0.0000000000000000000, -1.000000000000000000, -0.0000000000000000000 ) ) ;
#2496 = EDGE_LOOP ( 'NONE', ( #3647, #5601, #1996, #1369 ) ) ;
#2497 = EDGE_CURVE ( 'NONE', #6181, #5571, #2290, .T. ) ;
#2498 = EDGE_CURVE ( 'NONE', #459, #3341, #2223, .T. ) ;
#2499 = ORIENTED_EDGE ( 'NONE', *, *, #4087, .T. ) ;
#2500 = CARTESIAN_POINT ( 'NONE',  ( 1.562305442492824215, -0.8360159872360380939, 0.3000000000000000444 ) ) ;
#2501 = DIRECTION ( 'NONE',  ( 0.0000000000000000000, 0.0000000000000000000, 1.000000000000000000 ) ) ;
#2502 = EDGE_CURVE ( 'NONE', #3839, #5734, #4904, .T. ) ;
#2503 =( GEOMETRIC_REPRESENTATION_CONTEXT ( 3 ) GLOBAL_UNCERTAINTY_ASSIGNED_CONTEXT ( ( #1376 ) ) GLOBAL_UNIT_ASSIGNED_CONTEXT ( ( #699, #6632, #1908 ) ) REPRESENTATION_CONTEXT ( 'NONE', 'WORKASPACE' ) );
#2504 = DIRECTION ( 'NONE',  ( 0.0000000000000000000, 0.0000000000000000000, 1.000000000000000000 ) ) ;
#2505 = DIRECTION ( 'NONE',  ( -3.043374519257556424E-15, 0.0000000000000000000, 1.000000000000000000 ) ) ;
#2506 = AXIS2_PLACEMENT_3D ( 'NONE', #3107, #6370, #4344 ) ;
#2507 = VECTOR ( 'NONE', #6464, 1000.000000000000000 ) ;
#2508 = ORIENTED_EDGE ( 'NONE', *, *, #5276, .F. ) ;
#2509 = EDGE_CURVE ( 'NONE', #1447, #5814, #3802, .T. ) ;
#2510 = FACE_OUTER_BOUND ( 'NONE', #2718, .T. ) ;
#2511 = VECTOR ( 'NONE', #1534, 1000.000000000000114 ) ;
#2512 = MECHANICAL_DESIGN_GEOMETRIC_PRESENTATION_REPRESENTATION (  '', ( #3319 ), #300 ) ;
#2513 = FILL_AREA_STYLE_COLOUR ( '', #1130 ) ;
#2514 = CARTESIAN_POINT ( 'NONE',  ( 1.700000000000000400, -2.099999999999999645, -0.7699999999999999067 ) ) ;
#2515 = PLANE ( 'NONE',  #6132 ) ;
#2516 = VERTEX_POINT ( 'NONE', #3266 ) ;
#2517 = SURFACE_SIDE_STYLE ('',( #1492 ) ) ;
#2518 = AXIS2_PLACEMENT_3D ( 'NONE', #3688, #45, #1037 ) ;
#2519 = CARTESIAN_POINT ( 'NONE',  ( -0.03316504619021998224, -2.056952929731181712, 0.3000000000000000444 ) ) ;
#2520 = ORIENTED_EDGE ( 'NONE', *, *, #4361, .T. ) ;
#2521 = MECHANICAL_DESIGN_GEOMETRIC_PRESENTATION_REPRESENTATION (  '', ( #5537 ), #3667 ) ;
#2522 =( NAMED_UNIT ( * ) PLANE_ANGLE_UNIT ( ) SI_UNIT ( $, .RADIAN. ) );
#2523 = VECTOR ( 'NONE', #6283, 1000.000000000000000 ) ;
#2524 = AXIS2_PLACEMENT_3D ( 'NONE', #3902, #4379, #752 ) ;
#2525 = VECTOR ( 'NONE', #3185, 1000.000000000000000 ) ;
#2526 = ORIENTED_EDGE ( 'NONE', *, *, #4616, .T. ) ;
#2528 = VECTOR ( 'NONE', #2965, 1000.000000000000000 ) ;
#2527 =( NAMED_UNIT ( * ) SI_UNIT ( $, .STERADIAN. ) SOLID_ANGLE_UNIT ( ) );
#2529 = CARTESIAN_POINT ( 'NONE',  ( -0.1415856775653445976, 0.4413501301401799304, 0.4500000000000000666 ) ) ;
#2530 = ORIENTED_EDGE ( 'NONE', *, *, #611, .F. ) ;
#2531 =( NAMED_UNIT ( * ) SI_UNIT ( $, .STERADIAN. ) SOLID_ANGLE_UNIT ( ) );
#2532 = SURFACE_SIDE_STYLE ('',( #3713 ) ) ;
#2533 = ORIENTED_EDGE ( 'NONE', *, *, #3238, .F. ) ;
#2534 = MECHANICAL_DESIGN_GEOMETRIC_PRESENTATION_REPRESENTATION (  '', ( #2649 ), #6203 ) ;
#2535 = LINE ( 'NONE', #4711, #5255 ) ;
#2536 = EDGE_CURVE ( 'NONE', #2446, #1496, #1735, .T. ) ;
#2537 = EDGE_CURVE ( 'NONE', #5371, #2999, #3300, .T. ) ;
#2538 =( LENGTH_UNIT ( ) NAMED_UNIT ( * ) SI_UNIT ( .MILLI., .METRE. ) );
#2539 = DIRECTION ( 'NONE',  ( -0.0000000000000000000, 1.000000000000000000, -0.0000000000000000000 ) ) ;
#2540 =( LENGTH_UNIT ( ) NAMED_UNIT ( * ) SI_UNIT ( .MILLI., .METRE. ) );
#2541 = SURFACE_SIDE_STYLE ('',( #4127 ) ) ;
#2542 = UNCERTAINTY_MEASURE_WITH_UNIT (LENGTH_MEASURE( 1.000000000000000082E-05 ), #5374, 'distance_accuracy_value', 'NONE');
#2543 = COLOUR_RGB ( '',0.8313725490196077761, 0.8392156862745098200, 0.8313725490196077761 ) ;
#2544 = EDGE_CURVE ( 'NONE', #1207, #2744, #5454, .T. ) ;
#2545 = CARTESIAN_POINT ( 'NONE',  ( 0.5500000000000000444, -1.049999999999999822, -0.5699999999999999512 ) ) ;
#2546 = PLANE ( 'NONE',  #94 ) ;
#2547 = DIRECTION ( 'NONE',  ( 0.0000000000000000000, -1.000000000000000000, 0.0000000000000000000 ) ) ;
#2548 = FILL_AREA_STYLE_COLOUR ( '', #4718 ) ;
#2549 = UNCERTAINTY_MEASURE_WITH_UNIT (LENGTH_MEASURE( 1.000000000000000082E-05 ), #5135, 'distance_accuracy_value', 'NONE');
#2550 = CARTESIAN_POINT ( 'NONE',  ( -1.146028625818473756, -0.7287392438591713262, 0.3000000000000000444 ) ) ;
#2551 = STYLED_ITEM ( 'NONE', ( #597 ), #912 ) ;
#2552 = CARTESIAN_POINT ( 'NONE',  ( 2.463314554501873754, -1.100000000000000089, -0.6999999999999999556 ) ) ;
#2553 = ADVANCED_FACE ( 'NONE', ( #124 ), #690, .F. ) ;
#2554 = CARTESIAN_POINT ( 'NONE',  ( -1.700000000000000622, 2.100000000000000089, -0.5699999999999999512 ) ) ;
#2555 = PRESENTATION_LAYER_ASSIGNMENT (  '', '', ( #2996 ) ) ;
#2556 = ORIENTED_EDGE ( 'NONE', *, *, #1881, .F. ) ;
#2557 = LINE ( 'NONE', #1080, #1177 ) ;
#2558 = VERTEX_POINT ( 'NONE', #792 ) ;
#2559 = UNCERTAINTY_MEASURE_WITH_UNIT (LENGTH_MEASURE( 1.000000000000000082E-05 ), #2761, 'distance_accuracy_value', 'NONE');
#2560 = COLOUR_RGB ( '',0.8980392156862745390, 0.9215686274509803377, 0.9294117647058823817 ) ;
#2561 = PRESENTATION_LAYER_ASSIGNMENT (  '', '', ( #4471 ) ) ;
#2562 = ORIENTED_EDGE ( 'NONE', *, *, #6514, .F. ) ;
#2563 = VECTOR ( 'NONE', #3018, 1000.000000000000000 ) ;
#2564 = MECHANICAL_DESIGN_GEOMETRIC_PRESENTATION_REPRESENTATION (  '', ( #4136 ), #240 ) ;
#2565 = CARTESIAN_POINT ( 'NONE',  ( -0.1415856775653445976, -0.1584055984559433750, 0.3500000000000000333 ) ) ;
#2566 = VERTEX_POINT ( 'NONE', #5167 ) ;
#2567 = VERTEX_POINT ( 'NONE', #2875 ) ;
#2568 = CARTESIAN_POINT ( 'NONE',  ( 1.700000000000000622, 2.100000000000000089, -0.7699999999999999067 ) ) ;
#2569 = COLOUR_RGB ( '',0.8980392156862745390, 0.9215686274509803377, 0.9294117647058823817 ) ;
#2570 = STYLED_ITEM ( 'NONE', ( #5316 ), #1637 ) ;
#2571 = DIRECTION ( 'NONE',  ( 1.000000000000000000, 0.0000000000000000000, 0.0000000000000000000 ) ) ;
#2572 = LINE ( 'NONE', #921, #2094 ) ;
#2573 =( NAMED_UNIT ( * ) SI_UNIT ( $, .STERADIAN. ) SOLID_ANGLE_UNIT ( ) );
#2574 = VECTOR ( 'NONE', #3347, 1000.000000000000000 ) ;
#2575 = ORIENTED_EDGE ( 'NONE', *, *, #4011, .T. ) ;
#2576 = EDGE_CURVE ( 'NONE', #5571, #1394, #425, .T. ) ;
#2577 = VECTOR ( 'NONE', #670, 1000.000000000000000 ) ;
#2578 = LINE ( 'NONE', #2068, #4351 ) ;
#2579 = LINE ( 'NONE', #6818, #6543 ) ;
#2580 =( LENGTH_UNIT ( ) NAMED_UNIT ( * ) SI_UNIT ( .MILLI., .METRE. ) );
#2581 = ORIENTED_EDGE ( 'NONE', *, *, #3938, .F. ) ;
#2582 = CARTESIAN_POINT ( 'NONE',  ( -2.700000000000002842, 1.200000000000000400, -6.982962677686266711E-16 ) ) ;
#2583 = ORIENTED_EDGE ( 'NONE', *, *, #1834, .F. ) ;
#2584 = VECTOR ( 'NONE', #505, 1000.000000000000000 ) ;
#2586 = VECTOR ( 'NONE', #5394, 1000.000000000000000 ) ;
#2585 = FACE_OUTER_BOUND ( 'NONE', #5224, .T. ) ;
#2587 = EDGE_CURVE ( 'NONE', #2597, #2566, #3612, .T. ) ;
#2588 = EDGE_CURVE ( 'NONE', #1813, #6279, #470, .T. ) ;
#2589 = FACE_OUTER_BOUND ( 'NONE', #6871, .T. ) ;
#2590 = AXIS2_PLACEMENT_3D ( 'NONE', #2582, #3183, #2143 ) ;
#2591 = FACE_OUTER_BOUND ( 'NONE', #5709, .T. ) ;
#2592 = SURFACE_STYLE_FILL_AREA ( #501 ) ;
#2593 =( NAMED_UNIT ( * ) SI_UNIT ( $, .STERADIAN. ) SOLID_ANGLE_UNIT ( ) );
#2594 = CARTESIAN_POINT ( 'NONE',  ( -1.699999999999999956, 2.081899558550500280E-16, 0.3007161552948416916 ) ) ;
#2595 = EDGE_CURVE ( 'NONE', #6767, #883, #3024, .T. ) ;
#2596 = COLOUR_RGB ( '',0.8313725490196077761, 0.8392156862745098200, 0.8313725490196077761 ) ;
#2597 = VERTEX_POINT ( 'NONE', #6227 ) ;
#2598 = VECTOR ( 'NONE', #6685, 1000.000000000000000 ) ;
#2599 = DIRECTION ( 'NONE',  ( -0.0000000000000000000, -0.0000000000000000000, -1.000000000000000000 ) ) ;
#2600 = DIRECTION ( 'NONE',  ( 1.000000000000000000, 0.0000000000000000000, 0.0000000000000000000 ) ) ;
#2601 = ORIENTED_EDGE ( 'NONE', *, *, #4856, .F. ) ;
#2602 = CARTESIAN_POINT ( 'NONE',  ( -2.700000000000001954, 2.100000000000000089, -0.3000000000000003220 ) ) ;
#2603 = EDGE_CURVE ( 'NONE', #2645, #6181, #6812, .T. ) ;
#2604 = LINE ( 'NONE', #4154, #1371 ) ;
#2605 = FACE_OUTER_BOUND ( 'NONE', #2663, .T. ) ;
#2606 = DIRECTION ( 'NONE',  ( 3.043374519257556424E-15, -0.0000000000000000000, 1.000000000000000000 ) ) ;
#2607 = LINE ( 'NONE', #4714, #3481 ) ;
#2608 = UNCERTAINTY_MEASURE_WITH_UNIT (LENGTH_MEASURE( 1.000000000000000082E-05 ), #1042, 'distance_accuracy_value', 'NONE');
#2609 = ORIENTED_EDGE ( 'NONE', *, *, #6792, .F. ) ;
#2610 =( GEOMETRIC_REPRESENTATION_CONTEXT ( 3 ) GLOBAL_UNCERTAINTY_ASSIGNED_CONTEXT ( ( #3960 ) ) GLOBAL_UNIT_ASSIGNED_CONTEXT ( ( #4337, #594, #6438 ) ) REPRESENTATION_CONTEXT ( 'NONE', 'WORKASPACE' ) );
#2611 = FILL_AREA_STYLE ('',( #3724 ) ) ;
#2612 = SURFACE_SIDE_STYLE ('',( #5788 ) ) ;
#2613 = ORIENTED_EDGE ( 'NONE', *, *, #5536, .T. ) ;
#2614 =( NAMED_UNIT ( * ) PLANE_ANGLE_UNIT ( ) SI_UNIT ( $, .RADIAN. ) );
#2615 = PLANE ( 'NONE',  #2590 ) ;
#2616 = VERTEX_POINT ( 'NONE', #4160 ) ;
#2617 = STYLED_ITEM ( 'NONE', ( #4464 ), #4820 ) ;
#2618 = CARTESIAN_POINT ( 'NONE',  ( -2.470127565808668990, -2.199999999999999734, -0.5699999999999999512 ) ) ;
#2619 = LINE ( 'NONE', #4762, #3923 ) ;
#2620 = SURFACE_STYLE_FILL_AREA ( #2184 ) ;
#2621 = VECTOR ( 'NONE', #4273, 1000.000000000000000 ) ;
#2622 = CARTESIAN_POINT ( 'NONE',  ( 1.412305442492822971, -0.6860159872360371835, 0.3500000000000000333 ) ) ;
#2623 = EDGE_CURVE ( 'NONE', #3227, #2239, #2259, .T. ) ;
#2624 = EDGE_CURVE ( 'NONE', #3673, #4827, #227, .T. ) ;
#2625 = SURFACE_STYLE_USAGE ( .BOTH. , #5800 ) ;
#2626 = ORIENTED_EDGE ( 'NONE', *, *, #1921, .T. ) ;
#2627 = CARTESIAN_POINT ( 'NONE',  ( -2.470127565808668990, 2.200000000000000178, -0.5699999999999999512 ) ) ;
#2628 = CARTESIAN_POINT ( 'NONE',  ( 2.500000000000001776, 2.100000000000000089, -0.2999999999999997113 ) ) ;
#2629 = ORIENTED_EDGE ( 'NONE', *, *, #2962, .T. ) ;
#2630 = UNCERTAINTY_MEASURE_WITH_UNIT (LENGTH_MEASURE( 1.000000000000000082E-05 ), #6693, 'distance_accuracy_value', 'NONE');
#2631 = CARTESIAN_POINT ( 'NONE',  ( -1.043697599916538765, 0.4413501301401799304, 0.4500000000000000666 ) ) ;
#2632 = VECTOR ( 'NONE', #3228, 1000.000000000000114 ) ;
#2633 =( LENGTH_UNIT ( ) NAMED_UNIT ( * ) SI_UNIT ( .MILLI., .METRE. ) );
#2634 = EDGE_CURVE ( 'NONE', #2786, #459, #4515, .T. ) ;
#2635 = CARTESIAN_POINT ( 'NONE',  ( -0.9960286258184727348, -0.5332195235787651200, 0.3500000000000000333 ) ) ;
#2636 = AXIS2_PLACEMENT_3D ( 'NONE', #4906, #6376, #4797 ) ;
#2637 = ORIENTED_EDGE ( 'NONE', *, *, #685, .F. ) ;
#2638 = DIRECTION ( 'NONE',  ( -0.0000000000000000000, -1.000000000000000000, -0.0000000000000000000 ) ) ;
#2639 = ORIENTED_EDGE ( 'NONE', *, *, #6594, .F. ) ;
#2640 = LINE ( 'NONE', #548, #5637 ) ;
#2641 = DIRECTION ( 'NONE',  ( -8.673617379884033894E-15, 0.0000000000000000000, 1.000000000000000000 ) ) ;
#2642 = COLOUR_RGB ( '',0.8980392156862745390, 0.9215686274509803377, 0.9294117647058823817 ) ;
#2643 =( NAMED_UNIT ( * ) PLANE_ANGLE_UNIT ( ) SI_UNIT ( $, .RADIAN. ) );
#2644 = VECTOR ( 'NONE', #6714, 1000.000000000000000 ) ;
#2645 = VERTEX_POINT ( 'NONE', #6782 ) ;
#2646 = LINE ( 'NONE', #6745, #6275 ) ;
#2647 = CARTESIAN_POINT ( 'NONE',  ( -2.700000000000001954, 1.301042606982606110E-15, -0.4700000000000007505 ) ) ;
#2648 = LINE ( 'NONE', #1655, #6672 ) ;
#2649 = STYLED_ITEM ( 'NONE', ( #784 ), #504 ) ;
#2650 = EDGE_CURVE ( 'NONE', #6098, #6497, #6264, .T. ) ;
#2651 = FACE_OUTER_BOUND ( 'NONE', #954, .T. ) ;
#2652 = CARTESIAN_POINT ( 'NONE',  ( -1.146028625818473756, -0.1370056143358112655, 0.3500000000000000333 ) ) ;
#2653 = STYLED_ITEM ( 'NONE', ( #3109 ), #684 ) ;
#2654 = LINE ( 'NONE', #4619, #5093 ) ;
#2655 = CARTESIAN_POINT ( 'NONE',  ( -2.500000000000002220, -1.199999999999999734, 0.0000000000000000000 ) ) ;
#2656 = DIRECTION ( 'NONE',  ( -1.522241498270670007E-16, -1.000000000000000000, 0.0000000000000000000 ) ) ;
#2657 = DIRECTION ( 'NONE',  ( -0.0000000000000000000, 0.0000000000000000000, 1.000000000000000000 ) ) ;
#2658 =( LENGTH_UNIT ( ) NAMED_UNIT ( * ) SI_UNIT ( .MILLI., .METRE. ) );
#2659 = SURFACE_SIDE_STYLE ('',( #3764 ) ) ;
#2660 = STYLED_ITEM ( 'NONE', ( #2768 ), #714 ) ;
#2661 = ORIENTED_EDGE ( 'NONE', *, *, #3929, .T. ) ;
#2662 = LINE ( 'NONE', #2622, #2862 ) ;
#2663 = EDGE_LOOP ( 'NONE', ( #5459, #289, #2493, #6078, #6638, #3277, #5922, #1467, #2707 ) ) ;
#2664 = EDGE_LOOP ( 'NONE', ( #3752, #2024, #1618, #2405, #1913, #3233, #4561, #1748, #3515, #4741 ) ) ;
#2665 = CARTESIAN_POINT ( 'NONE',  ( 0.2838201673205150710, -0.4871897488101240015, 0.4500000000000000666 ) ) ;
#2666 = EDGE_CURVE ( 'NONE', #502, #5557, #1997, .T. ) ;
#2667 = DIRECTION ( 'NONE',  ( 0.0000000000000000000, -0.0000000000000000000, -1.000000000000000000 ) ) ;
#2668 = DIRECTION ( 'NONE',  ( 1.000000000000000000, 4.818676322157797375E-16, -3.043374519257556424E-15 ) ) ;
#2669 = DIRECTION ( 'NONE',  ( 1.000000000000000000, 2.710505431213759113E-16, 0.0000000000000000000 ) ) ;
#2670 = CARTESIAN_POINT ( 'NONE',  ( -2.500000000000000444, -1.199999999999999734, -0.5699999999999999512 ) ) ;
#2671 = ORIENTED_EDGE ( 'NONE', *, *, #1855, .F. ) ;
#2672 = CARTESIAN_POINT ( 'NONE',  ( 0.3603187164337327553, 0.9751250982098667031, 0.3000000000000000444 ) ) ;
#2673 = VECTOR ( 'NONE', #4274, 1000.000000000000000 ) ;
#2674 = CARTESIAN_POINT ( 'NONE',  ( -2.400000000000001243, -1.199999999999999734, -0.7700000000000000178 ) ) ;
#2675 = EDGE_LOOP ( 'NONE', ( #4178, #5297, #4047, #4336 ) ) ;
#2676 = DIRECTION ( 'NONE',  ( 0.0000000000000000000, 1.000000000000000000, 0.0000000000000000000 ) ) ;
#2677 = EDGE_CURVE ( 'NONE', #5121, #4389, #2353, .T. ) ;
#2678 = VECTOR ( 'NONE', #1322, 1000.000000000000000 ) ;
#2679 = LINE ( 'NONE', #1022, #133 ) ;
#2680 = VECTOR ( 'NONE', #1448, 1000.000000000000000 ) ;
#2681 = ORIENTED_EDGE ( 'NONE', *, *, #2221, .T. ) ;
#2682 = CARTESIAN_POINT ( 'NONE',  ( -0.9960286258184738450, -0.1370056143358112655, 0.3000000000000000444 ) ) ;
#2683 = CARTESIAN_POINT ( 'NONE',  ( -2.500000000000000888, -1.199999999999999734, -0.4700000000000001399 ) ) ;
#2684 = EDGE_LOOP ( 'NONE', ( #145, #140, #210, #1768 ) ) ;
#2685 = CARTESIAN_POINT ( 'NONE',  ( -1.680009069179263070, 2.879687624179894101, 0.4000000000000000222 ) ) ;
#2686 = EDGE_LOOP ( 'NONE', ( #2911, #2077, #4291, #4805 ) ) ;
#2687 = SURFACE_STYLE_USAGE ( .BOTH. , #5372 ) ;
#2688 = EDGE_CURVE ( 'NONE', #5118, #65, #6588, .T. ) ;
#2689 = CARTESIAN_POINT ( 'NONE',  ( -1.971607025033961236, 0.8251250982098667919, 0.3500000000000000333 ) ) ;
#2690 = PRESENTATION_STYLE_ASSIGNMENT (( #3863 ) ) ;
#2691 = ORIENTED_EDGE ( 'NONE', *, *, #189, .F. ) ;
#2692 = DIRECTION ( 'NONE',  ( -1.000000000000000000, -1.776016655323403858E-16, 0.0000000000000000000 ) ) ;
#2693 = DIRECTION ( 'NONE',  ( 2.409338161078899674E-16, 1.000000000000000000, 0.0000000000000000000 ) ) ;
#2694 = ADVANCED_FACE ( 'NONE', ( #522 ), #1026, .F. ) ;
#2695 = STYLED_ITEM ( 'NONE', ( #5598 ), #2798 ) ;
#2696 = DIRECTION ( 'NONE',  ( 0.0000000000000000000, 1.000000000000000000, 0.0000000000000000000 ) ) ;
#2697 = ORIENTED_EDGE ( 'NONE', *, *, #552, .F. ) ;
#2698 = CARTESIAN_POINT ( 'NONE',  ( -0.5500000000000000444, 1.049999999999999822, -0.5699999999999999512 ) ) ;
#2699 = VECTOR ( 'NONE', #2950, 1000.000000000000000 ) ;
#2700 = ORIENTED_EDGE ( 'NONE', *, *, #6744, .T. ) ;
#2701 = CARTESIAN_POINT ( 'NONE',  ( -1.043697599916538765, -0.1584055984559433750, 0.3500000000000000333 ) ) ;
#2702 = EDGE_LOOP ( 'NONE', ( #6628, #941, #6046, #877 ) ) ;
#2703 = UNCERTAINTY_MEASURE_WITH_UNIT (LENGTH_MEASURE( 1.000000000000000082E-05 ), #1935, 'distance_accuracy_value', 'NONE');
#2704 = FILL_AREA_STYLE ('',( #63 ) ) ;
#2705 =( LENGTH_UNIT ( ) NAMED_UNIT ( * ) SI_UNIT ( .MILLI., .METRE. ) );
#2706 = SURFACE_STYLE_USAGE ( .BOTH. , #6834 ) ;
#2707 = ORIENTED_EDGE ( 'NONE', *, *, #6625, .F. ) ;
#2708 = LINE ( 'NONE', #1683, #4640 ) ;
#2709 = ORIENTED_EDGE ( 'NONE', *, *, #2886, .T. ) ;
#2710 = STYLED_ITEM ( 'NONE', ( #6148 ), #3733 ) ;
#2711 = ORIENTED_EDGE ( 'NONE', *, *, #4266, .F. ) ;
#2712 = DIRECTION ( 'NONE',  ( 8.673617379884033894E-15, 0.0000000000000000000, 1.000000000000000000 ) ) ;
#2713 = VERTEX_POINT ( 'NONE', #5995 ) ;
#2714 = ADVANCED_FACE ( 'NONE', ( #1350 ), #4957, .T. ) ;
#2715 = EDGE_CURVE ( 'NONE', #58, #4265, #6509, .T. ) ;
#2716 = CARTESIAN_POINT ( 'NONE',  ( 1.930905544980987321, -0.8360159872360372058, 0.3500000000000000333 ) ) ;
#2717 =( GEOMETRIC_REPRESENTATION_CONTEXT ( 3 ) GLOBAL_UNCERTAINTY_ASSIGNED_CONTEXT ( ( #3602 ) ) GLOBAL_UNIT_ASSIGNED_CONTEXT ( ( #5351, #60, #6530 ) ) REPRESENTATION_CONTEXT ( 'NONE', 'WORKASPACE' ) );
#2718 = EDGE_LOOP ( 'NONE', ( #2429, #1442, #608, #6089 ) ) ;
#2719 = COLOUR_RGB ( '',0.8980392156862745390, 0.9215686274509803377, 0.9294117647058823817 ) ;
#2720 =( NAMED_UNIT ( * ) PLANE_ANGLE_UNIT ( ) SI_UNIT ( $, .RADIAN. ) );
#2721 = DIRECTION ( 'NONE',  ( -0.0000000000000000000, -1.000000000000000000, -0.0000000000000000000 ) ) ;
#2722 = EDGE_CURVE ( 'NONE', #507, #4594, #815, .T. ) ;
#2723 = FACE_OUTER_BOUND ( 'NONE', #5056, .T. ) ;
#2724 = PLANE ( 'NONE',  #2095 ) ;
#2725 = DIRECTION ( 'NONE',  ( -1.971276677246371272E-16, -1.000000000000000000, 0.0000000000000000000 ) ) ;
#2726 = ORIENTED_EDGE ( 'NONE', *, *, #2766, .F. ) ;
#2727 = PRESENTATION_STYLE_ASSIGNMENT (( #3729 ) ) ;
#2728 = PLANE ( 'NONE',  #5508 ) ;
#2729 = AXIS2_PLACEMENT_3D ( 'NONE', #4121, #1445, #4157 ) ;
#2730 = CYLINDRICAL_SURFACE ( 'NONE', #803, 0.1499999999999999667 ) ;
#2731 = ADVANCED_FACE ( 'NONE', ( #2923 ), #3368, .T. ) ;
#2732 = PRESENTATION_LAYER_ASSIGNMENT (  '', '', ( #6072 ) ) ;
#2733 = DIRECTION ( 'NONE',  ( 0.7071067811865474617, 0.7071067811865474617, 0.0000000000000000000 ) ) ;
#2734 = EDGE_LOOP ( 'NONE', ( #2562, #3967, #3268, #2415 ) ) ;
#2735 = CARTESIAN_POINT ( 'NONE',  ( -1.146028625818473756, 0.6751250982098658815, 0.3000000000000000444 ) ) ;
#2736 = PRESENTATION_LAYER_ASSIGNMENT (  '', '', ( #856 ) ) ;
#2737 = DIRECTION ( 'NONE',  ( -1.000000000000000000, 0.0000000000000000000, -3.071906155375592215E-15 ) ) ;
#2738 = CYLINDRICAL_SURFACE ( 'NONE', #3060, 0.3000000000000000444 ) ;
#2739 = CARTESIAN_POINT ( 'NONE',  ( -2.700000000000001066, 2.100000000000000089, -0.4700000000000007505 ) ) ;
#2740 = ORIENTED_EDGE ( 'NONE', *, *, #1583, .F. ) ;
#2741 = FILL_AREA_STYLE_COLOUR ( '', #526 ) ;
#2742 = COLOUR_RGB ( '',0.8980392156862745390, 0.9215686274509803377, 0.9294117647058823817 ) ;
#2743 = DIRECTION ( 'NONE',  ( 0.0000000000000000000, 0.0000000000000000000, -1.000000000000000000 ) ) ;
#2744 = VERTEX_POINT ( 'NONE', #3436 ) ;
#2745 = CARTESIAN_POINT ( 'NONE',  ( 2.500000000000002220, 1.200000000000000622, 0.0000000000000000000 ) ) ;
#2746 = AXIS2_PLACEMENT_3D ( 'NONE', #5182, #3115, #2046 ) ;
#2747 = VERTEX_POINT ( 'NONE', #6063 ) ;
#2748 = ORIENTED_EDGE ( 'NONE', *, *, #5189, .F. ) ;
#2749 =( NAMED_UNIT ( * ) SI_UNIT ( $, .STERADIAN. ) SOLID_ANGLE_UNIT ( ) );
#2750 = ORIENTED_EDGE ( 'NONE', *, *, #15, .F. ) ;
#2751 = VECTOR ( 'NONE', #1954, 1000.000000000000000 ) ;
#2752 = VERTEX_POINT ( 'NONE', #243 ) ;
#2753 = DIRECTION ( 'NONE',  ( 1.000000000000000000, 0.0000000000000000000, 0.0000000000000000000 ) ) ;
#2754 = EDGE_CURVE ( 'NONE', #1783, #5955, #6611, .T. ) ;
#2755 = LINE ( 'NONE', #2342, #3927 ) ;
#2756 = AXIS2_PLACEMENT_3D ( 'NONE', #5883, #3099, #1713 ) ;
#2757 = FACE_OUTER_BOUND ( 'NONE', #5175, .T. ) ;
#2758 = CARTESIAN_POINT ( 'NONE',  ( -0.03316504619021998224, 2.110000814877110997, 0.3500000000000000333 ) ) ;
#2759 = CARTESIAN_POINT ( 'NONE',  ( -1.600000000000000089, -1.099999999999999645, -0.5699999999999999512 ) ) ;
#2760 = CARTESIAN_POINT ( 'NONE',  ( 0.0000000000000000000, 0.0000000000000000000, 0.3000000000000000444 ) ) ;
#2761 =( LENGTH_UNIT ( ) NAMED_UNIT ( * ) SI_UNIT ( .MILLI., .METRE. ) );
#2762 = VECTOR ( 'NONE', #1420, 1000.000000000000000 ) ;
#2763 = SURFACE_STYLE_FILL_AREA ( #5411 ) ;
#2764 = VERTEX_POINT ( 'NONE', #6475 ) ;
#2765 = LINE ( 'NONE', #3224, #6398 ) ;
#2766 = EDGE_CURVE ( 'NONE', #4488, #4835, #1858, .T. ) ;
#2767 = PRESENTATION_LAYER_ASSIGNMENT (  '', '', ( #2649 ) ) ;
#2768 = PRESENTATION_STYLE_ASSIGNMENT (( #6414 ) ) ;
#2769 = CARTESIAN_POINT ( 'NONE',  ( -2.700000000000000622, -1.199999999999999734, -0.5700000000000006173 ) ) ;
#2770 = DIRECTION ( 'NONE',  ( -4.818676322157797375E-16, 1.000000000000000000, 1.751623080406021339E-46 ) ) ;
#2771 = EDGE_LOOP ( 'NONE', ( #1540, #4853, #3847, #977 ) ) ;
#2772 = CARTESIAN_POINT ( 'NONE',  ( 0.2838201673205150710, 1.116322564166215559, 0.3500000000000000333 ) ) ;
#2773 = PLANE ( 'NONE',  #5265 ) ;
#2774 = VERTEX_POINT ( 'NONE', #3990 ) ;
#2775 = UNCERTAINTY_MEASURE_WITH_UNIT (LENGTH_MEASURE( 1.000000000000000082E-05 ), #2367, 'distance_accuracy_value', 'NONE');
#2776 = CARTESIAN_POINT ( 'NONE',  ( -2.500000000000002220, 1.200000000000000622, 0.0000000000000000000 ) ) ;
#2777 = CARTESIAN_POINT ( 'NONE',  ( 2.500000000000003109, 1.204669080539450774E-15, -7.608436298143901117E-15 ) ) ;
#2778 = ORIENTED_EDGE ( 'NONE', *, *, #6557, .F. ) ;
#2779 =( NAMED_UNIT ( * ) PLANE_ANGLE_UNIT ( ) SI_UNIT ( $, .RADIAN. ) );
#2780 = FILL_AREA_STYLE ('',( #2741 ) ) ;
#2781 = LINE ( 'NONE', #4915, #821 ) ;
#2782 = EDGE_LOOP ( 'NONE', ( #4949, #171, #4195, #244 ) ) ;
#2783 = DIRECTION ( 'NONE',  ( 1.185975313885231567E-16, -1.000000000000000000, -0.0000000000000000000 ) ) ;
#2784 = CYLINDRICAL_SURFACE ( 'NONE', #6736, 0.1499999999999999667 ) ;
#2785 = ADVANCED_FACE ( 'NONE', ( #6097 ), #106, .T. ) ;
#2786 = VERTEX_POINT ( 'NONE', #4019 ) ;
#2787 = MECHANICAL_DESIGN_GEOMETRIC_PRESENTATION_REPRESENTATION (  '', ( #453 ), #6222 ) ;
#2788 =( GEOMETRIC_REPRESENTATION_CONTEXT ( 3 ) GLOBAL_UNCERTAINTY_ASSIGNED_CONTEXT ( ( #3834 ) ) GLOBAL_UNIT_ASSIGNED_CONTEXT ( ( #6779, #6705, #3131 ) ) REPRESENTATION_CONTEXT ( 'NONE', 'WORKASPACE' ) );
#2789 = SURFACE_STYLE_FILL_AREA ( #742 ) ;
#2790 = ORIENTED_EDGE ( 'NONE', *, *, #2063, .F. ) ;
#2791 = VERTEX_POINT ( 'NONE', #5158 ) ;
#2792 = CARTESIAN_POINT ( 'NONE',  ( -2.400000000000002132, 1.200000000000000622, -0.2999999999999993783 ) ) ;
#2793 = MECHANICAL_DESIGN_GEOMETRIC_PRESENTATION_REPRESENTATION (  '', ( #4471 ), #3924 ) ;
#2794 =( NAMED_UNIT ( * ) PLANE_ANGLE_UNIT ( ) SI_UNIT ( $, .RADIAN. ) );
#2795 = FILL_AREA_STYLE_COLOUR ( '', #6073 ) ;
#2796 = LINE ( 'NONE', #786, #2459 ) ;
#2797 = DIRECTION ( 'NONE',  ( 0.0000000000000000000, 0.0000000000000000000, 1.000000000000000000 ) ) ;
#2798 = ADVANCED_FACE ( 'NONE', ( #880 ), #4532, .F. ) ;
#2799 =( NAMED_UNIT ( * ) PLANE_ANGLE_UNIT ( ) SI_UNIT ( $, .RADIAN. ) );
#2800 = ORIENTED_EDGE ( 'NONE', *, *, #3072, .F. ) ;
#2801 =( GEOMETRIC_REPRESENTATION_CONTEXT ( 3 ) GLOBAL_UNCERTAINTY_ASSIGNED_CONTEXT ( ( #5267 ) ) GLOBAL_UNIT_ASSIGNED_CONTEXT ( ( #5775, #2643, #415 ) ) REPRESENTATION_CONTEXT ( 'NONE', 'WORKASPACE' ) );
#2802 = CARTESIAN_POINT ( 'NONE',  ( -2.470127565808668990, 2.500000000000002220, -0.5699999999999999512 ) ) ;
#2803 = DIRECTION ( 'NONE',  ( 4.818676322157797375E-16, 1.000000000000000000, 1.466503673540475756E-30 ) ) ;
#2804 = SURFACE_SIDE_STYLE ('',( #4974 ) ) ;
#2805 = VERTEX_POINT ( 'NONE', #5059 ) ;
#2807 = EDGE_CURVE ( 'NONE', #5955, #989, #3049, .T. ) ;
#2806 = SURFACE_SIDE_STYLE ('',( #4422 ) ) ;
#2808 = EDGE_CURVE ( 'NONE', #2270, #3017, #2434, .T. ) ;
#2809 = LINE ( 'NONE', #3806, #2038 ) ;
#2810 = DIRECTION ( 'NONE',  ( 0.0000000000000000000, -1.000000000000000000, -0.0000000000000000000 ) ) ;
#2811 =( NAMED_UNIT ( * ) PLANE_ANGLE_UNIT ( ) SI_UNIT ( $, .RADIAN. ) );
#2812 = COLOUR_RGB ( '',1.000000000000000000, 1.000000000000000000, 1.000000000000000000 ) ;
#2813 = CARTESIAN_POINT ( 'NONE',  ( -1.600000000000000089, -1.099999999999999645, -0.5699999999999999512 ) ) ;
#2814 = SURFACE_SIDE_STYLE ('',( #1241 ) ) ;
#2815 = VERTEX_POINT ( 'NONE', #336 ) ;
#2816 = SURFACE_STYLE_USAGE ( .BOTH. , #3816 ) ;
#2817 =( GEOMETRIC_REPRESENTATION_CONTEXT ( 3 ) GLOBAL_UNCERTAINTY_ASSIGNED_CONTEXT ( ( #6511 ) ) GLOBAL_UNIT_ASSIGNED_CONTEXT ( ( #5523, #92, #6077 ) ) REPRESENTATION_CONTEXT ( 'NONE', 'WORKASPACE' ) );
#2818 = ORIENTED_EDGE ( 'NONE', *, *, #2587, .F. ) ;
#2819 = LINE ( 'NONE', #141, #4194 ) ;
#2820 =( GEOMETRIC_REPRESENTATION_CONTEXT ( 3 ) GLOBAL_UNCERTAINTY_ASSIGNED_CONTEXT ( ( #3090 ) ) GLOBAL_UNIT_ASSIGNED_CONTEXT ( ( #3070, #5241, #468 ) ) REPRESENTATION_CONTEXT ( 'NONE', 'WORKASPACE' ) );
#2821 = CLOSED_SHELL ( 'NONE', ( #6798, #6083, #2694, #6281, #684, #5799, #2227, #1000, #5952, #4135, #3733 ) ) ;
#2822 = ORIENTED_EDGE ( 'NONE', *, *, #4064, .F. ) ;
#2823 = ADVANCED_FACE ( 'NONE', ( #5097 ), #1918, .T. ) ;
#2824 = DIRECTION ( 'NONE',  ( 0.0000000000000000000, 0.0000000000000000000, 1.000000000000000000 ) ) ;
#2825 = VERTEX_POINT ( 'NONE', #3499 ) ;
#2826 = ORIENTED_EDGE ( 'NONE', *, *, #6200, .F. ) ;
#2827 = DIRECTION ( 'NONE',  ( -0.0000000000000000000, 0.0000000000000000000, 1.000000000000000000 ) ) ;
#2828 = DIRECTION ( 'NONE',  ( -1.000000000000000000, 0.0000000000000000000, -3.252606517456519613E-15 ) ) ;
#2829 = SURFACE_STYLE_USAGE ( .BOTH. , #180 ) ;
#2830 = CARTESIAN_POINT ( 'NONE',  ( 2.700000000000000622, -1.199999999999999734, -0.5700000000000006173 ) ) ;
#2831 =( GEOMETRIC_REPRESENTATION_CONTEXT ( 3 ) GLOBAL_UNCERTAINTY_ASSIGNED_CONTEXT ( ( #1785 ) ) GLOBAL_UNIT_ASSIGNED_CONTEXT ( ( #4615, #356, #1364 ) ) REPRESENTATION_CONTEXT ( 'NONE', 'WORKASPACE' ) );
#2832 = DIRECTION ( 'NONE',  ( 0.0000000000000000000, 1.000000000000000000, 0.0000000000000000000 ) ) ;
#2833 = DIRECTION ( 'NONE',  ( 1.000000000000000000, 2.710505431213759113E-16, 0.0000000000000000000 ) ) ;
#2834 = UNCERTAINTY_MEASURE_WITH_UNIT (LENGTH_MEASURE( 1.000000000000000082E-05 ), #4430, 'distance_accuracy_value', 'NONE');
#2835 = VECTOR ( 'NONE', #3, 1000.000000000000000 ) ;
#2836 = CARTESIAN_POINT ( 'NONE',  ( -0.03316504619021998224, 2.110000814877110997, 0.3000000000000000444 ) ) ;
#2837 =( LENGTH_UNIT ( ) NAMED_UNIT ( * ) SI_UNIT ( .MILLI., .METRE. ) );
#2838 = DIRECTION ( 'NONE',  ( 0.0000000000000000000, 0.0000000000000000000, 1.000000000000000000 ) ) ;
#2839 = UNCERTAINTY_MEASURE_WITH_UNIT (LENGTH_MEASURE( 1.000000000000000082E-05 ), #3835, 'distance_accuracy_value', 'NONE');
#2840 = DIRECTION ( 'NONE',  ( -0.0000000000000000000, 0.0000000000000000000, -1.000000000000000000 ) ) ;
#2841 = SURFACE_STYLE_USAGE ( .BOTH. , #3870 ) ;
#2842 = EDGE_CURVE ( 'NONE', #811, #6512, #841, .T. ) ;
#2843 = EDGE_CURVE ( 'NONE', #1311, #4493, #3531, .T. ) ;
#2844 = DIRECTION ( 'NONE',  ( -0.0000000000000000000, -0.0000000000000000000, -1.000000000000000000 ) ) ;
#2845 = VECTOR ( 'NONE', #3356, 1000.000000000000000 ) ;
#2846 = CARTESIAN_POINT ( 'NONE',  ( -1.600000000000000311, -2.199999999999999734, -0.5699999999999999512 ) ) ;
#2847 = SURFACE_STYLE_USAGE ( .BOTH. , #268 ) ;
#2848 = DIRECTION ( 'NONE',  ( 0.0000000000000000000, 0.0000000000000000000, 1.000000000000000000 ) ) ;
#2849 = PLANE ( 'NONE',  #5055 ) ;
#2850 = VERTEX_POINT ( 'NONE', #1952 ) ;
#2851 =( GEOMETRIC_REPRESENTATION_CONTEXT ( 3 ) GLOBAL_UNCERTAINTY_ASSIGNED_CONTEXT ( ( #1860 ) ) GLOBAL_UNIT_ASSIGNED_CONTEXT ( ( #4572, #4993, #4705 ) ) REPRESENTATION_CONTEXT ( 'NONE', 'WORKASPACE' ) );
#2852 = CLOSED_SHELL ( 'NONE', ( #5583, #4217, #2096, #3777, #4303, #4353 ) ) ;
#2853 = EDGE_CURVE ( 'NONE', #1754, #1069, #4626, .T. ) ;
#2854 = EDGE_LOOP ( 'NONE', ( #5632, #2870, #6715, #5718 ) ) ;
#2855 = STYLED_ITEM ( 'NONE', ( #3848 ), #5893 ) ;
#2856 = STYLED_ITEM ( 'NONE', ( #4497 ), #5333 ) ;
#2857 = LINE ( 'NONE', #4887, #2254 ) ;
#2858 = CARTESIAN_POINT ( 'NONE',  ( -2.400000000000001243, 2.100000000000000089, -0.4699999999999998068 ) ) ;
#2859 = ORIENTED_EDGE ( 'NONE', *, *, #422, .T. ) ;
#2860 = ORIENTED_EDGE ( 'NONE', *, *, #2808, .T. ) ;
#2861 = CARTESIAN_POINT ( 'NONE',  ( 2.400000000000002132, 1.200000000000000622, -0.2999999999999993783 ) ) ;
#2862 = VECTOR ( 'NONE', #1009, 1000.000000000000000 ) ;
#2863 = SURFACE_STYLE_FILL_AREA ( #749 ) ;
#2864 = SURFACE_STYLE_FILL_AREA ( #1962 ) ;
#2865 = FACE_OUTER_BOUND ( 'NONE', #2358, .T. ) ;
#2866 = FACE_OUTER_BOUND ( 'NONE', #6321, .T. ) ;
#2867 = DIRECTION ( 'NONE',  ( 0.0000000000000000000, 1.000000000000000000, 0.0000000000000000000 ) ) ;
#2868 = MECHANICAL_DESIGN_GEOMETRIC_PRESENTATION_REPRESENTATION (  '', ( #84 ), #3328 ) ;
#2869 = LINE ( 'NONE', #3541, #599 ) ;
#2870 = ORIENTED_EDGE ( 'NONE', *, *, #4342, .T. ) ;
#2871 = DIRECTION ( 'NONE',  ( 0.0000000000000000000, 0.0000000000000000000, 1.000000000000000000 ) ) ;
#2872 = MECHANICAL_DESIGN_GEOMETRIC_PRESENTATION_REPRESENTATION (  '', ( #3334 ), #4220 ) ;
#2873 = MECHANICAL_DESIGN_GEOMETRIC_PRESENTATION_REPRESENTATION (  '', ( #2855 ), #3786 ) ;
#2874 = SURFACE_STYLE_USAGE ( .BOTH. , #5970 ) ;
#2875 = CARTESIAN_POINT ( 'NONE',  ( 1.599999999999999867, -2.200000000000000178, -0.5699999999999999512 ) ) ;
#2876 = EDGE_LOOP ( 'NONE', ( #4958, #1213, #978, #6634 ) ) ;
#2877 = CARTESIAN_POINT ( 'NONE',  ( 2.500000000000002220, -2.500000000000002220, 0.0000000000000000000 ) ) ;
#2878 = CARTESIAN_POINT ( 'NONE',  ( 2.400000000000002132, -2.099999999999999645, -0.2999999999999993783 ) ) ;
#2879 = DIRECTION ( 'NONE',  ( 0.05233595624294388321, -0.0000000000000000000, 0.9986295347545739443 ) ) ;
#2880 = ORIENTED_EDGE ( 'NONE', *, *, #3353, .T. ) ;
#2881 =( NAMED_UNIT ( * ) SI_UNIT ( $, .STERADIAN. ) SOLID_ANGLE_UNIT ( ) );
#2882 = DIRECTION ( 'NONE',  ( 1.000000000000000000, 4.818676322157797375E-16, -3.043374519257556424E-15 ) ) ;
#2883 = AXIS2_PLACEMENT_3D ( 'NONE', #3556, #1942, #1427 ) ;
#2884 =( LENGTH_UNIT ( ) NAMED_UNIT ( * ) SI_UNIT ( .MILLI., .METRE. ) );
#2885 = VERTEX_POINT ( 'NONE', #2529 ) ;
#2886 = EDGE_CURVE ( 'NONE', #1401, #3013, #1598, .T. ) ;
#2887 = STYLED_ITEM ( 'NONE', ( #3907 ), #729 ) ;
#2888 = ORIENTED_EDGE ( 'NONE', *, *, #2400, .F. ) ;
#2889 = DIRECTION ( 'NONE',  ( -0.0000000000000000000, -0.0000000000000000000, -1.000000000000000000 ) ) ;
#2890 = CARTESIAN_POINT ( 'NONE',  ( 0.2838201673205150155, 0.4046747618464905383, 0.4500000000000000666 ) ) ;
#2891 = EDGE_CURVE ( 'NONE', #3212, #5594, #28, .T. ) ;
#2892 = UNCERTAINTY_MEASURE_WITH_UNIT (LENGTH_MEASURE( 1.000000000000000082E-05 ), #6041, 'distance_accuracy_value', 'NONE');
#2893 = VERTEX_POINT ( 'NONE', #446 ) ;
#2894 = CARTESIAN_POINT ( 'NONE',  ( -2.400000000000001243, 1.200000000000001954, -0.7699999999999999067 ) ) ;
#2895 = DIRECTION ( 'NONE',  ( 1.000000000000000000, 0.0000000000000000000, -0.0000000000000000000 ) ) ;
#2896 = VECTOR ( 'NONE', #6648, 1000.000000000000000 ) ;
#2897 = DIRECTION ( 'NONE',  ( -0.0000000000000000000, -0.0000000000000000000, -1.000000000000000000 ) ) ;
#2898 = DIRECTION ( 'NONE',  ( -2.520540444682888024E-16, 1.000000000000000000, 0.0000000000000000000 ) ) ;
#2899 = EDGE_CURVE ( 'NONE', #4734, #2270, #2924, .T. ) ;
#2900 = ORIENTED_EDGE ( 'NONE', *, *, #3901, .T. ) ;
#2901 = UNCERTAINTY_MEASURE_WITH_UNIT (LENGTH_MEASURE( 1.000000000000000082E-05 ), #1178, 'distance_accuracy_value', 'NONE');
#2902 = VECTOR ( 'NONE', #1236, 1000.000000000000114 ) ;
#2903 = CARTESIAN_POINT ( 'NONE',  ( 2.700000000000003286, 1.301042606982606899E-15, -8.306732565912526210E-15 ) ) ;
#2904 =( GEOMETRIC_REPRESENTATION_CONTEXT ( 3 ) GLOBAL_UNCERTAINTY_ASSIGNED_CONTEXT ( ( #2834 ) ) GLOBAL_UNIT_ASSIGNED_CONTEXT ( ( #4430, #6495, #1271 ) ) REPRESENTATION_CONTEXT ( 'NONE', 'WORKASPACE' ) );
#2905 = MECHANICAL_DESIGN_GEOMETRIC_PRESENTATION_REPRESENTATION (  '', ( #6025 ), #3480 ) ;
#2906 = MECHANICAL_DESIGN_GEOMETRIC_PRESENTATION_REPRESENTATION (  '', ( #4578 ), #2251 ) ;
#2907 = DIRECTION ( 'NONE',  ( 0.0000000000000000000, 1.000000000000000000, 0.0000000000000000000 ) ) ;
#2908 = EDGE_CURVE ( 'NONE', #3017, #1447, #4495, .T. ) ;
#2909 = EDGE_LOOP ( 'NONE', ( #6340, #951, #3420, #1072 ) ) ;
#2910 = LINE ( 'NONE', #4583, #2598 ) ;
#2911 = ORIENTED_EDGE ( 'NONE', *, *, #1033, .T. ) ;
#2912 = STYLED_ITEM ( 'NONE', ( #542 ), #1621 ) ;
#2913 = SURFACE_STYLE_FILL_AREA ( #5495 ) ;
#2914 = DIRECTION ( 'NONE',  ( 0.7071067811865474617, 0.7071067811865474617, -0.0000000000000000000 ) ) ;
#2915 = SURFACE_STYLE_FILL_AREA ( #2362 ) ;
#2916 =( NAMED_UNIT ( * ) PLANE_ANGLE_UNIT ( ) SI_UNIT ( $, .RADIAN. ) );
#2917 = VECTOR ( 'NONE', #2676, 1000.000000000000000 ) ;
#2918 = ORIENTED_EDGE ( 'NONE', *, *, #6522, .T. ) ;
#2919 = DIRECTION ( 'NONE',  ( 1.000000000000000000, -1.971276677246371519E-16, 0.0000000000000000000 ) ) ;
#2920 =( GEOMETRIC_REPRESENTATION_CONTEXT ( 3 ) GLOBAL_UNCERTAINTY_ASSIGNED_CONTEXT ( ( #4301 ) ) GLOBAL_UNIT_ASSIGNED_CONTEXT ( ( #4115, #5698, #4595 ) ) REPRESENTATION_CONTEXT ( 'NONE', 'WORKASPACE' ) );
#2921 = VERTEX_POINT ( 'NONE', #2565 ) ;
#2922 = CARTESIAN_POINT ( 'NONE',  ( 0.0000000000000000000, -1.199999999999999734, -0.5699999999999999512 ) ) ;
#2923 = FACE_OUTER_BOUND ( 'NONE', #5024, .T. ) ;
#2924 = CIRCLE ( 'NONE', #6593, 0.1000000000000002554 ) ;
#2925 = EDGE_LOOP ( 'NONE', ( #5428, #3471, #5304, #192 ) ) ;
#2926 = EDGE_CURVE ( 'NONE', #2435, #4285, #3086, .T. ) ;
#2927 = DIRECTION ( 'NONE',  ( -0.0000000000000000000, -0.0000000000000000000, -1.000000000000000000 ) ) ;
#2928 = DIRECTION ( 'NONE',  ( 0.0000000000000000000, 0.0000000000000000000, 1.000000000000000000 ) ) ;
#2929 =( NAMED_UNIT ( * ) SI_UNIT ( $, .STERADIAN. ) SOLID_ANGLE_UNIT ( ) );
#2930 = FILL_AREA_STYLE ('',( #819 ) ) ;
#2931 = ADVANCED_FACE ( 'NONE', ( #3161 ), #4771, .F. ) ;
#2932 = DIRECTION ( 'NONE',  ( 1.000000000000000000, 4.818676322157797375E-16, -3.047392128993071134E-15 ) ) ;
#2933 = VECTOR ( 'NONE', #2475, 1000.000000000000000 ) ;
#2934 = SURFACE_STYLE_FILL_AREA ( #193 ) ;
#2935 = CARTESIAN_POINT ( 'NONE',  ( 0.2103187164337326220, 2.110000814877110997, 0.3500000000000000333 ) ) ;
#2936 = ORIENTED_EDGE ( 'NONE', *, *, #4058, .F. ) ;
#2937 = VECTOR ( 'NONE', #6760, 1000.000000000000000 ) ;
#2938 = EDGE_CURVE ( 'NONE', #4285, #4650, #64, .T. ) ;
#2939 = FACE_OUTER_BOUND ( 'NONE', #5238, .T. ) ;
#2940 = UNCERTAINTY_MEASURE_WITH_UNIT (LENGTH_MEASURE( 1.000000000000000082E-05 ), #2705, 'distance_accuracy_value', 'NONE');
#2941 = CARTESIAN_POINT ( 'NONE',  ( 0.2103187164337326220, 2.110000814877110997, 0.3500000000000000333 ) ) ;
#2942 = PRESENTATION_STYLE_ASSIGNMENT (( #2364 ) ) ;
#2943 = COLOUR_RGB ( '',1.000000000000000000, 1.000000000000000000, 1.000000000000000000 ) ;
#2944 = EDGE_LOOP ( 'NONE', ( #4309, #4474, #1876, #3797 ) ) ;
#2945 = DIRECTION ( 'NONE',  ( 1.000000000000000000, 0.0000000000000000000, 0.0000000000000000000 ) ) ;
#2946 = ORIENTED_EDGE ( 'NONE', *, *, #1004, .T. ) ;
#2947 = SURFACE_STYLE_FILL_AREA ( #838 ) ;
#2948 = ORIENTED_EDGE ( 'NONE', *, *, #1339, .T. ) ;
#2949 = LINE ( 'NONE', #2922, #1859 ) ;
#2950 = DIRECTION ( 'NONE',  ( 1.000000000000000000, 0.0000000000000000000, 0.0000000000000000000 ) ) ;
#2951 = CIRCLE ( 'NONE', #3980, 0.1499999999999999667 ) ;
#2952 = LINE ( 'NONE', #4598, #2751 ) ;
#2953 = EDGE_LOOP ( 'NONE', ( #5221, #6254, #844, #632, #533, #4072 ) ) ;
#2954 =( NAMED_UNIT ( * ) SI_UNIT ( $, .STERADIAN. ) SOLID_ANGLE_UNIT ( ) );
#2955 = FACE_OUTER_BOUND ( 'NONE', #1246, .T. ) ;
#2956 = DIRECTION ( 'NONE',  ( 0.0000000000000000000, -1.000000000000000000, 0.0000000000000000000 ) ) ;
#2957 =( NAMED_UNIT ( * ) SI_UNIT ( $, .STERADIAN. ) SOLID_ANGLE_UNIT ( ) );
#2958 = CARTESIAN_POINT ( 'NONE',  ( -0.1415856775653445976, 0.4413501301401799304, 0.3500000000000000333 ) ) ;
#2959 = SURFACE_SIDE_STYLE ('',( #2442 ) ) ;
#2960 = VECTOR ( 'NONE', #6274, 1000.000000000000000 ) ;
#2961 = CARTESIAN_POINT ( 'NONE',  ( -2.499117102666011725, -2.099999999999999645, -0.01684668471109857651 ) ) ;
#2962 = EDGE_CURVE ( 'NONE', #1087, #6391, #1136, .T. ) ;
#2963 = FILL_AREA_STYLE ('',( #285 ) ) ;
#2964 = STYLED_ITEM ( 'NONE', ( #1265 ), #5604 ) ;
#2965 = DIRECTION ( 'NONE',  ( -1.000000000000000000, 0.0000000000000000000, 0.0000000000000000000 ) ) ;
#2966 = ORIENTED_EDGE ( 'NONE', *, *, #6104, .T. ) ;
#2967 = SURFACE_SIDE_STYLE ('',( #3001 ) ) ;
#2968 = ORIENTED_EDGE ( 'NONE', *, *, #4767, .F. ) ;
#2969 = DIRECTION ( 'NONE',  ( -1.445602896647339114E-15, 0.0000000000000000000, 1.000000000000000000 ) ) ;
#2970 = CARTESIAN_POINT ( 'NONE',  ( 0.2838201673205150710, -0.2871897488101240459, 0.4500000000000000666 ) ) ;
#2971 = VERTEX_POINT ( 'NONE', #1017 ) ;
#2972 = PRESENTATION_LAYER_ASSIGNMENT (  '', '', ( #1337 ) ) ;
#2973 = EDGE_CURVE ( 'NONE', #4835, #447, #1052, .T. ) ;
#2974 = DIRECTION ( 'NONE',  ( 4.818676322157797375E-16, -1.000000000000000000, -1.466503673540475756E-30 ) ) ;
#2975 = VECTOR ( 'NONE', #698, 1000.000000000000000 ) ;
#2976 =( NAMED_UNIT ( * ) PLANE_ANGLE_UNIT ( ) SI_UNIT ( $, .RADIAN. ) );
#2977 = DIRECTION ( 'NONE',  ( 0.0000000000000000000, -1.000000000000000000, 0.0000000000000000000 ) ) ;
#2978 = DIRECTION ( 'NONE',  ( 1.000000000000000000, -2.409338161078899674E-16, 0.0000000000000000000 ) ) ;
#2979 = ORIENTED_EDGE ( 'NONE', *, *, #5074, .F. ) ;
#2980 = DIRECTION ( 'NONE',  ( -1.000000000000000000, 1.400746772075018613E-16, 0.0000000000000000000 ) ) ;
#2981 = SURFACE_STYLE_USAGE ( .BOTH. , #872 ) ;
#2982 = ORIENTED_EDGE ( 'NONE', *, *, #3008, .F. ) ;
#2983 = EDGE_CURVE ( 'NONE', #5829, #2764, #5259, .T. ) ;
#2984 = CIRCLE ( 'NONE', #4340, 0.3000000000000000444 ) ;
#2985 = VERTEX_POINT ( 'NONE', #1682 ) ;
#2986 =( LENGTH_UNIT ( ) NAMED_UNIT ( * ) SI_UNIT ( .MILLI., .METRE. ) );
#2987 = EDGE_CURVE ( 'NONE', #5568, #6362, #1604, .T. ) ;
#2988 = ORIENTED_EDGE ( 'NONE', *, *, #1929, .T. ) ;
#2989 = FILL_AREA_STYLE_COLOUR ( '', #5180 ) ;
#2990 = PLANE ( 'NONE',  #3704 ) ;
#2991 = CYLINDRICAL_SURFACE ( 'NONE', #6666, 0.1499999999999999667 ) ;
#2992 = SURFACE_SIDE_STYLE ('',( #1828 ) ) ;
#2993 = MECHANICAL_DESIGN_GEOMETRIC_PRESENTATION_REPRESENTATION (  '', ( #6663 ), #111 ) ;
#2994 =( LENGTH_UNIT ( ) NAMED_UNIT ( * ) SI_UNIT ( .MILLI., .METRE. ) );
#2995 = DIRECTION ( 'NONE',  ( 0.0000000000000000000, 0.0000000000000000000, -1.000000000000000000 ) ) ;
#2996 = STYLED_ITEM ( 'NONE', ( #6068 ), #957 ) ;
#2997 = CARTESIAN_POINT ( 'NONE',  ( -2.500000000000002220, -2.099999999999999645, 0.0000000000000000000 ) ) ;
#2998 = STYLED_ITEM ( 'NONE', ( #604 ), #1842 ) ;
#2999 = VERTEX_POINT ( 'NONE', #1090 ) ;
#3000 = SURFACE_SIDE_STYLE ('',( #4723 ) ) ;
#3001 = SURFACE_STYLE_FILL_AREA ( #5079 ) ;
#3002 = ORIENTED_EDGE ( 'NONE', *, *, #4593, .T. ) ;
#3003 = SURFACE_STYLE_FILL_AREA ( #6855 ) ;
#3004 = DIRECTION ( 'NONE',  ( 0.0000000000000000000, -0.0000000000000000000, 1.000000000000000000 ) ) ;
#3005 =( NAMED_UNIT ( * ) PLANE_ANGLE_UNIT ( ) SI_UNIT ( $, .RADIAN. ) );
#3006 = STYLED_ITEM ( 'NONE', ( #3822 ), #1543 ) ;
#3007 = LINE ( 'NONE', #435, #6761 ) ;
#3008 = EDGE_CURVE ( 'NONE', #2616, #3415, #4807, .T. ) ;
#3009 = ADVANCED_FACE ( 'NONE', ( #3427 ), #204, .F. ) ;
#3010 = VECTOR ( 'NONE', #1, 1000.000000000000000 ) ;
#3011 = ORIENTED_EDGE ( 'NONE', *, *, #875, .T. ) ;
#3012 = VECTOR ( 'NONE', #1138, 1000.000000000000000 ) ;
#3013 = VERTEX_POINT ( 'NONE', #3984 ) ;
#3014 = EDGE_CURVE ( 'NONE', #1956, #58, #1745, .T. ) ;
#3015 = ORIENTED_EDGE ( 'NONE', *, *, #4485, .T. ) ;
#3016 = PRESENTATION_LAYER_ASSIGNMENT (  '', '', ( #6342 ) ) ;
#3017 = VERTEX_POINT ( 'NONE', #6606 ) ;
#3018 = DIRECTION ( 'NONE',  ( 0.0000000000000000000, -1.000000000000000000, 0.0000000000000000000 ) ) ;
#3019 = EDGE_CURVE ( 'NONE', #2366, #5280, #1206, .T. ) ;
#3020 = SURFACE_SIDE_STYLE ('',( #919 ) ) ;
#3021 = CARTESIAN_POINT ( 'NONE',  ( 0.5500000000000000444, 6.735557395310442516E-17, -0.5699999999999999512 ) ) ;
#3022 = EDGE_LOOP ( 'NONE', ( #1250, #4778, #3717, #4590, #5185, #1485 ) ) ;
#3023 = SURFACE_STYLE_FILL_AREA ( #1926 ) ;
#3024 = LINE ( 'NONE', #5037, #5257 ) ;
#3025 = DIRECTION ( 'NONE',  ( 0.0000000000000000000, 0.0000000000000000000, 1.000000000000000000 ) ) ;
#3026 = UNCERTAINTY_MEASURE_WITH_UNIT (LENGTH_MEASURE( 1.000000000000000082E-05 ), #5306, 'distance_accuracy_value', 'NONE');
#3027 = DIRECTION ( 'NONE',  ( 0.0000000000000000000, 1.000000000000000000, 0.0000000000000000000 ) ) ;
#3028 = VECTOR ( 'NONE', #3152, 1000.000000000000000 ) ;
#3029 = DIRECTION ( 'NONE',  ( -4.818676322157797375E-16, 1.000000000000000000, 0.0000000000000000000 ) ) ;
#3030 = FILL_AREA_STYLE_COLOUR ( '', #3084 ) ;
#3031 = PRESENTATION_LAYER_ASSIGNMENT (  '', '', ( #5595 ) ) ;
#3032 = VERTEX_POINT ( 'NONE', #3918 ) ;
#3033 = PRESENTATION_STYLE_ASSIGNMENT (( #2388 ) ) ;
#3034 = UNCERTAINTY_MEASURE_WITH_UNIT (LENGTH_MEASURE( 1.000000000000000082E-05 ), #5035, 'distance_accuracy_value', 'NONE');
#3035 = DIRECTION ( 'NONE',  ( -1.185975313885231567E-16, 1.000000000000000000, 0.0000000000000000000 ) ) ;
#3036 = SURFACE_SIDE_STYLE ('',( #319 ) ) ;
#3037 = AXIS2_PLACEMENT_3D ( 'NONE', #928, #2133, #6751 ) ;
#3038 = CARTESIAN_POINT ( 'NONE',  ( -0.5500000000000001554, -1.049999999999999822, -0.6999999999999999556 ) ) ;
#3039 =( NAMED_UNIT ( * ) SI_UNIT ( $, .STERADIAN. ) SOLID_ANGLE_UNIT ( ) );
#3040 =( NAMED_UNIT ( * ) SI_UNIT ( $, .STERADIAN. ) SOLID_ANGLE_UNIT ( ) );
#3041 = VERTEX_POINT ( 'NONE', #4880 ) ;
#3042 = ORIENTED_EDGE ( 'NONE', *, *, #1490, .F. ) ;
#3043 = VECTOR ( 'NONE', #6239, 1000.000000000000000 ) ;
#3044 = UNCERTAINTY_MEASURE_WITH_UNIT (LENGTH_MEASURE( 1.000000000000000082E-05 ), #1051, 'distance_accuracy_value', 'NONE');
#3045 = EDGE_CURVE ( 'NONE', #2239, #5144, #6574, .T. ) ;
#3046 = ADVANCED_FACE ( 'NONE', ( #769 ), #4362, .F. ) ;
#3047 = MECHANICAL_DESIGN_GEOMETRIC_PRESENTATION_REPRESENTATION (  '', ( #5838 ), #59 ) ;
#3048 = ORIENTED_EDGE ( 'NONE', *, *, #875, .F. ) ;
#3049 = LINE ( 'NONE', #5186, #4709 ) ;
#3050 = ORIENTED_EDGE ( 'NONE', *, *, #3522, .F. ) ;
#3051 = DIRECTION ( 'NONE',  ( -1.000000000000000000, -0.0000000000000000000, 0.0000000000000000000 ) ) ;
#3052 = AXIS2_PLACEMENT_3D ( 'NONE', #5193, #1475, #418 ) ;
#3053 = VERTEX_POINT ( 'NONE', #5949 ) ;
#3054 = FACE_OUTER_BOUND ( 'NONE', #5997, .T. ) ;
#3055 = EDGE_CURVE ( 'NONE', #482, #3878, #663, .T. ) ;
#3056 = LINE ( 'NONE', #6870, #4925 ) ;
#3057 = DIRECTION ( 'NONE',  ( 0.0000000000000000000, 1.000000000000000000, -0.0000000000000000000 ) ) ;
#3058 = SURFACE_SIDE_STYLE ('',( #1476 ) ) ;
#3059 = CARTESIAN_POINT ( 'NONE',  ( -0.9960286258184727348, -0.2870056143358112877, 0.3500000000000000333 ) ) ;
#3060 = AXIS2_PLACEMENT_3D ( 'NONE', #97, #2230, #5426 ) ;
#3061 = DIRECTION ( 'NONE',  ( -0.0000000000000000000, -0.0000000000000000000, -1.000000000000000000 ) ) ;
#3062 = DIRECTION ( 'NONE',  ( -1.000000000000000000, -0.0000000000000000000, -0.0000000000000000000 ) ) ;
#3063 = SURFACE_SIDE_STYLE ('',( #2231 ) ) ;
#3064 = PRESENTATION_LAYER_ASSIGNMENT (  '', '', ( #2075 ) ) ;
#3065 =( NAMED_UNIT ( * ) PLANE_ANGLE_UNIT ( ) SI_UNIT ( $, .RADIAN. ) );
#3066 = VECTOR ( 'NONE', #5793, 1000.000000000000000 ) ;
#3067 = COLOUR_RGB ( '',0.8980392156862745390, 0.9215686274509803377, 0.9294117647058823817 ) ;
#3068 = ORIENTED_EDGE ( 'NONE', *, *, #1881, .T. ) ;
#3069 = FILL_AREA_STYLE ('',( #970 ) ) ;
#3070 =( LENGTH_UNIT ( ) NAMED_UNIT ( * ) SI_UNIT ( .MILLI., .METRE. ) );
#3071 = ORIENTED_EDGE ( 'NONE', *, *, #1264, .F. ) ;
#3072 = EDGE_CURVE ( 'NONE', #1507, #4398, #237, .T. ) ;
#3073 = PRESENTATION_LAYER_ASSIGNMENT (  '', '', ( #982 ) ) ;
#3074 = VECTOR ( 'NONE', #3663, 1000.000000000000000 ) ;
#3075 = SURFACE_STYLE_FILL_AREA ( #4554 ) ;
#3076 = DIRECTION ( 'NONE',  ( 0.0000000000000000000, 0.9961946980917455452, 0.08715574274765820750 ) ) ;
#3077 = ORIENTED_EDGE ( 'NONE', *, *, #4900, .T. ) ;
#3078 = COLOUR_RGB ( '',1.000000000000000000, 1.000000000000000000, 1.000000000000000000 ) ;
#3079 = ORIENTED_EDGE ( 'NONE', *, *, #6430, .F. ) ;
#3080 =( GEOMETRIC_REPRESENTATION_CONTEXT ( 3 ) GLOBAL_UNCERTAINTY_ASSIGNED_CONTEXT ( ( #6529 ) ) GLOBAL_UNIT_ASSIGNED_CONTEXT ( ( #115, #2614, #5339 ) ) REPRESENTATION_CONTEXT ( 'NONE', 'WORKASPACE' ) );
#3081 = AXIS2_PLACEMENT_3D ( 'NONE', #3780, #1132, #3239 ) ;
#3082 = ORIENTED_EDGE ( 'NONE', *, *, #1378, .T. ) ;
#3083 = ORIENTED_EDGE ( 'NONE', *, *, #4534, .F. ) ;
#3084 = COLOUR_RGB ( '',1.000000000000000000, 1.000000000000000000, 1.000000000000000000 ) ;
#3085 = EDGE_CURVE ( 'NONE', #3580, #2597, #2781, .T. ) ;
#3086 = LINE ( 'NONE', #5919, #4713 ) ;
#3087 = ORIENTED_EDGE ( 'NONE', *, *, #3852, .F. ) ;
#3088 = FACE_OUTER_BOUND ( 'NONE', #1751, .T. ) ;
#3089 = DIRECTION ( 'NONE',  ( 0.0000000000000000000, 1.000000000000000000, 0.0000000000000000000 ) ) ;
#3090 = UNCERTAINTY_MEASURE_WITH_UNIT (LENGTH_MEASURE( 1.000000000000000082E-05 ), #3070, 'distance_accuracy_value', 'NONE');
#3091 = ORIENTED_EDGE ( 'NONE', *, *, #1354, .F. ) ;
#3092 = SURFACE_STYLE_FILL_AREA ( #5735 ) ;
#3093 = DIRECTION ( 'NONE',  ( 1.000000000000000000, 2.520540444682888024E-16, -0.0000000000000000000 ) ) ;
#3094 = FILL_AREA_STYLE_COLOUR ( '', #4744 ) ;
#3095 = DIRECTION ( 'NONE',  ( -0.0000000000000000000, -0.0000000000000000000, -1.000000000000000000 ) ) ;
#3096 = EDGE_CURVE ( 'NONE', #6734, #6300, #1777, .T. ) ;
#3097 = DIRECTION ( 'NONE',  ( 7.228014483236695175E-15, 0.0000000000000000000, 1.000000000000000000 ) ) ;
#3098 = ADVANCED_FACE ( 'NONE', ( #735 ), #2849, .T. ) ;
#3099 = DIRECTION ( 'NONE',  ( 1.000000000000000000, 0.0000000000000000000, -0.0000000000000000000 ) ) ;
#3100 = EDGE_LOOP ( 'NONE', ( #799, #6544, #3635, #3467 ) ) ;
#3101 =( LENGTH_UNIT ( ) NAMED_UNIT ( * ) SI_UNIT ( .MILLI., .METRE. ) );
#3102 = SURFACE_STYLE_USAGE ( .BOTH. , #5932 ) ;
#3103 = DIRECTION ( 'NONE',  ( 0.0000000000000000000, 0.0000000000000000000, 1.000000000000000000 ) ) ;
#3104 = EDGE_CURVE ( 'NONE', #6168, #1133, #330, .T. ) ;
#3105 = ORIENTED_EDGE ( 'NONE', *, *, #5959, .T. ) ;
#3106 = ORIENTED_EDGE ( 'NONE', *, *, #4352, .T. ) ;
#3107 = CARTESIAN_POINT ( 'NONE',  ( 0.0000000000000000000, 0.0000000000000000000, 0.3007161552948416916 ) ) ;
#3108 = FILL_AREA_STYLE_COLOUR ( '', #4735 ) ;
#3109 = PRESENTATION_STYLE_ASSIGNMENT (( #6688 ) ) ;
#3110 = AXIS2_PLACEMENT_3D ( 'NONE', #1165, #1048, #614 ) ;
#3111 = LINE ( 'NONE', #4315, #5421 ) ;
#3112 = VECTOR ( 'NONE', #4298, 1000.000000000000000 ) ;
#3113 = EDGE_CURVE ( 'NONE', #4671, #5623, #2428, .T. ) ;
#3114 = ORIENTED_EDGE ( 'NONE', *, *, #2808, .F. ) ;
#3115 = DIRECTION ( 'NONE',  ( -2.000708728360073702E-16, 1.000000000000000000, 0.0000000000000000000 ) ) ;
#3116 = DIRECTION ( 'NONE',  ( -0.0000000000000000000, -1.000000000000000000, -0.0000000000000000000 ) ) ;
#3117 = ORIENTED_EDGE ( 'NONE', *, *, #5760, .T. ) ;
#3118 = PRESENTATION_STYLE_ASSIGNMENT (( #1636 ) ) ;
#3119 = STYLED_ITEM ( 'NONE', ( #974 ), #1788 ) ;
#3120 = CIRCLE ( 'NONE', #5669, 0.5500000000000000444 ) ;
#3121 = ORIENTED_EDGE ( 'NONE', *, *, #2938, .F. ) ;
#3122 = SURFACE_SIDE_STYLE ('',( #5769 ) ) ;
#3123 = CARTESIAN_POINT ( 'NONE',  ( -2.499117102666011725, -1.199999999999999734, -0.01684668471109857651 ) ) ;
#3124 = DIRECTION ( 'NONE',  ( 0.05233595624294388321, -0.0000000000000000000, 0.9986295347545739443 ) ) ;
#3125 = ORIENTED_EDGE ( 'NONE', *, *, #2754, .F. ) ;
#3126 = SURFACE_STYLE_USAGE ( .BOTH. , #5222 ) ;
#3127 = DIRECTION ( 'NONE',  ( -1.000000000000000000, 4.818676322157797375E-16, 0.0000000000000000000 ) ) ;
#3128 = DIRECTION ( 'NONE',  ( -1.000000000000000000, 0.0000000000000000000, 0.0000000000000000000 ) ) ;
#3129 = PRESENTATION_STYLE_ASSIGNMENT (( #3679 ) ) ;
#3130 = UNCERTAINTY_MEASURE_WITH_UNIT (LENGTH_MEASURE( 1.000000000000000082E-05 ), #814, 'distance_accuracy_value', 'NONE');
#3131 =( NAMED_UNIT ( * ) SI_UNIT ( $, .STERADIAN. ) SOLID_ANGLE_UNIT ( ) );
#3132 = DIRECTION ( 'NONE',  ( -1.000000000000000000, -0.0000000000000000000, -0.0000000000000000000 ) ) ;
#3133 = ORIENTED_EDGE ( 'NONE', *, *, #5780, .T. ) ;
#3134 =( NAMED_UNIT ( * ) PLANE_ANGLE_UNIT ( ) SI_UNIT ( $, .RADIAN. ) );
#3135 = EDGE_LOOP ( 'NONE', ( #3314, #4473, #2034, #1260 ) ) ;
#3136 = LINE ( 'NONE', #4783, #2835 ) ;
#3137 = ADVANCED_FACE ( 'NONE', ( #6729 ), #4108, .F. ) ;
#3138 = EDGE_CURVE ( 'NONE', #2004, #873, #3462, .T. ) ;
#3139 = SURFACE_STYLE_FILL_AREA ( #3219 ) ;
#3140 = SURFACE_SIDE_STYLE ('',( #6233 ) ) ;
#3141 = FACE_OUTER_BOUND ( 'NONE', #1211, .T. ) ;
#3142 =( NAMED_UNIT ( * ) PLANE_ANGLE_UNIT ( ) SI_UNIT ( $, .RADIAN. ) );
#3143 = ORIENTED_EDGE ( 'NONE', *, *, #3085, .F. ) ;
#3144 = AXIS2_PLACEMENT_3D ( 'NONE', #2878, #5974, #4908 ) ;
#3146 = STYLED_ITEM ( 'NONE', ( #1714 ), #3046 ) ;
#3145 = FACE_OUTER_BOUND ( 'NONE', #2734, .T. ) ;
#3147 = PLANE ( 'NONE',  #165 ) ;
#3148 = EDGE_CURVE ( 'NONE', #2366, #4827, #5152, .T. ) ;
#3149 = DIRECTION ( 'NONE',  ( -0.0000000000000000000, -0.0000000000000000000, -1.000000000000000000 ) ) ;
#3150 = ORIENTED_EDGE ( 'NONE', *, *, #4866, .F. ) ;
#3151 = DIRECTION ( 'NONE',  ( -2.409338161078899674E-16, 1.000000000000000000, 0.0000000000000000000 ) ) ;
#3152 = DIRECTION ( 'NONE',  ( 1.000000000000000000, 1.604850264224746292E-16, 0.0000000000000000000 ) ) ;
#3153 = ORIENTED_EDGE ( 'NONE', *, *, #4275, .F. ) ;
#3154 = DIRECTION ( 'NONE',  ( 4.818676322157797375E-16, 1.000000000000000000, 1.466503673540475756E-30 ) ) ;
#3155 = FILL_AREA_STYLE ('',( #4219 ) ) ;
#3156 = CARTESIAN_POINT ( 'NONE',  ( -2.400000000000001243, -2.099999999999998312, -0.7699999999999999067 ) ) ;
#3157 = FILL_AREA_STYLE_COLOUR ( '', #625 ) ;
#3158 = MECHANICAL_DESIGN_GEOMETRIC_PRESENTATION_REPRESENTATION (  '', ( #373 ), #2831 ) ;
#3159 = ORIENTED_EDGE ( 'NONE', *, *, #6411, .F. ) ;
#3160 =( NAMED_UNIT ( * ) PLANE_ANGLE_UNIT ( ) SI_UNIT ( $, .RADIAN. ) );
#3161 = FACE_OUTER_BOUND ( 'NONE', #2854, .T. ) ;
#3162 = MANIFOLD_SOLID_BREP ( '???????-????????5[2]', #1287 ) ;
#3163 = ORIENTED_EDGE ( 'NONE', *, *, #2634, .F. ) ;
#3164 = PLANE ( 'NONE',  #757 ) ;
#3165 = EDGE_CURVE ( 'NONE', #2276, #4488, #397, .T. ) ;
#3166 = AXIS2_PLACEMENT_3D ( 'NONE', #4238, #3175, #6324 ) ;
#3167 = LINE ( 'NONE', #6390, #4037 ) ;
#3168 = ORIENTED_EDGE ( 'NONE', *, *, #2853, .T. ) ;
#3169 =( NAMED_UNIT ( * ) SI_UNIT ( $, .STERADIAN. ) SOLID_ANGLE_UNIT ( ) );
#3170 = ORIENTED_EDGE ( 'NONE', *, *, #5690, .F. ) ;
#3171 = DIRECTION ( 'NONE',  ( -0.0000000000000000000, -0.0000000000000000000, -1.000000000000000000 ) ) ;
#3172 = AXIS2_PLACEMENT_3D ( 'NONE', #3606, #3057, #6292 ) ;
#3173 = UNCERTAINTY_MEASURE_WITH_UNIT (LENGTH_MEASURE( 1.000000000000000082E-05 ), #6173, 'distance_accuracy_value', 'NONE');
#3174 = ORIENTED_EDGE ( 'NONE', *, *, #6661, .T. ) ;
#3175 = DIRECTION ( 'NONE',  ( 0.0000000000000000000, 0.9986295347545739443, -0.05233595624294388321 ) ) ;
#3176 = PLANE ( 'NONE',  #1567 ) ;
#3177 = CARTESIAN_POINT ( 'NONE',  ( -1.043697599916538765, 0.4413501301401799304, 0.3500000000000000333 ) ) ;
#3178 = CARTESIAN_POINT ( 'NONE',  ( 0.0000000000000000000, 0.0000000000000000000, 0.3007161552948416916 ) ) ;
#3179 = CARTESIAN_POINT ( 'NONE',  ( 1.700000000000000622, 2.100000000000000089, -0.5699999999999999512 ) ) ;
#3180 =( NAMED_UNIT ( * ) SI_UNIT ( $, .STERADIAN. ) SOLID_ANGLE_UNIT ( ) );
#3181 = ORIENTED_EDGE ( 'NONE', *, *, #6316, .F. ) ;
#3182 = EDGE_CURVE ( 'NONE', #2885, #6767, #4527, .T. ) ;
#3183 = DIRECTION ( 'NONE',  ( -4.818676322157797375E-16, -1.000000000000000000, -1.466503673540475756E-30 ) ) ;
#3184 = EDGE_LOOP ( 'NONE', ( #1226, #3042, #277, #402 ) ) ;
#3185 = DIRECTION ( 'NONE',  ( 0.0000000000000000000, 1.000000000000000000, 0.0000000000000000000 ) ) ;
#3186 = SURFACE_STYLE_USAGE ( .BOTH. , #973 ) ;
#3187 = VECTOR ( 'NONE', #737, 1000.000000000000000 ) ;
#3188 = MANIFOLD_SOLID_BREP ( '???????-????????5[1]', #4003 ) ;
#3189 = COLOUR_RGB ( '',1.000000000000000000, 1.000000000000000000, 1.000000000000000000 ) ;
#3190 = DIRECTION ( 'NONE',  ( 1.000000000000000000, 4.818676322157797375E-16, 0.0000000000000000000 ) ) ;
#3191 = FILL_AREA_STYLE_COLOUR ( '', #6679 ) ;
#3192 = ORIENTED_EDGE ( 'NONE', *, *, #4657, .T. ) ;
#3193 =( LENGTH_UNIT ( ) NAMED_UNIT ( * ) SI_UNIT ( .MILLI., .METRE. ) );
#3194 = EDGE_CURVE ( 'NONE', #4167, #1407, #3665, .T. ) ;
#3195 = SURFACE_STYLE_USAGE ( .BOTH. , #6246 ) ;
#3196 = UNCERTAINTY_MEASURE_WITH_UNIT (LENGTH_MEASURE( 1.000000000000000082E-05 ), #6764, 'distance_accuracy_value', 'NONE');
#3197 = FACE_OUTER_BOUND ( 'NONE', #2496, .T. ) ;
#3198 = FILL_AREA_STYLE_COLOUR ( '', #5477 ) ;
#3199 = DIRECTION ( 'NONE',  ( 0.0000000000000000000, -0.0000000000000000000, -1.000000000000000000 ) ) ;
#3200 = VECTOR ( 'NONE', #5708, 1000.000000000000000 ) ;
#3201 = VECTOR ( 'NONE', #5078, 1000.000000000000000 ) ;
#3202 = EDGE_LOOP ( 'NONE', ( #674, #4776, #339, #4468, #4453, #2533 ) ) ;
#3203 = DIRECTION ( 'NONE',  ( 1.000000000000000000, 0.0000000000000000000, -0.0000000000000000000 ) ) ;
#3204 = EDGE_CURVE ( 'NONE', #890, #1594, #2557, .T. ) ;
#3205 = SURFACE_STYLE_FILL_AREA ( #1502 ) ;
#3206 = CLOSED_SHELL ( 'NONE', ( #6010, #1269, #4820, #6825, #5570, #2714, #4284, #1543, #2785, #937, #4228, #544, #4186, #5657, #832, #1895, #4094, #424, #2073, #6826, #4402, #957, #436, #2452, #3684, #4748, #4834, #772, #6547, #5333, #3973, #3543, #6678, #714, #2383, #1192, #5036, #651, #5501, #1313, #1637, #127, #4151, #75, #103, #1174, #6282, #1214, #4177, #2317, #6503, #1746, #6381, #6095, #638, #1418, #249, #5084, #1183, #3563, #1673, #2931, #3046, #4016, #2823, #3611, #4477, #2262, #1762, #3333, #1716, #4784, #6673, #3765, #4775, #5373, #5115, #3555, #1173, #5114, #3628, #5489, #2731, #946, #3478, #4312, #3401, #136, #5025, #6479, #3098, #729, #1788, #1620, #3593, #5664, #3498, #3137, #83, #2281, #6117, #431, #5832, #290, #6176, #3464, #504, #6862, #2460, #126, #6711, #406 ) ) ;
#3207 = CARTESIAN_POINT ( 'NONE',  ( -2.500000000000002220, 2.500000000000002220, 0.0000000000000000000 ) ) ;
#3208 = VECTOR ( 'NONE', #1791, 1000.000000000000000 ) ;
#3209 = PRESENTATION_LAYER_ASSIGNMENT (  '', '', ( #84 ) ) ;
#3210 = LINE ( 'NONE', #5325, #16 ) ;
#3211 = VECTOR ( 'NONE', #2033, 1000.000000000000000 ) ;
#3212 = VERTEX_POINT ( 'NONE', #5803 ) ;
#3213 = CARTESIAN_POINT ( 'NONE',  ( 0.2838201673205150710, 1.116322564166215559, 0.4500000000000000666 ) ) ;
#3214 = LINE ( 'NONE', #2685, #695 ) ;
#3215 = EDGE_CURVE ( 'NONE', #1280, #3978, #4215, .T. ) ;
#3216 = ORIENTED_EDGE ( 'NONE', *, *, #4330, .F. ) ;
#3217 = FACE_OUTER_BOUND ( 'NONE', #1684, .T. ) ;
#3218 = MECHANICAL_DESIGN_GEOMETRIC_PRESENTATION_REPRESENTATION (  '', ( #4338 ), #4663 ) ;
#3219 = FILL_AREA_STYLE ('',( #5784 ) ) ;
#3220 = DIRECTION ( 'NONE',  ( -0.0000000000000000000, -1.000000000000000000, -0.0000000000000000000 ) ) ;
#3221 = SURFACE_SIDE_STYLE ('',( #5859 ) ) ;
#3222 = FILL_AREA_STYLE ('',( #5482 ) ) ;
#3223 = VERTEX_POINT ( 'NONE', #4798 ) ;
#3224 = CARTESIAN_POINT ( 'NONE',  ( -1.700000000000000400, 1.200000000000000622, -0.7699999999999999067 ) ) ;
#3225 = VECTOR ( 'NONE', #1766, 1000.000000000000000 ) ;
#3226 = DIRECTION ( 'NONE',  ( -0.0000000000000000000, -1.000000000000000000, -0.0000000000000000000 ) ) ;
#3227 = VERTEX_POINT ( 'NONE', #2594 ) ;
#3228 = DIRECTION ( 'NONE',  ( -0.05233595624294388321, 0.0000000000000000000, 0.9986295347545739443 ) ) ;
#3229 = EDGE_LOOP ( 'NONE', ( #186, #3666, #6584, #4832 ) ) ;
#3231 = AXIS2_PLACEMENT_3D ( 'NONE', #6326, #6, #1112 ) ;
#3230 = PRESENTATION_STYLE_ASSIGNMENT (( #3804 ) ) ;
#3232 = CARTESIAN_POINT ( 'NONE',  ( -2.500000000000001332, 1.200000000000000400, -0.4700000000000001399 ) ) ;
#3233 = ORIENTED_EDGE ( 'NONE', *, *, #2192, .T. ) ;
#3234 = LINE ( 'NONE', #477, #5390 ) ;
#3235 =( NAMED_UNIT ( * ) SI_UNIT ( $, .STERADIAN. ) SOLID_ANGLE_UNIT ( ) );
#3237 = EDGE_CURVE ( 'NONE', #4113, #6023, #2048, .T. ) ;
#3236 = MECHANICAL_DESIGN_GEOMETRIC_PRESENTATION_REPRESENTATION (  '', ( #2996 ), #3474 ) ;
#3238 = EDGE_CURVE ( 'NONE', #4488, #4493, #1558, .T. ) ;
#3239 = DIRECTION ( 'NONE',  ( -1.000000000000000000, -4.818676322157797375E-16, 0.0000000000000000000 ) ) ;
#3240 = CARTESIAN_POINT ( 'NONE',  ( 0.0000000000000000000, 2.100000000000000089, -0.5699999999999999512 ) ) ;
#3241 = CARTESIAN_POINT ( 'NONE',  ( 0.5500000000000001554, 2.254834989607331863, -0.5699999999999999512 ) ) ;
#3242 = PRESENTATION_STYLE_ASSIGNMENT (( #1642 ) ) ;
#3243 = DIRECTION ( 'NONE',  ( -0.0000000000000000000, -0.0000000000000000000, -1.000000000000000000 ) ) ;
#3244 = AXIS2_PLACEMENT_3D ( 'NONE', #5120, #5177, #392 ) ;
#3245 = MECHANICAL_DESIGN_GEOMETRIC_PRESENTATION_REPRESENTATION (  '', ( #4027 ), #5246 ) ;
#3246 = CARTESIAN_POINT ( 'NONE',  ( -0.1831650461902200044, -0.6832195235787650311, 0.3000000000000000444 ) ) ;
#3247 = ORIENTED_EDGE ( 'NONE', *, *, #4442, .T. ) ;
#3248 = CARTESIAN_POINT ( 'NONE',  ( -2.465004534589632978, 1.680009069179262848, 0.4000000000000000222 ) ) ;
#3249 = EDGE_CURVE ( 'NONE', #3976, #1207, #1286, .T. ) ;
#3250 = AXIS2_PLACEMENT_3D ( 'NONE', #3332, #5931, #2280 ) ;
#3251 = AXIS2_PLACEMENT_3D ( 'NONE', #5674, #923, #3097 ) ;
#3252 = ORIENTED_EDGE ( 'NONE', *, *, #3283, .T. ) ;
#3253 = ORIENTED_EDGE ( 'NONE', *, *, #2722, .F. ) ;
#3254 =( GEOMETRIC_REPRESENTATION_CONTEXT ( 3 ) GLOBAL_UNCERTAINTY_ASSIGNED_CONTEXT ( ( #673 ) ) GLOBAL_UNIT_ASSIGNED_CONTEXT ( ( #2633, #5282, #6380 ) ) REPRESENTATION_CONTEXT ( 'NONE', 'WORKASPACE' ) );
#3255 = FACE_OUTER_BOUND ( 'NONE', #3807, .T. ) ;
#3256 = STYLED_ITEM ( 'NONE', ( #6859 ), #2460 ) ;
#3257 = SURFACE_STYLE_USAGE ( .BOTH. , #2247 ) ;
#3258 =( NAMED_UNIT ( * ) SI_UNIT ( $, .STERADIAN. ) SOLID_ANGLE_UNIT ( ) );
#3259 = VERTEX_POINT ( 'NONE', #2079 ) ;
#3260 = UNCERTAINTY_MEASURE_WITH_UNIT (LENGTH_MEASURE( 1.000000000000000082E-05 ), #1827, 'distance_accuracy_value', 'NONE');
#3261 = FILL_AREA_STYLE_COLOUR ( '', #2742 ) ;
#3262 = DIRECTION ( 'NONE',  ( -1.000000000000000000, 0.0000000000000000000, 0.0000000000000000000 ) ) ;
#3263 =( GEOMETRIC_REPRESENTATION_CONTEXT ( 3 ) GLOBAL_UNCERTAINTY_ASSIGNED_CONTEXT ( ( #966 ) ) GLOBAL_UNIT_ASSIGNED_CONTEXT ( ( #1721, #4372, #5541 ) ) REPRESENTATION_CONTEXT ( 'NONE', 'WORKASPACE' ) );
#3264 = LINE ( 'NONE', #1553, #5565 ) ;
#3265 = CARTESIAN_POINT ( 'NONE',  ( 0.5500000000000001554, 2.254834989607331863, -0.5699999999999999512 ) ) ;
#3266 = CARTESIAN_POINT ( 'NONE',  ( 2.700000000000001066, 2.100000000000000089, -0.4700000000000007505 ) ) ;
#3267 = AXIS2_PLACEMENT_3D ( 'NONE', #167, #2368, #3846 ) ;
#3268 = ORIENTED_EDGE ( 'NONE', *, *, #2175, .F. ) ;
#3269 = DIRECTION ( 'NONE',  ( 0.08715574274765820750, 0.0000000000000000000, 0.9961946980917455452 ) ) ;
#3270 = ORIENTED_EDGE ( 'NONE', *, *, #5612, .T. ) ;
#3271 = CARTESIAN_POINT ( 'NONE',  ( 0.3603187164337327553, 0.9751250982098667031, 0.3500000000000000333 ) ) ;
#3272 = AXIS2_PLACEMENT_3D ( 'NONE', #943, #6088, #5654 ) ;
#3273 = PRESENTATION_STYLE_ASSIGNMENT (( #3706 ) ) ;
#3274 = FACE_OUTER_BOUND ( 'NONE', #276, .T. ) ;
#3275 = ORIENTED_EDGE ( 'NONE', *, *, #6700, .T. ) ;
#3276 = SURFACE_STYLE_FILL_AREA ( #426 ) ;
#3277 = ORIENTED_EDGE ( 'NONE', *, *, #3113, .F. ) ;
#3278 = AXIS2_PLACEMENT_3D ( 'NONE', #4244, #3655, #495 ) ;
#3279 = CARTESIAN_POINT ( 'NONE',  ( -2.486873320506370000, 1.200000000000000622, -0.2504719656739949341 ) ) ;
#3280 = EDGE_LOOP ( 'NONE', ( #5130, #441, #2421, #2661, #5499, #4439, #6186, #4491, #4441, #5890, #4818, #1742, #1501, #6600, #2918, #3050, #3725, #1665, #2162, #6377 ) ) ;
#3281 = ORIENTED_EDGE ( 'NONE', *, *, #3085, .T. ) ;
#3282 = CARTESIAN_POINT ( 'NONE',  ( -2.500000000000002220, 2.100000000000000089, 0.0000000000000000000 ) ) ;
#3283 = EDGE_CURVE ( 'NONE', #5285, #3568, #5281, .T. ) ;
#3284 = COLOUR_RGB ( '',1.000000000000000000, 1.000000000000000000, 1.000000000000000000 ) ;
#3285 = ORIENTED_EDGE ( 'NONE', *, *, #170, .F. ) ;
#3286 =( NAMED_UNIT ( * ) PLANE_ANGLE_UNIT ( ) SI_UNIT ( $, .RADIAN. ) );
#3287 = AXIS2_PLACEMENT_3D ( 'NONE', #1416, #3576, #3542 ) ;
#3288 =( NAMED_UNIT ( * ) SI_UNIT ( $, .STERADIAN. ) SOLID_ANGLE_UNIT ( ) );
#3289 = LINE ( 'NONE', #2759, #2190 ) ;
#3290 = DIRECTION ( 'NONE',  ( 0.0000000000000000000, 0.0000000000000000000, -1.000000000000000000 ) ) ;
#3291 = FILL_AREA_STYLE_COLOUR ( '', #2382 ) ;
#3292 = EDGE_CURVE ( 'NONE', #2270, #4062, #57, .T. ) ;
#3293 = ORIENTED_EDGE ( 'NONE', *, *, #4529, .F. ) ;
#3294 = LINE ( 'NONE', #1154, #2525 ) ;
#3295 = DIRECTION ( 'NONE',  ( 0.0000000000000000000, -1.000000000000000000, 0.0000000000000000000 ) ) ;
#3296 = PRESENTATION_LAYER_ASSIGNMENT (  '', '', ( #2401 ) ) ;
#3297 = SURFACE_STYLE_FILL_AREA ( #1194 ) ;
#3298 = PRESENTATION_STYLE_ASSIGNMENT (( #1195 ) ) ;
#3299 = PRESENTATION_LAYER_ASSIGNMENT (  '', '', ( #1316 ) ) ;
#3300 = LINE ( 'NONE', #6012, #4144 ) ;
#3301 = VERTEX_POINT ( 'NONE', #2701 ) ;
#3302 =( NAMED_UNIT ( * ) PLANE_ANGLE_UNIT ( ) SI_UNIT ( $, .RADIAN. ) );
#3303 = EDGE_CURVE ( 'NONE', #4407, #1577, #4833, .T. ) ;
#3304 = ORIENTED_EDGE ( 'NONE', *, *, #461, .T. ) ;
#3305 = PLANE ( 'NONE',  #5071 ) ;
#3306 =( LENGTH_UNIT ( ) NAMED_UNIT ( * ) SI_UNIT ( .MILLI., .METRE. ) );
#3307 = SURFACE_STYLE_FILL_AREA ( #1639 ) ;
#3308 =( LENGTH_UNIT ( ) NAMED_UNIT ( * ) SI_UNIT ( .MILLI., .METRE. ) );
#3309 = PRESENTATION_STYLE_ASSIGNMENT (( #700 ) ) ;
#3310 = ORIENTED_EDGE ( 'NONE', *, *, #2303, .T. ) ;
#3311 = DIRECTION ( 'NONE',  ( 0.0000000000000000000, 1.000000000000000000, 0.0000000000000000000 ) ) ;
#3312 = COLOUR_RGB ( '',0.8980392156862745390, 0.9215686274509803377, 0.9294117647058823817 ) ;
#3313 = CARTESIAN_POINT ( 'NONE',  ( -0.1415856775653445976, 0.4413501301401799304, 0.4500000000000000666 ) ) ;
#3314 = ORIENTED_EDGE ( 'NONE', *, *, #1149, .T. ) ;
#3315 = SURFACE_SIDE_STYLE ('',( #101 ) ) ;
#3316 = FILL_AREA_STYLE ('',( #707 ) ) ;
#3317 = CARTESIAN_POINT ( 'NONE',  ( 2.470127565808668990, 2.200000000000000178, -0.5699999999999999512 ) ) ;
#3318 = VECTOR ( 'NONE', #1041, 1000.000000000000000 ) ;
#3319 = STYLED_ITEM ( 'NONE', ( #3483 ), #5570 ) ;
#3320 = VERTEX_POINT ( 'NONE', #4139 ) ;
#3321 = EDGE_CURVE ( 'NONE', #6170, #331, #1674, .T. ) ;
#3322 = DIRECTION ( 'NONE',  ( -1.000000000000000000, 0.0000000000000000000, 0.0000000000000000000 ) ) ;
#3323 = PLANE ( 'NONE',  #1105 ) ;
#3324 = AXIS2_PLACEMENT_3D ( 'NONE', #577, #3742, #6382 ) ;
#3325 = ORIENTED_EDGE ( 'NONE', *, *, #5822, .T. ) ;
#3326 = UNCERTAINTY_MEASURE_WITH_UNIT (LENGTH_MEASURE( 1.000000000000000082E-05 ), #1468, 'distance_accuracy_value', 'NONE');
#3327 = VECTOR ( 'NONE', #3095, 1000.000000000000000 ) ;
#3328 =( GEOMETRIC_REPRESENTATION_CONTEXT ( 3 ) GLOBAL_UNCERTAINTY_ASSIGNED_CONTEXT ( ( #3351 ) ) GLOBAL_UNIT_ASSIGNED_CONTEXT ( ( #2986, #1292, #3339 ) ) REPRESENTATION_CONTEXT ( 'NONE', 'WORKASPACE' ) );
#3329 = ORIENTED_EDGE ( 'NONE', *, *, #3424, .F. ) ;
#3330 = CARTESIAN_POINT ( 'NONE',  ( -1.146028625818473756, -0.6832195235787661414, 0.3000000000000000444 ) ) ;
#3331 = VECTOR ( 'NONE', #2069, 1000.000000000000114 ) ;
#3332 = CARTESIAN_POINT ( 'NONE',  ( 2.400000000000001243, 2.100000000000000089, -0.4699999999999998068 ) ) ;
#3333 = ADVANCED_FACE ( 'NONE', ( #1266 ), #3869, .T. ) ;
#3334 = STYLED_ITEM ( 'NONE', ( #679 ), #6711 ) ;
#3335 = EDGE_CURVE ( 'NONE', #3839, #3320, #1703, .T. ) ;
#3336 = FACE_OUTER_BOUND ( 'NONE', #5271, .T. ) ;
#3337 = DIRECTION ( 'NONE',  ( 0.0000000000000000000, 0.0000000000000000000, 1.000000000000000000 ) ) ;
#3338 = SURFACE_STYLE_USAGE ( .BOTH. , #1693 ) ;
#3339 =( NAMED_UNIT ( * ) SI_UNIT ( $, .STERADIAN. ) SOLID_ANGLE_UNIT ( ) );
#3340 = CARTESIAN_POINT ( 'NONE',  ( 1.600000000000000533, 2.200000000000000178, -0.5699999999999999512 ) ) ;
#3341 = VERTEX_POINT ( 'NONE', #1161 ) ;
#3342 = SURFACE_STYLE_USAGE ( .BOTH. , #6448 ) ;
#3343 = PRODUCT_DEFINITION_FORMATION_WITH_SPECIFIED_SOURCE ( 'ANY', '', #549, .NOT_KNOWN. ) ;
#3344 = PRESENTATION_LAYER_ASSIGNMENT (  '', '', ( #3682 ) ) ;
#3345 = EDGE_CURVE ( 'NONE', #6590, #48, #2043, .T. ) ;
#3346 = FACE_OUTER_BOUND ( 'NONE', #4843, .T. ) ;
#3347 = DIRECTION ( 'NONE',  ( 1.000000000000000000, -0.0000000000000000000, -0.0000000000000000000 ) ) ;
#3348 = CARTESIAN_POINT ( 'NONE',  ( -0.03316504619021998224, -0.6832195235787661414, 0.3500000000000000333 ) ) ;
#3349 = CARTESIAN_POINT ( 'NONE',  ( -2.500000000000001332, -2.099999999999999645, -0.4700000000000001399 ) ) ;
#3350 = VERTEX_POINT ( 'NONE', #4975 ) ;
#3351 = UNCERTAINTY_MEASURE_WITH_UNIT (LENGTH_MEASURE( 1.000000000000000082E-05 ), #2986, 'distance_accuracy_value', 'NONE');
#3352 = LINE ( 'NONE', #6080, #6325 ) ;
#3353 = EDGE_CURVE ( 'NONE', #1572, #6772, #6455, .T. ) ;
#3354 = LINE ( 'NONE', #197, #1443 ) ;
#3355 = CARTESIAN_POINT ( 'NONE',  ( -1.700000000000000622, 2.100000000000000089, -0.5699999999999999512 ) ) ;
#3356 = DIRECTION ( 'NONE',  ( 1.000000000000000000, -0.0000000000000000000, -0.0000000000000000000 ) ) ;
#3357 =( NAMED_UNIT ( * ) SI_UNIT ( $, .STERADIAN. ) SOLID_ANGLE_UNIT ( ) );
#3358 = ORIENTED_EDGE ( 'NONE', *, *, #1797, .T. ) ;
#3359 = DIRECTION ( 'NONE',  ( -1.000000000000000000, 0.0000000000000000000, -3.252606517456519613E-15 ) ) ;
#3360 = SURFACE_STYLE_FILL_AREA ( #1275 ) ;
#3361 = CARTESIAN_POINT ( 'NONE',  ( 2.400000000000001243, 1.200000000000000622, -0.4699999999999998068 ) ) ;
#3362 = COLOUR_RGB ( '',0.8980392156862745390, 0.9215686274509803377, 0.9294117647058823817 ) ;
#3363 = ORIENTED_EDGE ( 'NONE', *, *, #3165, .T. ) ;
#3364 = CARTESIAN_POINT ( 'NONE',  ( 1.600000000000000533, 2.200000000000000178, -0.6999999999999999556 ) ) ;
#3365 = AXIS2_PLACEMENT_3D ( 'NONE', #1906, #4173, #4103 ) ;
#3366 = ORIENTED_EDGE ( 'NONE', *, *, #3303, .T. ) ;
#3367 = DIRECTION ( 'NONE',  ( -0.0000000000000000000, -0.0000000000000000000, -1.000000000000000000 ) ) ;
#3368 = CYLINDRICAL_SURFACE ( 'NONE', #576, 0.3000000000000003775 ) ;
#3369 = ORIENTED_EDGE ( 'NONE', *, *, #4239, .T. ) ;
#3370 = ORIENTED_EDGE ( 'NONE', *, *, #6601, .T. ) ;
#3371 = VECTOR ( 'NONE', #2209, 1000.000000000000000 ) ;
#3372 = DIRECTION ( 'NONE',  ( 0.0000000000000000000, 0.0000000000000000000, 1.000000000000000000 ) ) ;
#3373 = PRESENTATION_STYLE_ASSIGNMENT (( #1220 ) ) ;
#3374 = CARTESIAN_POINT ( 'NONE',  ( 1.599999999999999867, -2.200000000000000178, -0.6999999999999999556 ) ) ;
#3375 = AXIS2_PLACEMENT_3D ( 'NONE', #4814, #32, #5739 ) ;
#3376 = COLOUR_RGB ( '',1.000000000000000000, 1.000000000000000000, 1.000000000000000000 ) ;
#3377 = PLANE ( 'NONE',  #5712 ) ;
#3378 = ORIENTED_EDGE ( 'NONE', *, *, #5488, .T. ) ;
#3379 = FILL_AREA_STYLE ('',( #3905 ) ) ;
#3380 = EDGE_CURVE ( 'NONE', #5768, #2893, #6418, .T. ) ;
#3381 = EDGE_CURVE ( 'NONE', #2305, #4148, #2809, .T. ) ;
#3382 = VECTOR ( 'NONE', #607, 1000.000000000000000 ) ;
#3383 = DIRECTION ( 'NONE',  ( 3.043374519257556424E-15, 0.0000000000000000000, -1.000000000000000000 ) ) ;
#3384 = CARTESIAN_POINT ( 'NONE',  ( -1.146028625818473756, -0.6832195235787661414, 0.3500000000000000333 ) ) ;
#3385 = DIRECTION ( 'NONE',  ( 0.08682659386424762538, 0.08682659386424762538, -0.9924325091389669673 ) ) ;
#3387 = AXIS2_PLACEMENT_3D ( 'NONE', #3958, #2824, #4924 ) ;
#3386 =( NAMED_UNIT ( * ) SI_UNIT ( $, .STERADIAN. ) SOLID_ANGLE_UNIT ( ) );
#3388 = EDGE_CURVE ( 'NONE', #4113, #4407, #3501, .T. ) ;
#3389 = FACE_BOUND ( 'NONE', #691, .T. ) ;
#3390 = CARTESIAN_POINT ( 'NONE',  ( -2.465004534589632978, -2.500000000000002220, 0.4000000000000000222 ) ) ;
#3391 = PRESENTATION_STYLE_ASSIGNMENT (( #4039 ) ) ;
#3392 = ORIENTED_EDGE ( 'NONE', *, *, #3649, .F. ) ;
#3393 = FILL_AREA_STYLE ('',( #6465 ) ) ;
#3394 = ORIENTED_EDGE ( 'NONE', *, *, #5488, .F. ) ;
#3395 = ADVANCED_FACE ( 'NONE', ( #1300 ), #2773, .F. ) ;
#3396 = VECTOR ( 'NONE', #4764, 1000.000000000000000 ) ;
#3397 = CLOSED_SHELL ( 'NONE', ( #3395, #6545, #5149, #5064, #3889, #6001 ) ) ;
#3398 = VERTEX_POINT ( 'NONE', #2735 ) ;
#3399 = AXIS2_PLACEMENT_3D ( 'NONE', #1586, #2657, #386 ) ;
#3400 = DIRECTION ( 'NONE',  ( -1.000000000000000000, 0.0000000000000000000, 0.0000000000000000000 ) ) ;
#3401 = ADVANCED_FACE ( 'NONE', ( #4354 ), #5458, .F. ) ;
#3402 = ORIENTED_EDGE ( 'NONE', *, *, #1528, .F. ) ;
#3403 = DIRECTION ( 'NONE',  ( -0.0000000000000000000, 0.0000000000000000000, 1.000000000000000000 ) ) ;
#3404 =( GEOMETRIC_REPRESENTATION_CONTEXT ( 3 ) GLOBAL_UNCERTAINTY_ASSIGNED_CONTEXT ( ( #5665 ) ) GLOBAL_UNIT_ASSIGNED_CONTEXT ( ( #4235, #1106, #1617 ) ) REPRESENTATION_CONTEXT ( 'NONE', 'WORKASPACE' ) );
#3405 = CARTESIAN_POINT ( 'NONE',  ( -2.500000000000001776, 1.200000000000000622, -0.2999999999999997113 ) ) ;
#3406 = LINE ( 'NONE', #6018, #5217 ) ;
#3407 = CARTESIAN_POINT ( 'NONE',  ( 0.2838201673205150710, 0.9163225641662154919, 0.4500000000000000666 ) ) ;
#3408 = CARTESIAN_POINT ( 'NONE',  ( -1.700000000000000400, 1.200000000000000622, -0.5699999999999999512 ) ) ;
#3409 = COLOUR_RGB ( '',0.8980392156862745390, 0.9215686274509803377, 0.9294117647058823817 ) ;
#3410 = SURFACE_SIDE_STYLE ('',( #2436 ) ) ;
#3411 = DIRECTION ( 'NONE',  ( -3.043374519257556424E-15, 0.0000000000000000000, -1.000000000000000000 ) ) ;
#3412 = ORIENTED_EDGE ( 'NONE', *, *, #4048, .T. ) ;
#3413 = UNCERTAINTY_MEASURE_WITH_UNIT (LENGTH_MEASURE( 1.000000000000000082E-05 ), #5899, 'distance_accuracy_value', 'NONE');
#3414 = CIRCLE ( 'NONE', #3969, 2.000000000000002220 ) ;
#3415 = VERTEX_POINT ( 'NONE', #4939 ) ;
#3416 = CARTESIAN_POINT ( 'NONE',  ( -1.700000000000000622, -1.199999999999999734, -0.5699999999999999512 ) ) ;
#3417 = MANIFOLD_SOLID_BREP ( '???????-????????5[3]', #3397 ) ;
#3418 = SURFACE_STYLE_FILL_AREA ( #158 ) ;
#3419 = VECTOR ( 'NONE', #146, 1000.000000000000000 ) ;
#3420 = ORIENTED_EDGE ( 'NONE', *, *, #15, .T. ) ;
#3421 = CARTESIAN_POINT ( 'NONE',  ( -0.5500000000000001554, -1.049999999999999822, -0.6999999999999999556 ) ) ;
#3422 = LINE ( 'NONE', #233, #1999 ) ;
#3423 = CYLINDRICAL_SURFACE ( 'NONE', #6198, 0.3000000000000000444 ) ;
#3424 = EDGE_CURVE ( 'NONE', #711, #6118, #1802, .T. ) ;
#3425 =( NAMED_UNIT ( * ) PLANE_ANGLE_UNIT ( ) SI_UNIT ( $, .RADIAN. ) );
#3426 = ORIENTED_EDGE ( 'NONE', *, *, #2983, .T. ) ;
#3427 = FACE_OUTER_BOUND ( 'NONE', #4757, .T. ) ;
#3428 = ORIENTED_EDGE ( 'NONE', *, *, #3096, .T. ) ;
#3429 = COLOUR_RGB ( '',1.000000000000000000, 1.000000000000000000, 1.000000000000000000 ) ;
#3430 = MANIFOLD_SOLID_BREP ( '???????-????????4[4]', #2481 ) ;
#3431 = EDGE_LOOP ( 'NONE', ( #1297, #2071, #3867, #802 ) ) ;
#3432 = VECTOR ( 'NONE', #1119, 1000.000000000000000 ) ;
#3433 = EDGE_CURVE ( 'NONE', #572, #646, #5039, .T. ) ;
#3434 = VECTOR ( 'NONE', #3359, 1000.000000000000000 ) ;
#3435 = PLANE ( 'NONE',  #6447 ) ;
#3436 = CARTESIAN_POINT ( 'NONE',  ( 2.700000000000001510, 1.200000000000000622, -0.4700000000000008060 ) ) ;
#3437 = ORIENTED_EDGE ( 'NONE', *, *, #3215, .T. ) ;
#3438 = ORIENTED_EDGE ( 'NONE', *, *, #4592, .T. ) ;
#3439 = CARTESIAN_POINT ( 'NONE',  ( 2.400000000000001243, 1.200000000000000622, -0.5700000000000000622 ) ) ;
#3440 = MANIFOLD_SOLID_BREP ( '?????1', #3206 ) ;
#3441 = EDGE_CURVE ( 'NONE', #65, #2566, #3550, .T. ) ;
#3442 =( NAMED_UNIT ( * ) PLANE_ANGLE_UNIT ( ) SI_UNIT ( $, .RADIAN. ) );
#3443 = CARTESIAN_POINT ( 'NONE',  ( 1.930905544980987543, -2.056952929731181268, 0.3500000000000000333 ) ) ;
#3444 =( NAMED_UNIT ( * ) SI_UNIT ( $, .STERADIAN. ) SOLID_ANGLE_UNIT ( ) );
#3445 = COLOUR_RGB ( '',1.000000000000000000, 1.000000000000000000, 1.000000000000000000 ) ;
#3446 = DIRECTION ( 'NONE',  ( -0.0000000000000000000, -0.0000000000000000000, -1.000000000000000000 ) ) ;
#3447 = VECTOR ( 'NONE', #1405, 1000.000000000000000 ) ;
#3448 = DIRECTION ( 'NONE',  ( 1.000000000000000000, 4.818676322157797375E-16, -3.043374519257556424E-15 ) ) ;
#3449 = ORIENTED_EDGE ( 'NONE', *, *, #2018, .T. ) ;
#3450 = PLANE ( 'NONE',  #3287 ) ;
#3451 = STYLED_ITEM ( 'NONE', ( #818 ), #6798 ) ;
#3452 = AXIS2_PLACEMENT_3D ( 'NONE', #6019, #2445, #932 ) ;
#3453 = DIRECTION ( 'NONE',  ( -0.0000000000000000000, -0.0000000000000000000, -1.000000000000000000 ) ) ;
#3454 =( NAMED_UNIT ( * ) PLANE_ANGLE_UNIT ( ) SI_UNIT ( $, .RADIAN. ) );
#3455 = LINE ( 'NONE', #860, #3743 ) ;
#3456 = VERTEX_POINT ( 'NONE', #261 ) ;
#3457 = CARTESIAN_POINT ( 'NONE',  ( -1.680009069179262848, 2.430009069179262848, 0.4000000000000000222 ) ) ;
#3458 = DIRECTION ( 'NONE',  ( 0.0000000000000000000, 0.0000000000000000000, 1.000000000000000000 ) ) ;
#3459 = FILL_AREA_STYLE ('',( #6535 ) ) ;
#3460 = ORIENTED_EDGE ( 'NONE', *, *, #6492, .T. ) ;
#3461 =( NAMED_UNIT ( * ) PLANE_ANGLE_UNIT ( ) SI_UNIT ( $, .RADIAN. ) );
#3462 = LINE ( 'NONE', #801, #5160 ) ;
#3463 = ORIENTED_EDGE ( 'NONE', *, *, #3237, .F. ) ;
#3464 = ADVANCED_FACE ( 'NONE', ( #4612 ), #6717, .F. ) ;
#3465 = EDGE_CURVE ( 'NONE', #1945, #1934, #4724, .T. ) ;
#3466 = PRESENTATION_LAYER_ASSIGNMENT (  '', '', ( #2660 ) ) ;
#3467 = ORIENTED_EDGE ( 'NONE', *, *, #3424, .T. ) ;
#3468 = CARTESIAN_POINT ( 'NONE',  ( -0.03316504619021998224, -2.056952929731181712, 0.3000000000000000444 ) ) ;
#3469 = MECHANICAL_DESIGN_GEOMETRIC_PRESENTATION_REPRESENTATION (  '', ( #1359 ), #677 ) ;
#3470 = UNCERTAINTY_MEASURE_WITH_UNIT (LENGTH_MEASURE( 1.000000000000000082E-05 ), #4517, 'distance_accuracy_value', 'NONE');
#3471 = ORIENTED_EDGE ( 'NONE', *, *, #3380, .F. ) ;
#3472 = EDGE_CURVE ( 'NONE', #273, #6566, #5791, .T. ) ;
#3473 =( NAMED_UNIT ( * ) PLANE_ANGLE_UNIT ( ) SI_UNIT ( $, .RADIAN. ) );
#3474 =( GEOMETRIC_REPRESENTATION_CONTEXT ( 3 ) GLOBAL_UNCERTAINTY_ASSIGNED_CONTEXT ( ( #6652 ) ) GLOBAL_UNIT_ASSIGNED_CONTEXT ( ( #5547, #3286, #5964 ) ) REPRESENTATION_CONTEXT ( 'NONE', 'WORKASPACE' ) );
#3475 = CARTESIAN_POINT ( 'NONE',  ( 0.0000000000000000000, -3.299999999999999822, -0.7699999999999999067 ) ) ;
#3476 = CARTESIAN_POINT ( 'NONE',  ( 2.400000000000001243, -2.099999999999999645, -0.4699999999999998068 ) ) ;
#3477 = AXIS2_PLACEMENT_3D ( 'NONE', #1847, #2882, #2427 ) ;
#3478 = ADVANCED_FACE ( 'NONE', ( #6330 ), #2615, .T. ) ;
#3479 =( NAMED_UNIT ( * ) SI_UNIT ( $, .STERADIAN. ) SOLID_ANGLE_UNIT ( ) );
#3480 =( GEOMETRIC_REPRESENTATION_CONTEXT ( 3 ) GLOBAL_UNCERTAINTY_ASSIGNED_CONTEXT ( ( #2277 ) ) GLOBAL_UNIT_ASSIGNED_CONTEXT ( ( #6102, #3473, #5668 ) ) REPRESENTATION_CONTEXT ( 'NONE', 'WORKASPACE' ) );
#3481 = VECTOR ( 'NONE', #6434, 1000.000000000000000 ) ;
#3482 = ORIENTED_EDGE ( 'NONE', *, *, #1880, .T. ) ;
#3483 = PRESENTATION_STYLE_ASSIGNMENT (( #5522 ) ) ;
#3484 = UNCERTAINTY_MEASURE_WITH_UNIT (LENGTH_MEASURE( 1.000000000000000082E-05 ), #6160, 'distance_accuracy_value', 'NONE');
#3485 = ORIENTED_EDGE ( 'NONE', *, *, #2047, .T. ) ;
#3486 = AXIS2_PLACEMENT_3D ( 'NONE', #1990, #6739, #5812 ) ;
#3487 = PLANE ( 'NONE',  #2245 ) ;
#3488 = PLANE ( 'NONE',  #2883 ) ;
#3489 = DIRECTION ( 'NONE',  ( 0.0000000000000000000, -0.0000000000000000000, -1.000000000000000000 ) ) ;
#3490 = VECTOR ( 'NONE', #5675, 1000.000000000000000 ) ;
#3491 = ORIENTED_EDGE ( 'NONE', *, *, #543, .T. ) ;
#3492 = SURFACE_SIDE_STYLE ('',( #1274 ) ) ;
#3493 = APPLICATION_PROTOCOL_DEFINITION ( 'draft international standard', 'automotive_design', 1998, #4155 ) ;
#3494 = CARTESIAN_POINT ( 'NONE',  ( -2.700000000000000622, 2.100000000000000089, -0.5700000000000006173 ) ) ;
#3495 = ORIENTED_EDGE ( 'NONE', *, *, #3335, .T. ) ;
#3496 = AXIS2_PLACEMENT_3D ( 'NONE', #1404, #2495, #407 ) ;
#3497 = ORIENTED_EDGE ( 'NONE', *, *, #2983, .F. ) ;
#3498 = ADVANCED_FACE ( 'NONE', ( #1549 ), #1071, .T. ) ;
#3499 = CARTESIAN_POINT ( 'NONE',  ( 2.471716000805965763, 2.100000000000000089, -0.5396908546970039522 ) ) ;
#3500 = ORIENTED_EDGE ( 'NONE', *, *, #6104, .F. ) ;
#3501 = CIRCLE ( 'NONE', #479, 0.1000000000000000194 ) ;
#3502 = VECTOR ( 'NONE', #1276, 1000.000000000000114 ) ;
#3503 = ORIENTED_EDGE ( 'NONE', *, *, #3649, .T. ) ;
#3504 = FILL_AREA_STYLE ('',( #6100 ) ) ;
#3505 = MECHANICAL_DESIGN_GEOMETRIC_PRESENTATION_REPRESENTATION (  '', ( #483 ), #3956 ) ;
#3506 = DIRECTION ( 'NONE',  ( -1.000000000000000000, 0.0000000000000000000, 0.0000000000000000000 ) ) ;
#3507 = UNCERTAINTY_MEASURE_WITH_UNIT (LENGTH_MEASURE( 1.000000000000000082E-05 ), #151, 'distance_accuracy_value', 'NONE');
#3508 = DIRECTION ( 'NONE',  ( 0.0000000000000000000, 1.000000000000000000, 0.0000000000000000000 ) ) ;
#3509 = ADVANCED_FACE ( 'NONE', ( #4758 ), #532, .T. ) ;
#3510 = CARTESIAN_POINT ( 'NONE',  ( 0.2838201673205150710, -0.4871897488101240015, 0.4500000000000000666 ) ) ;
#3511 = CARTESIAN_POINT ( 'NONE',  ( -0.5500000000000000444, 0.0000000000000000000, -0.5699999999999999512 ) ) ;
#3512 = MECHANICAL_DESIGN_GEOMETRIC_PRESENTATION_REPRESENTATION (  '', ( #2710 ), #3962 ) ;
#3513 = FACE_OUTER_BOUND ( 'NONE', #1559, .T. ) ;
#3514 = MECHANICAL_DESIGN_GEOMETRIC_PRESENTATION_REPRESENTATION (  '', ( #2285 ), #50 ) ;
#3515 = ORIENTED_EDGE ( 'NONE', *, *, #5155, .T. ) ;
#3516 = FILL_AREA_STYLE ('',( #1392 ) ) ;
#3517 = CARTESIAN_POINT ( 'NONE',  ( 1.600000000000000533, 2.200000000000000178, -0.5699999999999999512 ) ) ;
#3518 = ORIENTED_EDGE ( 'NONE', *, *, #5171, .T. ) ;
#3519 = PRESENTATION_LAYER_ASSIGNMENT (  '', '', ( #5838 ) ) ;
#3520 = PLANE ( 'NONE',  #888 ) ;
#3522 = EDGE_CURVE ( 'NONE', #5594, #2893, #4790, .T. ) ;
#3521 = CARTESIAN_POINT ( 'NONE',  ( 2.700000000000001954, -1.199999999999999734, -0.3000000000000003220 ) ) ;
#3523 = PRESENTATION_STYLE_ASSIGNMENT (( #3981 ) ) ;
#3524 = EDGE_LOOP ( 'NONE', ( #337, #5472, #5894, #5295 ) ) ;
#3525 =( LENGTH_UNIT ( ) NAMED_UNIT ( * ) SI_UNIT ( .MILLI., .METRE. ) );
#3526 = SURFACE_SIDE_STYLE ('',( #6180 ) ) ;
#3527 = ORIENTED_EDGE ( 'NONE', *, *, #5840, .T. ) ;
#3528 =( GEOMETRIC_REPRESENTATION_CONTEXT ( 3 ) GLOBAL_UNCERTAINTY_ASSIGNED_CONTEXT ( ( #1249 ) ) GLOBAL_UNIT_ASSIGNED_CONTEXT ( ( #6569, #3425, #4429 ) ) REPRESENTATION_CONTEXT ( 'NONE', 'WORKASPACE' ) );
#3529 = ORIENTED_EDGE ( 'NONE', *, *, #3104, .F. ) ;
#3530 = LINE ( 'NONE', #4018, #5518 ) ;
#3531 = LINE ( 'NONE', #6698, #355 ) ;
#3532 = FACE_OUTER_BOUND ( 'NONE', #2702, .T. ) ;
#3533 = ORIENTED_EDGE ( 'NONE', *, *, #6718, .T. ) ;
#3534 = PRESENTATION_LAYER_ASSIGNMENT (  '', '', ( #4202 ) ) ;
#3535 = VECTOR ( 'NONE', #901, 1000.000000000000000 ) ;
#3536 = DIRECTION ( 'NONE',  ( -0.0000000000000000000, -0.0000000000000000000, -1.000000000000000000 ) ) ;
#3537 = LINE ( 'NONE', #4602, #3998 ) ;
#3538 = PRESENTATION_STYLE_ASSIGNMENT (( #6070 ) ) ;
#3539 = DIRECTION ( 'NONE',  ( -1.000000000000000000, 0.0000000000000000000, 0.0000000000000000000 ) ) ;
#3540 = COLOUR_RGB ( '',0.8313725490196077761, 0.8392156862745098200, 0.8313725490196077761 ) ;
#3541 = CARTESIAN_POINT ( 'NONE',  ( 0.2838201673205150710, 1.116322564166215559, 0.4500000000000000666 ) ) ;
#3542 = DIRECTION ( 'NONE',  ( 0.0000000000000000000, -0.0000000000000000000, -1.000000000000000000 ) ) ;
#3543 = ADVANCED_FACE ( 'NONE', ( #5864 ), #6406, .F. ) ;
#3544 = AXIS2_PLACEMENT_3D ( 'NONE', #2237, #629, #2712 ) ;
#3545 = CARTESIAN_POINT ( 'NONE',  ( -1.296028625818473667, -0.7287392438591724364, 0.3500000000000000333 ) ) ;
#3546 = STYLED_ITEM ( 'NONE', ( #1233 ), #5493 ) ;
#3547 = CARTESIAN_POINT ( 'NONE',  ( -1.146028625818473756, 0.6751250982098658815, 0.3500000000000000333 ) ) ;
#3548 = ORIENTED_EDGE ( 'NONE', *, *, #2688, .F. ) ;
#3549 = FILL_AREA_STYLE ('',( #2447 ) ) ;
#3550 = LINE ( 'NONE', #6656, #3618 ) ;
#3551 = SURFACE_STYLE_USAGE ( .BOTH. , #4692 ) ;
#3552 = CARTESIAN_POINT ( 'NONE',  ( -1.043697599916538765, 0.4413501301401799304, 0.4500000000000000666 ) ) ;
#3553 = STYLED_ITEM ( 'NONE', ( #4397 ), #6832 ) ;
#3554 = PRESENTATION_LAYER_ASSIGNMENT (  '', '', ( #650 ) ) ;
#3555 = ADVANCED_FACE ( 'NONE', ( #600 ), #3832, .F. ) ;
#3556 = CARTESIAN_POINT ( 'NONE',  ( 2.400000000000002132, 2.100000000000000089, -0.2999999999999993783 ) ) ;
#3557 = LINE ( 'NONE', #2514, #2621 ) ;
#3558 = SURFACE_STYLE_FILL_AREA ( #1342 ) ;
#3559 = VERTEX_POINT ( 'NONE', #4896 ) ;
#3560 = DIRECTION ( 'NONE',  ( -0.0000000000000000000, -0.0000000000000000000, -1.000000000000000000 ) ) ;
#3561 = ORIENTED_EDGE ( 'NONE', *, *, #3766, .F. ) ;
#3562 = LINE ( 'NONE', #1886, #1395 ) ;
#3563 = ADVANCED_FACE ( 'NONE', ( #6007 ), #3377, .F. ) ;
#3564 = VERTEX_POINT ( 'NONE', #1387 ) ;
#3565 = DIRECTION ( 'NONE',  ( 0.05233595624294388321, -7.330942177076304904E-18, 0.9986295347545739443 ) ) ;
#3566 = ORIENTED_EDGE ( 'NONE', *, *, #1393, .T. ) ;
#3567 = LINE ( 'NONE', #5662, #1656 ) ;
#3568 = VERTEX_POINT ( 'NONE', #221 ) ;
#3569 = DIRECTION ( 'NONE',  ( -0.0000000000000000000, 1.000000000000000000, -0.0000000000000000000 ) ) ;
#3570 = SURFACE_STYLE_USAGE ( .BOTH. , #5740 ) ;
#3571 = DIRECTION ( 'NONE',  ( 0.0000000000000000000, 0.0000000000000000000, 1.000000000000000000 ) ) ;
#3572 = PLANE ( 'NONE',  #1228 ) ;
#3573 = ORIENTED_EDGE ( 'NONE', *, *, #1915, .F. ) ;
#3574 =( GEOMETRIC_REPRESENTATION_CONTEXT ( 3 ) GLOBAL_UNCERTAINTY_ASSIGNED_CONTEXT ( ( #762 ) ) GLOBAL_UNIT_ASSIGNED_CONTEXT ( ( #4271, #4719, #5856 ) ) REPRESENTATION_CONTEXT ( 'NONE', 'WORKASPACE' ) );
#3575 = LINE ( 'NONE', #5166, #2138 ) ;
#3576 = DIRECTION ( 'NONE',  ( 0.0000000000000000000, -1.000000000000000000, 0.0000000000000000000 ) ) ;
#3577 = VECTOR ( 'NONE', #4817, 1000.000000000000000 ) ;
#3578 = DIRECTION ( 'NONE',  ( -1.896992367213331451E-16, 1.000000000000000000, 0.0000000000000000000 ) ) ;
#3579 = LINE ( 'NONE', #3947, #2528 ) ;
#3580 = VERTEX_POINT ( 'NONE', #2347 ) ;
#3582 = EDGE_CURVE ( 'NONE', #5596, #6659, #5516, .T. ) ;
#3581 = DIRECTION ( 'NONE',  ( 1.000000000000000000, 0.0000000000000000000, 0.0000000000000000000 ) ) ;
#3583 = EDGE_CURVE ( 'NONE', #567, #262, #2869, .T. ) ;
#3584 = PRESENTATION_STYLE_ASSIGNMENT (( #4580 ) ) ;
#3585 = CARTESIAN_POINT ( 'NONE',  ( -2.400000000000001243, 2.100000000000000089, -0.5699999999999999512 ) ) ;
#3586 = CARTESIAN_POINT ( 'NONE',  ( 2.471716000805965763, 1.200000000000000622, -0.5396908546970039522 ) ) ;
#3587 = COLOUR_RGB ( '',1.000000000000000000, 1.000000000000000000, 1.000000000000000000 ) ;
#3588 = FACE_OUTER_BOUND ( 'NONE', #6612, .T. ) ;
#3589 = MECHANICAL_DESIGN_GEOMETRIC_PRESENTATION_REPRESENTATION (  '', ( #3006 ), #1806 ) ;
#3590 = DIRECTION ( 'NONE',  ( 0.0000000000000000000, 1.000000000000000000, 0.0000000000000000000 ) ) ;
#3591 = VERTEX_POINT ( 'NONE', #2961 ) ;
#3592 = FILL_AREA_STYLE ('',( #4073 ) ) ;
#3593 = ADVANCED_FACE ( 'NONE', ( #788 ), #1358, .F. ) ;
#3594 = ORIENTED_EDGE ( 'NONE', *, *, #362, .F. ) ;
#3595 = VECTOR ( 'NONE', #5190, 1000.000000000000000 ) ;
#3596 = VECTOR ( 'NONE', #6474, 1000.000000000000000 ) ;
#3597 = VERTEX_POINT ( 'NONE', #5072 ) ;
#3598 = DIRECTION ( 'NONE',  ( 1.445602896647339114E-15, 0.0000000000000000000, 1.000000000000000000 ) ) ;
#3599 = CARTESIAN_POINT ( 'NONE',  ( -2.400000000000001243, 1.200000000000000622, -0.5699999999999999512 ) ) ;
#3600 = ORIENTED_EDGE ( 'NONE', *, *, #54, .F. ) ;
#3601 = DIRECTION ( 'NONE',  ( -0.0000000000000000000, -0.0000000000000000000, -1.000000000000000000 ) ) ;
#3602 = UNCERTAINTY_MEASURE_WITH_UNIT (LENGTH_MEASURE( 1.000000000000000082E-05 ), #5351, 'distance_accuracy_value', 'NONE');
#3603 = STYLED_ITEM ( 'NONE', ( #6548 ), #2714 ) ;
#3604 = PLANE ( 'NONE',  #4588 ) ;
#3605 = DIRECTION ( 'NONE',  ( 1.194186020286707760E-16, -1.000000000000000000, 0.0000000000000000000 ) ) ;
#3606 = CARTESIAN_POINT ( 'NONE',  ( 0.5500000000000001554, 2.254834989607331863, -0.5699999999999999512 ) ) ;
#3607 = SURFACE_STYLE_USAGE ( .BOTH. , #3058 ) ;
#3608 =( NAMED_UNIT ( * ) SI_UNIT ( $, .STERADIAN. ) SOLID_ANGLE_UNIT ( ) );
#3609 = VECTOR ( 'NONE', #481, 1000.000000000000000 ) ;
#3610 = CARTESIAN_POINT ( 'NONE',  ( -0.03316504619021998224, -0.1370056143358100720, 0.3500000000000000333 ) ) ;
#3611 = ADVANCED_FACE ( 'NONE', ( #4544 ), #1965, .F. ) ;
#3612 = LINE ( 'NONE', #5553, #3490 ) ;
#3613 = PLANE ( 'NONE',  #656 ) ;
#3614 = CARTESIAN_POINT ( 'NONE',  ( 0.3603187164337324777, 0.4570589046025532176, 0.3000000000000000444 ) ) ;
#3615 = UNCERTAINTY_MEASURE_WITH_UNIT (LENGTH_MEASURE( 1.000000000000000082E-05 ), #6243, 'distance_accuracy_value', 'NONE');
#3616 = SURFACE_STYLE_FILL_AREA ( #5611 ) ;
#3617 = DIRECTION ( 'NONE',  ( 0.0000000000000000000, 0.0000000000000000000, 1.000000000000000000 ) ) ;
#3618 = VECTOR ( 'NONE', #4007, 1000.000000000000000 ) ;
#3619 = ORIENTED_EDGE ( 'NONE', *, *, #6411, .T. ) ;
#3620 = CARTESIAN_POINT ( 'NONE',  ( -2.400000000000001243, -2.099999999999999645, -0.4699999999999998068 ) ) ;
#3621 = SURFACE_STYLE_USAGE ( .BOTH. , #6240 ) ;
#3622 = EDGE_CURVE ( 'NONE', #4493, #5118, #6651, .T. ) ;
#3623 = FILL_AREA_STYLE_COLOUR ( '', #666 ) ;
#3624 = ORIENTED_EDGE ( 'NONE', *, *, #2677, .F. ) ;
#3625 =( NAMED_UNIT ( * ) SI_UNIT ( $, .STERADIAN. ) SOLID_ANGLE_UNIT ( ) );
#3626 =( LENGTH_UNIT ( ) NAMED_UNIT ( * ) SI_UNIT ( .MILLI., .METRE. ) );
#3627 = EDGE_LOOP ( 'NONE', ( #1199, #5941, #5400, #1494 ) ) ;
#3628 = ADVANCED_FACE ( 'NONE', ( #851 ), #1293, .T. ) ;
#3629 = EDGE_CURVE ( 'NONE', #4349, #3985, #1836, .T. ) ;
#3630 = VERTEX_POINT ( 'NONE', #1061 ) ;
#3631 = MECHANICAL_DESIGN_GEOMETRIC_PRESENTATION_REPRESENTATION (  '', ( #4290 ), #2065 ) ;
#3632 = CARTESIAN_POINT ( 'NONE',  ( 1.700000000000000400, -2.099999999999999645, -0.5699999999999999512 ) ) ;
#3633 = CARTESIAN_POINT ( 'NONE',  ( 0.0000000000000000000, 0.0000000000000000000, 0.3000000000000000444 ) ) ;
#3634 =( LENGTH_UNIT ( ) NAMED_UNIT ( * ) SI_UNIT ( .MILLI., .METRE. ) );
#3635 = ORIENTED_EDGE ( 'NONE', *, *, #1833, .F. ) ;
#3636 = CARTESIAN_POINT ( 'NONE',  ( 2.500000000000002220, 1.200000000000000622, 0.0000000000000000000 ) ) ;
#3637 = ORIENTED_EDGE ( 'NONE', *, *, #5311, .F. ) ;
#3638 = DIRECTION ( 'NONE',  ( 0.0000000000000000000, -1.000000000000000000, -0.0000000000000000000 ) ) ;
#3639 = EDGE_CURVE ( 'NONE', #6362, #6820, #5168, .T. ) ;
#3640 = DIRECTION ( 'NONE',  ( 1.000000000000000000, 0.0000000000000000000, -3.252606517456505019E-15 ) ) ;
#3641 = UNCERTAINTY_MEASURE_WITH_UNIT (LENGTH_MEASURE( 1.000000000000000082E-05 ), #6851, 'distance_accuracy_value', 'NONE');
#3642 = DIRECTION ( 'NONE',  ( 0.0000000000000000000, -1.000000000000000000, 0.0000000000000000000 ) ) ;
#3643 = ORIENTED_EDGE ( 'NONE', *, *, #3465, .F. ) ;
#3644 = DIRECTION ( 'NONE',  ( -0.05233595624294388321, 0.0000000000000000000, 0.9986295347545739443 ) ) ;
#3645 = CARTESIAN_POINT ( 'NONE',  ( -0.03316504619021998224, -0.1370056143358100720, 0.3500000000000000333 ) ) ;
#3646 = DIRECTION ( 'NONE',  ( 0.0000000000000000000, -1.000000000000000000, 0.0000000000000000000 ) ) ;
#3647 = ORIENTED_EDGE ( 'NONE', *, *, #694, .T. ) ;
#3648 = AXIS2_PLACEMENT_3D ( 'NONE', #2328, #1846, #3489 ) ;
#3649 = EDGE_CURVE ( 'NONE', #1133, #6432, #1610, .T. ) ;
#3650 = FACE_OUTER_BOUND ( 'NONE', #6144, .T. ) ;
#3651 = DIRECTION ( 'NONE',  ( 0.0000000000000000000, 0.0000000000000000000, 1.000000000000000000 ) ) ;
#3652 = AXIS2_PLACEMENT_3D ( 'NONE', #1208, #4950, #5887 ) ;
#3653 =( GEOMETRIC_REPRESENTATION_CONTEXT ( 3 ) GLOBAL_UNCERTAINTY_ASSIGNED_CONTEXT ( ( #2630 ) ) GLOBAL_UNIT_ASSIGNED_CONTEXT ( ( #6693, #903, #2593 ) ) REPRESENTATION_CONTEXT ( 'NONE', 'WORKASPACE' ) );
#3654 = LINE ( 'NONE', #1484, #759 ) ;
#3655 = DIRECTION ( 'NONE',  ( 1.000000000000000000, 4.822120870246893339E-16, 0.0000000000000000000 ) ) ;
#3656 = DIRECTION ( 'NONE',  ( 1.000000000000000000, 0.0000000000000000000, 0.0000000000000000000 ) ) ;
#3657 = DIRECTION ( 'NONE',  ( 1.000000000000000000, 0.0000000000000000000, 0.0000000000000000000 ) ) ;
#3658 = MECHANICAL_DESIGN_GEOMETRIC_PRESENTATION_REPRESENTATION (  '', ( #4874 ), #2414 ) ;
#3659 = CARTESIAN_POINT ( 'NONE',  ( -2.462305712989667050, -2.462305712989667050, 0.4308476720434270546 ) ) ;
#3660 = DIRECTION ( 'NONE',  ( 0.0000000000000000000, -0.08715574274765820750, 0.9961946980917455452 ) ) ;
#3661 = DIRECTION ( 'NONE',  ( -0.08682659386424762538, 0.08682659386424762538, -0.9924325091389669673 ) ) ;
#3662 = VERTEX_POINT ( 'NONE', #2105 ) ;
#3663 = DIRECTION ( 'NONE',  ( 1.000000000000000000, 0.0000000000000000000, 0.0000000000000000000 ) ) ;
#3664 = VECTOR ( 'NONE', #2606, 1000.000000000000000 ) ;
#3665 = LINE ( 'NONE', #440, #1389 ) ;
#3666 = ORIENTED_EDGE ( 'NONE', *, *, #817, .F. ) ;
#3667 =( GEOMETRIC_REPRESENTATION_CONTEXT ( 3 ) GLOBAL_UNCERTAINTY_ASSIGNED_CONTEXT ( ( #3910 ) ) GLOBAL_UNIT_ASSIGNED_CONTEXT ( ( #6804, #5700, #2531 ) ) REPRESENTATION_CONTEXT ( 'NONE', 'WORKASPACE' ) );
#3668 = CARTESIAN_POINT ( 'NONE',  ( 1.700000000000000622, 2.100000000000000089, -0.7699999999999999067 ) ) ;
#3669 = PRESENTATION_STYLE_ASSIGNMENT (( #6344 ) ) ;
#3671 = STYLED_ITEM ( 'NONE', ( #5409 ), #436 ) ;
#3670 = CARTESIAN_POINT ( 'NONE',  ( 0.2838201673205150710, 1.116322564166215559, 0.4500000000000000666 ) ) ;
#3672 =( LENGTH_UNIT ( ) NAMED_UNIT ( * ) SI_UNIT ( .MILLI., .METRE. ) );
#3673 = VERTEX_POINT ( 'NONE', #4641 ) ;
#3674 = EDGE_CURVE ( 'NONE', #3886, #5591, #4399, .T. ) ;
#3675 = DIRECTION ( 'NONE',  ( -2.409338161078899674E-16, 1.000000000000000000, 0.0000000000000000000 ) ) ;
#3676 = EDGE_CURVE ( 'NONE', #3053, #5594, #4161, .T. ) ;
#3677 = CARTESIAN_POINT ( 'NONE',  ( 2.400000000000001243, 2.100000000000000089, -0.7700000000000000178 ) ) ;
#3678 = COLOUR_RGB ( '',0.8980392156862745390, 0.9215686274509803377, 0.9294117647058823817 ) ;
#3679 = SURFACE_STYLE_USAGE ( .BOTH. , #2028 ) ;
#3680 = CARTESIAN_POINT ( 'NONE',  ( -1.700000000000000622, 2.100000000000000089, -0.5699999999999999512 ) ) ;
#3681 = FACE_BOUND ( 'NONE', #601, .T. ) ;
#3682 = STYLED_ITEM ( 'NONE', ( #1459 ), #651 ) ;
#3683 = PRESENTATION_STYLE_ASSIGNMENT (( #4681 ) ) ;
#3684 = ADVANCED_FACE ( 'NONE', ( #427 ), #5231, .F. ) ;
#3685 = UNCERTAINTY_MEASURE_WITH_UNIT (LENGTH_MEASURE( 1.000000000000000082E-05 ), #1560, 'distance_accuracy_value', 'NONE');
#3686 = ORIENTED_EDGE ( 'NONE', *, *, #4684, .F. ) ;
#3687 = CARTESIAN_POINT ( 'NONE',  ( 1.930905544980987321, -0.8360159872360372058, 0.3000000000000000444 ) ) ;
#3688 = CARTESIAN_POINT ( 'NONE',  ( 0.2103187164337326220, 2.110000814877110997, 0.3500000000000000333 ) ) ;
#3689 = VERTEX_POINT ( 'NONE', #1780 ) ;
#3690 =( NAMED_UNIT ( * ) PLANE_ANGLE_UNIT ( ) SI_UNIT ( $, .RADIAN. ) );
#3691 = EDGE_LOOP ( 'NONE', ( #5509, #2800, #5322, #1491 ) ) ;
#3692 = UNCERTAINTY_MEASURE_WITH_UNIT (LENGTH_MEASURE( 1.000000000000000082E-05 ), #5110, 'distance_accuracy_value', 'NONE');
#3693 = CARTESIAN_POINT ( 'NONE',  ( -0.03316504619021998224, -2.056952929731181712, 0.3500000000000000333 ) ) ;
#3694 = FILL_AREA_STYLE ('',( #3108 ) ) ;
#3695 = LINE ( 'NONE', #5795, #5667 ) ;
#3696 = FACE_OUTER_BOUND ( 'NONE', #3782, .T. ) ;
#3697 = CARTESIAN_POINT ( 'NONE',  ( -2.463314554501873310, 2.199999999999999289, -0.6999999999999999556 ) ) ;
#3698 = COLOUR_RGB ( '',1.000000000000000000, 1.000000000000000000, 1.000000000000000000 ) ;
#3699 = ORIENTED_EDGE ( 'NONE', *, *, #1040, .F. ) ;
#3700 = PRESENTATION_STYLE_ASSIGNMENT (( #5802 ) ) ;
#3701 = CARTESIAN_POINT ( 'NONE',  ( -1.971607025033961236, 0.8251250982098667919, 0.3000000000000000444 ) ) ;
#3702 = ORIENTED_EDGE ( 'NONE', *, *, #5189, .T. ) ;
#3703 = PLANE ( 'NONE',  #956 ) ;
#3704 = AXIS2_PLACEMENT_3D ( 'NONE', #4567, #2895, #1355 ) ;
#3705 = VECTOR ( 'NONE', #6819, 1000.000000000000000 ) ;
#3706 = SURFACE_STYLE_USAGE ( .BOTH. , #4802 ) ;
#3707 = PLANE ( 'NONE',  #5871 ) ;
#3708 = DIRECTION ( 'NONE',  ( 1.000000000000000000, 0.0000000000000000000, 0.0000000000000000000 ) ) ;
#3709 = VECTOR ( 'NONE', #1508, 1000.000000000000000 ) ;
#3710 =( NAMED_UNIT ( * ) PLANE_ANGLE_UNIT ( ) SI_UNIT ( $, .RADIAN. ) );
#3711 = ORIENTED_EDGE ( 'NONE', *, *, #1797, .F. ) ;
#3712 = DIRECTION ( 'NONE',  ( 0.0000000000000000000, -1.000000000000000000, 0.0000000000000000000 ) ) ;
#3713 = SURFACE_STYLE_FILL_AREA ( #4150 ) ;
#3714 = VECTOR ( 'NONE', #4632, 1000.000000000000000 ) ;
#3715 = LINE ( 'NONE', #1537, #1914 ) ;
#3716 = PRESENTATION_STYLE_ASSIGNMENT (( #3570 ) ) ;
#3717 = ORIENTED_EDGE ( 'NONE', *, *, #5642, .F. ) ;
#3718 = PRESENTATION_LAYER_ASSIGNMENT (  '', '', ( #3256 ) ) ;
#3719 = VERTEX_POINT ( 'NONE', #738 ) ;
#3720 = SURFACE_STYLE_FILL_AREA ( #6816 ) ;
#3721 = PRESENTATION_LAYER_ASSIGNMENT (  '', '', ( #4933 ) ) ;
#3722 = DIRECTION ( 'NONE',  ( -1.000000000000000000, 0.0000000000000000000, 0.0000000000000000000 ) ) ;
#3723 = DIRECTION ( 'NONE',  ( 1.000000000000000000, 0.0000000000000000000, 0.0000000000000000000 ) ) ;
#3724 = FILL_AREA_STYLE_COLOUR ( '', #6784 ) ;
#3725 = ORIENTED_EDGE ( 'NONE', *, *, #5200, .F. ) ;
#3726 = CARTESIAN_POINT ( 'NONE',  ( 0.0000000000000000000, 0.0000000000000000000, -0.5699999999999999512 ) ) ;
#3727 = ORIENTED_EDGE ( 'NONE', *, *, #3182, .F. ) ;
#3728 = MECHANICAL_DESIGN_GEOMETRIC_PRESENTATION_REPRESENTATION (  '', ( #3838 ), #1824 ) ;
#3730 = VECTOR ( 'NONE', #3565, 1000.000000000000114 ) ;
#3729 = SURFACE_STYLE_USAGE ( .BOTH. , #4898 ) ;
#3731 = FACE_OUTER_BOUND ( 'NONE', #6579, .T. ) ;
#3732 = PLANE ( 'NONE',  #907 ) ;
#3733 = ADVANCED_FACE ( 'NONE', ( #1854 ), #6578, .F. ) ;
#3734 =( GEOMETRIC_REPRESENTATION_CONTEXT ( 3 ) GLOBAL_UNCERTAINTY_ASSIGNED_CONTEXT ( ( #1379 ) ) GLOBAL_UNIT_ASSIGNED_CONTEXT ( ( #2356, #3690, #4649 ) ) REPRESENTATION_CONTEXT ( 'NONE', 'WORKASPACE' ) );
#3735 = LINE ( 'NONE', #4175, #5744 ) ;
#3736 = VERTEX_POINT ( 'NONE', #1432 ) ;
#3737 = DIRECTION ( 'NONE',  ( -0.0000000000000000000, -1.000000000000000000, -0.0000000000000000000 ) ) ;
#3738 = VERTEX_POINT ( 'NONE', #6731 ) ;
#3739 = CARTESIAN_POINT ( 'NONE',  ( -2.500000000000001332, -2.099999999999999645, -0.4700000000000001399 ) ) ;
#3740 = VECTOR ( 'NONE', #5199, 1000.000000000000000 ) ;
#3741 = EDGE_CURVE ( 'NONE', #6512, #2885, #3562, .T. ) ;
#3742 = DIRECTION ( 'NONE',  ( -0.0000000000000000000, -0.0000000000000000000, 1.000000000000000000 ) ) ;
#3743 = VECTOR ( 'NONE', #6206, 1000.000000000000000 ) ;
#3744 = ORIENTED_EDGE ( 'NONE', *, *, #3974, .F. ) ;
#3745 = LINE ( 'NONE', #5320, #1647 ) ;
#3746 = CARTESIAN_POINT ( 'NONE',  ( -1.919276727925023351, -0.8787392438591723476, 0.3500000000000000333 ) ) ;
#3747 = FILL_AREA_STYLE ('',( #1607 ) ) ;
#3748 = DIRECTION ( 'NONE',  ( 1.000000000000000000, -1.971276677246371519E-16, 0.0000000000000000000 ) ) ;
#3749 = ORIENTED_EDGE ( 'NONE', *, *, #4058, .T. ) ;
#3750 = CARTESIAN_POINT ( 'NONE',  ( 2.400000000000001243, -1.199999999999999734, -0.4699999999999998068 ) ) ;
#3751 = CARTESIAN_POINT ( 'NONE',  ( 2.500000000000002220, 2.200000000000000178, 0.0000000000000000000 ) ) ;
#3752 = ORIENTED_EDGE ( 'NONE', *, *, #1410, .T. ) ;
#3753 = FACE_OUTER_BOUND ( 'NONE', #3280, .T. ) ;
#3754 = STYLED_ITEM ( 'NONE', ( #456 ), #4402 ) ;
#3755 = EDGE_LOOP ( 'NONE', ( #492, #5440, #5625, #3310 ) ) ;
#3756 = VECTOR ( 'NONE', #4405, 1000.000000000000114 ) ;
#3757 =( NAMED_UNIT ( * ) SI_UNIT ( $, .STERADIAN. ) SOLID_ANGLE_UNIT ( ) );
#3758 = DIRECTION ( 'NONE',  ( -1.000000000000000000, 0.0000000000000000000, 0.0000000000000000000 ) ) ;
#3759 = CARTESIAN_POINT ( 'NONE',  ( -1.600000000000000311, -2.199999999999999734, -0.6999999999999999556 ) ) ;
#3760 = DIRECTION ( 'NONE',  ( 1.000000000000000000, 0.0000000000000000000, 0.0000000000000000000 ) ) ;
#3761 = SURFACE_STYLE_FILL_AREA ( #5756 ) ;
#3762 = ORIENTED_EDGE ( 'NONE', *, *, #6273, .F. ) ;
#3763 = CIRCLE ( 'NONE', #1522, 0.1499999999999999667 ) ;
#3764 = SURFACE_STYLE_FILL_AREA ( #5208 ) ;
#3765 = ADVANCED_FACE ( 'NONE', ( #5656 ), #906, .T. ) ;
#3766 = EDGE_CURVE ( 'NONE', #4466, #65, #3234, .T. ) ;
#3767 = CARTESIAN_POINT ( 'NONE',  ( 1.700000000000000622, -1.199999999999999734, -0.7699999999999999067 ) ) ;
#3768 = ORIENTED_EDGE ( 'NONE', *, *, #748, .F. ) ;
#3769 = MECHANICAL_DESIGN_GEOMETRIC_PRESENTATION_REPRESENTATION (  '', ( #1113 ), #1644 ) ;
#3770 = SURFACE_SIDE_STYLE ('',( #2620 ) ) ;
#3771 = PRESENTATION_LAYER_ASSIGNMENT (  '', '', ( #2856 ) ) ;
#3772 = CARTESIAN_POINT ( 'NONE',  ( 2.486873320506370000, 1.200000000000000622, -0.2504719656739949341 ) ) ;
#3773 = DIRECTION ( 'NONE',  ( -0.0000000000000000000, 0.0000000000000000000, -1.000000000000000000 ) ) ;
#3774 = DIRECTION ( 'NONE',  ( 0.0000000000000000000, 0.0000000000000000000, -1.000000000000000000 ) ) ;
#3775 = EDGE_LOOP ( 'NONE', ( #1951, #5386, #4717, #1326 ) ) ;
#3776 = COLOUR_RGB ( '',0.8313725490196077761, 0.8392156862745098200, 0.8313725490196077761 ) ;
#3777 = ADVANCED_FACE ( 'NONE', ( #1164 ), #3703, .F. ) ;
#3778 = AXIS2_PLACEMENT_3D ( 'NONE', #6235, #2547, #6716 ) ;
#3779 = DIRECTION ( 'NONE',  ( 0.0000000000000000000, -1.000000000000000000, 0.0000000000000000000 ) ) ;
#3780 = CARTESIAN_POINT ( 'NONE',  ( 2.700000000000000622, 2.100000000000000089, -0.5700000000000006173 ) ) ;
#3781 =( GEOMETRIC_REPRESENTATION_CONTEXT ( 3 ) GLOBAL_UNCERTAINTY_ASSIGNED_CONTEXT ( ( #416 ) ) GLOBAL_UNIT_ASSIGNED_CONTEXT ( ( #2538, #4636, #3608 ) ) REPRESENTATION_CONTEXT ( 'NONE', 'WORKASPACE' ) );
#3782 = EDGE_LOOP ( 'NONE', ( #6061, #4278, #2153, #5809 ) ) ;
#3783 = FACE_OUTER_BOUND ( 'NONE', #1612, .T. ) ;
#3784 = CARTESIAN_POINT ( 'NONE',  ( -2.430009069179262848, 1.680009069179262848, 0.4000000000000000222 ) ) ;
#3785 = DIRECTION ( 'NONE',  ( 0.0000000000000000000, 0.0000000000000000000, -1.000000000000000000 ) ) ;
#3786 =( GEOMETRIC_REPRESENTATION_CONTEXT ( 3 ) GLOBAL_UNCERTAINTY_ASSIGNED_CONTEXT ( ( #979 ) ) GLOBAL_UNIT_ASSIGNED_CONTEXT ( ( #231, #1938, #3386 ) ) REPRESENTATION_CONTEXT ( 'NONE', 'WORKASPACE' ) );
#3787 = CARTESIAN_POINT ( 'NONE',  ( -0.1831650461902210314, -0.5332195235787651200, 0.3500000000000000333 ) ) ;
#3788 = VECTOR ( 'NONE', #1516, 1000.000000000000000 ) ;
#3789 = ORIENTED_EDGE ( 'NONE', *, *, #5975, .T. ) ;
#3790 = CARTESIAN_POINT ( 'NONE',  ( 0.5500000000000000444, -2.240667692902679420, -0.5699999999999999512 ) ) ;
#3791 = ORIENTED_EDGE ( 'NONE', *, *, #6601, .F. ) ;
#3792 =( NAMED_UNIT ( * ) PLANE_ANGLE_UNIT ( ) SI_UNIT ( $, .RADIAN. ) );
#3793 = VERTEX_POINT ( 'NONE', #4288 ) ;
#3794 = LINE ( 'NONE', #110, #6713 ) ;
#3795 = DIRECTION ( 'NONE',  ( 0.0000000000000000000, -0.0000000000000000000, -1.000000000000000000 ) ) ;
#3796 = PRESENTATION_STYLE_ASSIGNMENT (( #6789 ) ) ;
#3797 = ORIENTED_EDGE ( 'NONE', *, *, #5380, .T. ) ;
#3798 = LINE ( 'NONE', #4899, #4513 ) ;
#3799 = VECTOR ( 'NONE', #4972, 1000.000000000000000 ) ;
#3800 =( NAMED_UNIT ( * ) PLANE_ANGLE_UNIT ( ) SI_UNIT ( $, .RADIAN. ) );
#3801 = DIRECTION ( 'NONE',  ( 1.000000000000000000, 0.0000000000000000000, -0.0000000000000000000 ) ) ;
#3802 = LINE ( 'NONE', #5972, #4584 ) ;
#3803 = VERTEX_POINT ( 'NONE', #6310 ) ;
#3805 = COLOUR_RGB ( '',1.000000000000000000, 1.000000000000000000, 1.000000000000000000 ) ;
#3804 = SURFACE_STYLE_USAGE ( .BOTH. , #6490 ) ;
#3806 = CARTESIAN_POINT ( 'NONE',  ( 1.930905544980987543, -2.056952929731181268, 0.3500000000000000333 ) ) ;
#3807 = EDGE_LOOP ( 'NONE', ( #4621, #4665, #4921, #6261, #5040, #6134, #2982, #4658, #3686, #4408, #586, #619, #4812, #2129, #3091, #2243, #5554, #4878, #4916, #4343 ) ) ;
#3808 = MECHANICAL_DESIGN_GEOMETRIC_PRESENTATION_REPRESENTATION (  '', ( #6774 ), #6116 ) ;
#3809 = ADVANCED_FACE ( 'NONE', ( #3197 ), #1045, .F. ) ;
#3810 =( NAMED_UNIT ( * ) PLANE_ANGLE_UNIT ( ) SI_UNIT ( $, .RADIAN. ) );
#3811 = DIRECTION ( 'NONE',  ( 0.0000000000000000000, -1.000000000000000000, 0.0000000000000000000 ) ) ;
#3812 = DIRECTION ( 'NONE',  ( 0.0000000000000000000, 0.0000000000000000000, 1.000000000000000000 ) ) ;
#3813 = ORIENTED_EDGE ( 'NONE', *, *, #584, .F. ) ;
#3815 = PRESENTATION_LAYER_ASSIGNMENT (  '', '', ( #2998 ) ) ;
#3814 = DIRECTION ( 'NONE',  ( 1.000000000000000000, 0.0000000000000000000, 0.0000000000000000000 ) ) ;
#3816 = SURFACE_SIDE_STYLE ('',( #3920 ) ) ;
#3817 = ORIENTED_EDGE ( 'NONE', *, *, #1307, .T. ) ;
#3818 = AXIS2_PLACEMENT_3D ( 'NONE', #4510, #4968, #5447 ) ;
#3819 = ORIENTED_EDGE ( 'NONE', *, *, #4086, .F. ) ;
#3820 = EDGE_CURVE ( 'NONE', #469, #6098, #1731, .T. ) ;
#3821 = LINE ( 'NONE', #5926, #1412 ) ;
#3822 = PRESENTATION_STYLE_ASSIGNMENT (( #5369 ) ) ;
#3823 = ORIENTED_EDGE ( 'NONE', *, *, #325, .T. ) ;
#3824 = AXIS2_PLACEMENT_3D ( 'NONE', #5423, #3779, #2667 ) ;
#3825 = CARTESIAN_POINT ( 'NONE',  ( 0.4838201673205150821, -0.2871897488101240459, 0.3500000000000000333 ) ) ;
#3826 = EDGE_CURVE ( 'NONE', #5505, #318, #6861, .T. ) ;
#3827 = FILL_AREA_STYLE_COLOUR ( '', #3805 ) ;
#3828 = PLANE ( 'NONE',  #4883 ) ;
#3829 = FILL_AREA_STYLE ('',( #2795 ) ) ;
#3830 = DIRECTION ( 'NONE',  ( -0.0000000000000000000, -0.0000000000000000000, 1.000000000000000000 ) ) ;
#3831 = DIRECTION ( 'NONE',  ( -2.409338161078899674E-16, 1.000000000000000000, 0.0000000000000000000 ) ) ;
#3832 = PLANE ( 'NONE',  #5821 ) ;
#3833 = ORIENTED_EDGE ( 'NONE', *, *, #6742, .F. ) ;
#3834 = UNCERTAINTY_MEASURE_WITH_UNIT (LENGTH_MEASURE( 1.000000000000000082E-05 ), #6779, 'distance_accuracy_value', 'NONE');
#3835 =( LENGTH_UNIT ( ) NAMED_UNIT ( * ) SI_UNIT ( .MILLI., .METRE. ) );
#3836 = SURFACE_STYLE_USAGE ( .BOTH. , #1227 ) ;
#3837 = PLANE ( 'NONE',  #6765 ) ;
#3838 = STYLED_ITEM ( 'NONE', ( #6637 ), #3162 ) ;
#3839 = VERTEX_POINT ( 'NONE', #3739 ) ;
#3840 =( NAMED_UNIT ( * ) SI_UNIT ( $, .STERADIAN. ) SOLID_ANGLE_UNIT ( ) );
#3841 = EDGE_CURVE ( 'NONE', #6566, #2999, #1081, .T. ) ;
#3842 = STYLED_ITEM ( 'NONE', ( #3033 ), #3440 ) ;
#3843 = CARTESIAN_POINT ( 'NONE',  ( -1.296028625818474778, -0.8787392438591723476, 0.3500000000000000333 ) ) ;
#3844 = PRESENTATION_STYLE_ASSIGNMENT (( #5915 ) ) ;
#3845 = PLANE ( 'NONE',  #5414 ) ;
#3846 = DIRECTION ( 'NONE',  ( 1.000000000000000000, 0.0000000000000000000, -0.0000000000000000000 ) ) ;
#3847 = ORIENTED_EDGE ( 'NONE', *, *, #1074, .T. ) ;
#3848 = PRESENTATION_STYLE_ASSIGNMENT (( #4364 ) ) ;
#3849 = LINE ( 'NONE', #665, #5860 ) ;
#3850 = CARTESIAN_POINT ( 'NONE',  ( -1.971607025033961236, 0.8251250982098667919, 0.3500000000000000333 ) ) ;
#3851 = ADVANCED_FACE ( 'NONE', ( #5315 ), #4736, .F. ) ;
#3852 = EDGE_CURVE ( 'NONE', #989, #2645, #6015, .T. ) ;
#3853 = AXIS2_PLACEMENT_3D ( 'NONE', #4574, #3646, #5818 ) ;
#3854 = EDGE_LOOP ( 'NONE', ( #5287, #2888, #3858, #980 ) ) ;
#3855 = DIRECTION ( 'NONE',  ( 0.0000000000000000000, 0.0000000000000000000, 1.000000000000000000 ) ) ;
#3856 = ORIENTED_EDGE ( 'NONE', *, *, #2170, .F. ) ;
#3857 = SURFACE_STYLE_FILL_AREA ( #1247 ) ;
#3858 = ORIENTED_EDGE ( 'NONE', *, *, #3433, .F. ) ;
#3859 = ORIENTED_EDGE ( 'NONE', *, *, #6430, .T. ) ;
#3860 = EDGE_CURVE ( 'NONE', #5550, #4293, #93, .T. ) ;
#3861 = SURFACE_STYLE_USAGE ( .BOTH. , #4377 ) ;
#3862 = DIRECTION ( 'NONE',  ( 0.0000000000000000000, 0.0000000000000000000, 1.000000000000000000 ) ) ;
#3863 = SURFACE_STYLE_USAGE ( .BOTH. , #47 ) ;
#3864 = CYLINDRICAL_SURFACE ( 'NONE', #4542, 0.3000000000000003775 ) ;
#3865 = CIRCLE ( 'NONE', #284, 0.1499999999999999667 ) ;
#3866 = FILL_AREA_STYLE ('',( #2255 ) ) ;
#3867 = ORIENTED_EDGE ( 'NONE', *, *, #6410, .F. ) ;
#3868 = DIRECTION ( 'NONE',  ( -1.000000000000000000, -0.0000000000000000000, -0.0000000000000000000 ) ) ;
#3869 = PLANE ( 'NONE',  #3144 ) ;
#3870 = SURFACE_SIDE_STYLE ('',( #2913 ) ) ;
#3871 = UNCERTAINTY_MEASURE_WITH_UNIT (LENGTH_MEASURE( 1.000000000000000082E-05 ), #1851, 'distance_accuracy_value', 'NONE');
#3872 = FACE_OUTER_BOUND ( 'NONE', #1686, .T. ) ;
#3873 = LINE ( 'NONE', #3948, #6119 ) ;
#3874 = ORIENTED_EDGE ( 'NONE', *, *, #6608, .T. ) ;
#3875 =( NAMED_UNIT ( * ) SI_UNIT ( $, .STERADIAN. ) SOLID_ANGLE_UNIT ( ) );
#3876 =( NAMED_UNIT ( * ) SI_UNIT ( $, .STERADIAN. ) SOLID_ANGLE_UNIT ( ) );
#3877 = CIRCLE ( 'NONE', #862, 0.1500000000000000222 ) ;
#3878 = VERTEX_POINT ( 'NONE', #1804 ) ;
#3879 = AXIS2_PLACEMENT_3D ( 'NONE', #1088, #3203, #579 ) ;
#3880 = CARTESIAN_POINT ( 'NONE',  ( 1.562305442492822882, -0.6860159872360381828, 0.3500000000000000333 ) ) ;
#3881 = SURFACE_STYLE_FILL_AREA ( #4401 ) ;
#3882 = AXIS2_PLACEMENT_3D ( 'NONE', #1231, #2956, #2439 ) ;
#3883 = PRESENTATION_LAYER_ASSIGNMENT (  '', '', ( #6844 ) ) ;
#3884 = ORIENTED_EDGE ( 'NONE', *, *, #6339, .F. ) ;
#3885 = DIRECTION ( 'NONE',  ( -0.0000000000000000000, -0.0000000000000000000, -1.000000000000000000 ) ) ;
#3886 = VERTEX_POINT ( 'NONE', #4459 ) ;
#3887 = EDGE_CURVE ( 'NONE', #5693, #2971, #5944, .T. ) ;
#3888 = CARTESIAN_POINT ( 'NONE',  ( -2.471716000805965763, -2.099999999999999645, -0.5396908546970039522 ) ) ;
#3889 = ADVANCED_FACE ( 'NONE', ( #6456 ), #3305, .T. ) ;
#3890 = PRESENTATION_STYLE_ASSIGNMENT (( #1753 ) ) ;
#3891 = UNCERTAINTY_MEASURE_WITH_UNIT (LENGTH_MEASURE( 1.000000000000000082E-05 ), #3308, 'distance_accuracy_value', 'NONE');
#3892 = MECHANICAL_DESIGN_GEOMETRIC_PRESENTATION_REPRESENTATION (  '', ( #4997 ), #6752 ) ;
#3893 = UNCERTAINTY_MEASURE_WITH_UNIT (LENGTH_MEASURE( 1.000000000000000082E-05 ), #4490, 'distance_accuracy_value', 'NONE');
#3894 = ORIENTED_EDGE ( 'NONE', *, *, #3249, .T. ) ;
#3895 = DIRECTION ( 'NONE',  ( 0.0000000000000000000, 0.0000000000000000000, -1.000000000000000000 ) ) ;
#3896 = AXIS2_PLACEMENT_3D ( 'NONE', #6054, #198, #1452 ) ;
#3897 = DIRECTION ( 'NONE',  ( -0.0000000000000000000, -1.000000000000000000, -0.0000000000000000000 ) ) ;
#3898 = VECTOR ( 'NONE', #3446, 1000.000000000000000 ) ;
#3899 = SURFACE_STYLE_FILL_AREA ( #4686 ) ;
#3900 = DIRECTION ( 'NONE',  ( 0.08715574274765820750, 0.0000000000000000000, -0.9961946980917455452 ) ) ;
#3901 = EDGE_CURVE ( 'NONE', #5455, #6642, #1939, .T. ) ;
#3902 = CARTESIAN_POINT ( 'NONE',  ( -2.400000000000002132, -1.199999999999999734, -0.2999999999999993783 ) ) ;
#3903 = CARTESIAN_POINT ( 'NONE',  ( -2.500000000000001776, -2.099999999999999645, -0.2999999999999997113 ) ) ;
#3904 = PRESENTATION_LAYER_ASSIGNMENT (  '', '', ( #4338 ) ) ;
#3905 = FILL_AREA_STYLE_COLOUR ( '', #2719 ) ;
#3906 = STYLED_ITEM ( 'NONE', ( #4586 ), #659 ) ;
#3907 = PRESENTATION_STYLE_ASSIGNMENT (( #6011 ) ) ;
#3908 = DIRECTION ( 'NONE',  ( 1.000000000000000000, 4.818676322157797375E-16, -3.047392128993071134E-15 ) ) ;
#3909 = DIRECTION ( 'NONE',  ( -1.000000000000000000, 0.0000000000000000000, 0.0000000000000000000 ) ) ;
#3910 = UNCERTAINTY_MEASURE_WITH_UNIT (LENGTH_MEASURE( 1.000000000000000082E-05 ), #6804, 'distance_accuracy_value', 'NONE');
#3911 = DIRECTION ( 'NONE',  ( 1.000000000000000000, 0.0000000000000000000, -0.0000000000000000000 ) ) ;
#3912 = LINE ( 'NONE', #6081, #5441 ) ;
#3913 = DIRECTION ( 'NONE',  ( 0.0000000000000000000, 1.000000000000000000, 0.0000000000000000000 ) ) ;
#3915 = ADVANCED_FACE ( 'NONE', ( #5617 ), #6627, .F. ) ;
#3914 = DIRECTION ( 'NONE',  ( -1.000000000000000000, 0.0000000000000000000, 0.0000000000000000000 ) ) ;
#3916 = CARTESIAN_POINT ( 'NONE',  ( -1.599999999999999645, 2.200000000000000178, -0.6999999999999999556 ) ) ;
#3917 =( NAMED_UNIT ( * ) SI_UNIT ( $, .STERADIAN. ) SOLID_ANGLE_UNIT ( ) );
#3918 = CARTESIAN_POINT ( 'NONE',  ( 1.600000000000000533, 2.200000000000000178, -0.5699999999999999512 ) ) ;
#3919 = VERTEX_POINT ( 'NONE', #2484 ) ;
#3920 = SURFACE_STYLE_FILL_AREA ( #3316 ) ;
#3921 = PRESENTATION_LAYER_ASSIGNMENT (  '', '', ( #6774 ) ) ;
#3922 = ORIENTED_EDGE ( 'NONE', *, *, #6290, .T. ) ;
#3923 = VECTOR ( 'NONE', #1667, 1000.000000000000000 ) ;
#3924 =( GEOMETRIC_REPRESENTATION_CONTEXT ( 3 ) GLOBAL_UNCERTAINTY_ASSIGNED_CONTEXT ( ( #188 ) ) GLOBAL_UNIT_ASSIGNED_CONTEXT ( ( #5049, #6633, #1883 ) ) REPRESENTATION_CONTEXT ( 'NONE', 'WORKASPACE' ) );
#3925 = ORIENTED_EDGE ( 'NONE', *, *, #5136, .F. ) ;
#3926 = ORIENTED_EDGE ( 'NONE', *, *, #1449, .F. ) ;
#3927 = VECTOR ( 'NONE', #6587, 1000.000000000000000 ) ;
#3929 = EDGE_CURVE ( 'NONE', #4835, #1069, #2910, .T. ) ;
#3928 = VECTOR ( 'NONE', #6161, 1000.000000000000000 ) ;
#3930 = EDGE_CURVE ( 'NONE', #318, #4881, #4518, .T. ) ;
#3931 = DIRECTION ( 'NONE',  ( -0.0000000000000000000, -0.0000000000000000000, -1.000000000000000000 ) ) ;
#3932 = PRESENTATION_STYLE_ASSIGNMENT (( #2282 ) ) ;
#3933 =( LENGTH_UNIT ( ) NAMED_UNIT ( * ) SI_UNIT ( .MILLI., .METRE. ) );
#3934 =( GEOMETRIC_REPRESENTATION_CONTEXT ( 3 ) GLOBAL_UNCERTAINTY_ASSIGNED_CONTEXT ( ( #3685 ) ) GLOBAL_UNIT_ASSIGNED_CONTEXT ( ( #1560, #23, #3235 ) ) REPRESENTATION_CONTEXT ( 'NONE', 'WORKASPACE' ) );
#3935 = SURFACE_STYLE_USAGE ( .BOTH. , #116 ) ;
#3936 = ORIENTED_EDGE ( 'NONE', *, *, #852, .F. ) ;
#3937 = FACE_OUTER_BOUND ( 'NONE', #914, .T. ) ;
#3938 = EDGE_CURVE ( 'NONE', #5371, #469, #5082, .T. ) ;
#3939 = CARTESIAN_POINT ( 'NONE',  ( 0.3603187164337338100, 0.8251250982098667919, 0.3500000000000000333 ) ) ;
#3940 = PLANE ( 'NONE',  #5201 ) ;
#3942 = COLOUR_RGB ( '',1.000000000000000000, 1.000000000000000000, 1.000000000000000000 ) ;
#3941 = SURFACE_STYLE_FILL_AREA ( #1335 ) ;
#3943 = EDGE_CURVE ( 'NONE', #3992, #2516, #6172, .T. ) ;
#3944 = LINE ( 'NONE', #5016, #134 ) ;
#3945 = DIRECTION ( 'NONE',  ( -0.0000000000000000000, 0.0000000000000000000, 1.000000000000000000 ) ) ;
#3946 = VECTOR ( 'NONE', #5843, 1000.000000000000000 ) ;
#3947 = CARTESIAN_POINT ( 'NONE',  ( 0.0000000000000000000, 2.463314554501873310, -0.6999999999999999556 ) ) ;
#3948 = CARTESIAN_POINT ( 'NONE',  ( -1.700000000000000622, -1.199999999999999734, -0.5699999999999999512 ) ) ;
#3949 = EDGE_LOOP ( 'NONE', ( #295, #4888, #2581, #496 ) ) ;
#3950 = FACE_OUTER_BOUND ( 'NONE', #1948, .T. ) ;
#3951 = CARTESIAN_POINT ( 'NONE',  ( -2.400000000000001243, -2.099999999999999645, -0.5700000000000000622 ) ) ;
#3952 = ORIENTED_EDGE ( 'NONE', *, *, #2036, .F. ) ;
#3953 = VECTOR ( 'NONE', #5837, 1000.000000000000000 ) ;
#3954 = EDGE_CURVE ( 'NONE', #6767, #811, #5556, .T. ) ;
#3955 = LINE ( 'NONE', #6062, #5962 ) ;
#3956 =( GEOMETRIC_REPRESENTATION_CONTEXT ( 3 ) GLOBAL_UNCERTAINTY_ASSIGNED_CONTEXT ( ( #6154 ) ) GLOBAL_UNIT_ASSIGNED_CONTEXT ( ( #723, #153, #1698 ) ) REPRESENTATION_CONTEXT ( 'NONE', 'WORKASPACE' ) );
#3957 = SURFACE_STYLE_FILL_AREA ( #6508 ) ;
#3958 = CARTESIAN_POINT ( 'NONE',  ( -0.1831650461902200044, -0.1370056143358111267, 0.3000000000000000444 ) ) ;
#3959 = ORIENTED_EDGE ( 'NONE', *, *, #6586, .F. ) ;
#3960 = UNCERTAINTY_MEASURE_WITH_UNIT (LENGTH_MEASURE( 1.000000000000000082E-05 ), #4337, 'distance_accuracy_value', 'NONE');
#3961 = VERTEX_POINT ( 'NONE', #390 ) ;
#3962 =( GEOMETRIC_REPRESENTATION_CONTEXT ( 3 ) GLOBAL_UNCERTAINTY_ASSIGNED_CONTEXT ( ( #370 ) ) GLOBAL_UNIT_ASSIGNED_CONTEXT ( ( #4591, #2522, #6182 ) ) REPRESENTATION_CONTEXT ( 'NONE', 'WORKASPACE' ) );
#3963 = CARTESIAN_POINT ( 'NONE',  ( -0.1415856775653445976, -0.1584055984559433750, 0.4500000000000000666 ) ) ;
#3964 =( NAMED_UNIT ( * ) PLANE_ANGLE_UNIT ( ) SI_UNIT ( $, .RADIAN. ) );
#3965 = LINE ( 'NONE', #6071, #3898 ) ;
#3966 = AXIS2_PLACEMENT_3D ( 'NONE', #541, #3154, #6831 ) ;
#3967 = ORIENTED_EDGE ( 'NONE', *, *, #6700, .F. ) ;
#3968 = CARTESIAN_POINT ( 'NONE',  ( 2.500000000000001776, 1.200000000000000622, -0.2999999999999997113 ) ) ;
#3969 = AXIS2_PLACEMENT_3D ( 'NONE', #4172, #6271, #3657 ) ;
#3970 = DIRECTION ( 'NONE',  ( -1.000000000000000000, 4.818676322157797375E-16, -3.043374519257556424E-15 ) ) ;
#3971 = ORIENTED_EDGE ( 'NONE', *, *, #2842, .T. ) ;
#3973 = ADVANCED_FACE ( 'NONE', ( #2510 ), #4100, .F. ) ;
#3972 = PLANE ( 'NONE',  #6405 ) ;
#3974 = EDGE_CURVE ( 'NONE', #6609, #2437, #3455, .T. ) ;
#3975 = FILL_AREA_STYLE ('',( #1454 ) ) ;
#3976 = VERTEX_POINT ( 'NONE', #3586 ) ;
#3977 = AXIS2_PLACEMENT_3D ( 'NONE', #2861, #6670, #6614 ) ;
#3978 = VERTEX_POINT ( 'NONE', #2009 ) ;
#3979 = CARTESIAN_POINT ( 'NONE',  ( -2.400000000000002132, 2.100000000000000089, -0.2999999999999993783 ) ) ;
#3980 = AXIS2_PLACEMENT_3D ( 'NONE', #26, #5319, #4804 ) ;
#3981 = SURFACE_STYLE_USAGE ( .BOTH. , #2070 ) ;
#3982 = ORIENTED_EDGE ( 'NONE', *, *, #6492, .F. ) ;
#3983 = FILL_AREA_STYLE_COLOUR ( '', #3189 ) ;
#3984 = CARTESIAN_POINT ( 'NONE',  ( 1.412305442492822971, -0.6860159872360371835, 0.3000000000000000444 ) ) ;
#3985 = VERTEX_POINT ( 'NONE', #2390 ) ;
#3986 = AXIS2_PLACEMENT_3D ( 'NONE', #1187, #181, #3900 ) ;
#3987 = ORIENTED_EDGE ( 'NONE', *, *, #1593, .T. ) ;
#3988 = VECTOR ( 'NONE', #2039, 1000.000000000000000 ) ;
#3989 = MECHANICAL_DESIGN_GEOMETRIC_PRESENTATION_REPRESENTATION (  '', ( #74 ), #3653 ) ;
#3990 = CARTESIAN_POINT ( 'NONE',  ( 0.5500000000000000444, -2.240667692902679420, -0.5699999999999999512 ) ) ;
#3991 = VERTEX_POINT ( 'NONE', #826 ) ;
#3992 = VERTEX_POINT ( 'NONE', #5687 ) ;
#3993 = CARTESIAN_POINT ( 'NONE',  ( 1.599999999999999867, -2.200000000000000178, -0.5699999999999999512 ) ) ;
#3994 = VECTOR ( 'NONE', #4250, 1000.000000000000000 ) ;
#3995 = PRESENTATION_LAYER_ASSIGNMENT (  '', '', ( #404 ) ) ;
#3996 = CARTESIAN_POINT ( 'NONE',  ( -2.400000000000001243, 2.100000000000000089, -0.4699999999999998068 ) ) ;
#3997 = SURFACE_SIDE_STYLE ('',( #2864 ) ) ;
#3998 = VECTOR ( 'NONE', #6706, 1000.000000000000000 ) ;
#3999 = PLANE ( 'NONE',  #2756 ) ;
#4000 = AXIS2_PLACEMENT_3D ( 'NONE', #3726, #3290, #2142 ) ;
#4001 =( NAMED_UNIT ( * ) SI_UNIT ( $, .STERADIAN. ) SOLID_ANGLE_UNIT ( ) );
#4002 = CARTESIAN_POINT ( 'NONE',  ( 1.930905544980987321, -0.8360159872360372058, 0.3500000000000000333 ) ) ;
#4003 = CLOSED_SHELL ( 'NONE', ( #3809, #6199, #3009, #4693, #2125, #5355 ) ) ;
#4004 = STYLED_ITEM ( 'NONE', ( #4328 ), #6826 ) ;
#4005 =( NAMED_UNIT ( * ) PLANE_ANGLE_UNIT ( ) SI_UNIT ( $, .RADIAN. ) );
#4006 = CARTESIAN_POINT ( 'NONE',  ( -2.400000000000001243, -1.199999999999999734, -0.7700000000000000178 ) ) ;
#4007 = DIRECTION ( 'NONE',  ( -4.818676322157797375E-16, 1.000000000000000000, 1.751623080406021339E-46 ) ) ;
#4008 = DIRECTION ( 'NONE',  ( 1.194186020286707760E-16, -1.000000000000000000, 0.0000000000000000000 ) ) ;
#4009 = ORIENTED_EDGE ( 'NONE', *, *, #2623, .T. ) ;
#4010 = DIRECTION ( 'NONE',  ( 4.202755260653519586E-17, -0.08715574274765819363, 0.9961946980917455452 ) ) ;
#4011 = EDGE_CURVE ( 'NONE', #364, #3017, #1457, .T. ) ;
#4012 = ORIENTED_EDGE ( 'NONE', *, *, #2183, .F. ) ;
#4013 = LINE ( 'NONE', #5592, #187 ) ;
#4014 = ORIENTED_EDGE ( 'NONE', *, *, #2509, .T. ) ;
#4015 =( GEOMETRIC_REPRESENTATION_CONTEXT ( 3 ) GLOBAL_UNCERTAINTY_ASSIGNED_CONTEXT ( ( #2357 ) ) GLOBAL_UNIT_ASSIGNED_CONTEXT ( ( #6524, #4005, #5452 ) ) REPRESENTATION_CONTEXT ( 'NONE', 'WORKASPACE' ) );
#4016 = ADVANCED_FACE ( 'NONE', ( #3731 ), #1487, .F. ) ;
#4017 = ORIENTED_EDGE ( 'NONE', *, *, #1497, .T. ) ;
#4018 = CARTESIAN_POINT ( 'NONE',  ( -1.296028625818474778, 0.8251250982098669029, 0.3500000000000000333 ) ) ;
#4019 = CARTESIAN_POINT ( 'NONE',  ( -0.03316504619021998224, 2.110000814877110997, 0.3500000000000000333 ) ) ;
#4020 = VECTOR ( 'NONE', #3578, 1000.000000000000000 ) ;
#4021 = EDGE_LOOP ( 'NONE', ( #6667, #1524, #3125, #3247 ) ) ;
#4022 =( GEOMETRIC_REPRESENTATION_CONTEXT ( 3 ) GLOBAL_UNCERTAINTY_ASSIGNED_CONTEXT ( ( #5677 ) ) GLOBAL_UNIT_ASSIGNED_CONTEXT ( ( #741, #6546, #1720 ) ) REPRESENTATION_CONTEXT ( 'NONE', 'WORKASPACE' ) );
#4023 = LINE ( 'NONE', #5065, #6668 ) ;
#4024 = CARTESIAN_POINT ( 'NONE',  ( -2.500000000000002220, 1.100000000000000089, 0.0000000000000000000 ) ) ;
#4025 =( LENGTH_UNIT ( ) NAMED_UNIT ( * ) SI_UNIT ( .MILLI., .METRE. ) );
#4026 = PRESENTATION_STYLE_ASSIGNMENT (( #347 ) ) ;
#4027 = STYLED_ITEM ( 'NONE', ( #2213 ), #1269 ) ;
#4028 = ADVANCED_FACE ( 'NONE', ( #535 ), #3147, .F. ) ;
#4029 = PRESENTATION_STYLE_ASSIGNMENT (( #4547 ) ) ;
#4030 = VECTOR ( 'NONE', #6674, 1000.000000000000000 ) ;
#4031 = VECTOR ( 'NONE', #6811, 1000.000000000000000 ) ;
#4032 = ORIENTED_EDGE ( 'NONE', *, *, #740, .F. ) ;
#4033 = SURFACE_SIDE_STYLE ('',( #6112 ) ) ;
#4034 = SURFACE_STYLE_USAGE ( .BOTH. , #6049 ) ;
#4035 = CARTESIAN_POINT ( 'NONE',  ( 2.400000000000001243, 2.100000000000000089, -0.5700000000000000622 ) ) ;
#4036 = ORIENTED_EDGE ( 'NONE', *, *, #4811, .F. ) ;
#4037 = VECTOR ( 'NONE', #1568, 1000.000000000000000 ) ;
#4038 = VECTOR ( 'NONE', #5540, 1000.000000000000114 ) ;
#4039 = SURFACE_STYLE_USAGE ( .BOTH. , #5048 ) ;
#4040 = DIRECTION ( 'NONE',  ( 0.0000000000000000000, 1.000000000000000000, -0.0000000000000000000 ) ) ;
#4041 = ORIENTED_EDGE ( 'NONE', *, *, #4702, .T. ) ;
#4042 = PLANE ( 'NONE',  #1971 ) ;
#4043 = FILL_AREA_STYLE_COLOUR ( '', #6799 ) ;
#4044 = PRESENTATION_STYLE_ASSIGNMENT (( #1981 ) ) ;
#4045 = EDGE_CURVE ( 'NONE', #6033, #2366, #5244, .T. ) ;
#4046 = ORIENTED_EDGE ( 'NONE', *, *, #4766, .T. ) ;
#4047 = ORIENTED_EDGE ( 'NONE', *, *, #748, .T. ) ;
#4048 = EDGE_CURVE ( 'NONE', #6830, #3736, #2041, .T. ) ;
#4049 = EDGE_CURVE ( 'NONE', #3053, #5768, #6302, .T. ) ;
#4050 = ORIENTED_EDGE ( 'NONE', *, *, #1978, .T. ) ;
#4051 = DIRECTION ( 'NONE',  ( -0.0000000000000000000, -0.0000000000000000000, -1.000000000000000000 ) ) ;
#4052 = PLANE ( 'NONE',  #4920 ) ;
#4053 = UNCERTAINTY_MEASURE_WITH_UNIT (LENGTH_MEASURE( 1.000000000000000082E-05 ), #2994, 'distance_accuracy_value', 'NONE');
#4054 = SURFACE_SIDE_STYLE ('',( #1356 ) ) ;
#4055 = SURFACE_SIDE_STYLE ('',( #3023 ) ) ;
#4056 = CARTESIAN_POINT ( 'NONE',  ( -0.03316504619021998224, -2.056952929731181712, 0.3500000000000000333 ) ) ;
#4057 = DIRECTION ( 'NONE',  ( -1.000000000000000000, -0.0000000000000000000, -0.0000000000000000000 ) ) ;
#4058 = EDGE_CURVE ( 'NONE', #5144, #3559, #3414, .T. ) ;
#4059 = DIRECTION ( 'NONE',  ( 1.000000000000000000, 0.0000000000000000000, -0.0000000000000000000 ) ) ;
#4060 = VECTOR ( 'NONE', #2420, 1000.000000000000000 ) ;
#4061 = CARTESIAN_POINT ( 'NONE',  ( -2.499117102666011725, 2.100000000000000089, -0.01684668471109857651 ) ) ;
#4062 = VERTEX_POINT ( 'NONE', #1006 ) ;
#4063 =( NAMED_UNIT ( * ) SI_UNIT ( $, .STERADIAN. ) SOLID_ANGLE_UNIT ( ) );
#4064 = EDGE_CURVE ( 'NONE', #3568, #3398, #964, .T. ) ;
#4065 = ORIENTED_EDGE ( 'NONE', *, *, #3345, .F. ) ;
#4066 = FILL_AREA_STYLE_COLOUR ( '', #1969 ) ;
#4067 = ORIENTED_EDGE ( 'NONE', *, *, #5309, .T. ) ;
#4068 = VECTOR ( 'NONE', #6230, 1000.000000000000000 ) ;
#4069 = CARTESIAN_POINT ( 'NONE',  ( 2.700000000000002842, -2.099999999999999645, -6.982962677686266711E-16 ) ) ;
#4070 = SURFACE_SIDE_STYLE ('',( #5178 ) ) ;
#4071 = CARTESIAN_POINT ( 'NONE',  ( -2.400000000000001243, 1.200000000000000622, -0.4699999999999998068 ) ) ;
#4072 = ORIENTED_EDGE ( 'NONE', *, *, #1082, .F. ) ;
#4073 = FILL_AREA_STYLE_COLOUR ( '', #3067 ) ;
#4074 = DIRECTION ( 'NONE',  ( 1.000000000000000000, 0.0000000000000000000, 0.0000000000000000000 ) ) ;
#4075 =( NAMED_UNIT ( * ) SI_UNIT ( $, .STERADIAN. ) SOLID_ANGLE_UNIT ( ) );
#4076 = CARTESIAN_POINT ( 'NONE',  ( 0.3603187164337324777, 0.4570589046025532176, 0.3000000000000000444 ) ) ;
#4077 = VECTOR ( 'NONE', #4848, 1000.000000000000000 ) ;
#4078 = ORIENTED_EDGE ( 'NONE', *, *, #5200, .T. ) ;
#4079 = CARTESIAN_POINT ( 'NONE',  ( 2.500000000000002220, -1.099999999999999867, -2.635522335218303699E-17 ) ) ;
#4080 = EDGE_LOOP ( 'NONE', ( #1641, #3894, #933, #4145 ) ) ;
#4081 = AXIS2_PLACEMENT_3D ( 'NONE', #6211, #6726, #1115 ) ;
#4082 = EDGE_LOOP ( 'NONE', ( #4090, #2609, #995, #451 ) ) ;
#4083 = STYLED_ITEM ( 'NONE', ( #5081 ), #5929 ) ;
#4084 = MECHANICAL_DESIGN_GEOMETRIC_PRESENTATION_REPRESENTATION (  '', ( #5525 ), #1092 ) ;
#4085 = CARTESIAN_POINT ( 'NONE',  ( 0.0000000000000000000, 0.0000000000000000000, 0.4500000000000000666 ) ) ;
#4086 = EDGE_CURVE ( 'NONE', #4257, #6389, #6560, .T. ) ;
#4087 = EDGE_CURVE ( 'NONE', #3032, #2449, #4970, .T. ) ;
#4088 =( NAMED_UNIT ( * ) PLANE_ANGLE_UNIT ( ) SI_UNIT ( $, .RADIAN. ) );
#4089 = CYLINDRICAL_SURFACE ( 'NONE', #3544, 0.1000000000000000194 ) ;
#4090 = ORIENTED_EDGE ( 'NONE', *, *, #4248, .T. ) ;
#4091 = DIRECTION ( 'NONE',  ( 0.0000000000000000000, -1.000000000000000000, 0.0000000000000000000 ) ) ;
#4092 = MECHANICAL_DESIGN_GEOMETRIC_PRESENTATION_REPRESENTATION (  '', ( #3546 ), #5978 ) ;
#4093 = VECTOR ( 'NONE', #2408, 1000.000000000000000 ) ;
#4094 = ADVANCED_FACE ( 'NONE', ( #3937 ), #2728, .F. ) ;
#4095 = CYLINDRICAL_SURFACE ( 'NONE', #4125, 0.1499999999999999667 ) ;
#4096 = COLOUR_RGB ( '',1.000000000000000000, 1.000000000000000000, 1.000000000000000000 ) ;
#4097 = ORIENTED_EDGE ( 'NONE', *, *, #543, .F. ) ;
#4098 = ORIENTED_EDGE ( 'NONE', *, *, #4999, .F. ) ;
#4099 = FACE_OUTER_BOUND ( 'NONE', #4082, .T. ) ;
#4100 = PLANE ( 'NONE',  #1193 ) ;
#4101 = MECHANICAL_DESIGN_GEOMETRIC_PRESENTATION_REPRESENTATION (  '', ( #3553 ), #1111 ) ;
#4102 =( GEOMETRIC_REPRESENTATION_CONTEXT ( 3 ) GLOBAL_UNCERTAINTY_ASSIGNED_CONTEXT ( ( #5491 ) ) GLOBAL_UNIT_ASSIGNED_CONTEXT ( ( #448, #6287, #952 ) ) REPRESENTATION_CONTEXT ( 'NONE', 'WORKASPACE' ) );
#4103 = DIRECTION ( 'NONE',  ( -0.0000000000000000000, 0.0000000000000000000, -1.000000000000000000 ) ) ;
#4104 = STYLED_ITEM ( 'NONE', ( #5335 ), #424 ) ;
#4105 = DIRECTION ( 'NONE',  ( 4.818676322157797375E-16, 1.000000000000000000, 1.751623080406021339E-46 ) ) ;
#4106 = ORIENTED_EDGE ( 'NONE', *, *, #3138, .F. ) ;
#4107 = CYLINDRICAL_SURFACE ( 'NONE', #80, 0.1499999999999999667 ) ;
#4108 = PLANE ( 'NONE',  #3272 ) ;
#4109 = EDGE_LOOP ( 'NONE', ( #5384, #6537, #4036, #5865 ) ) ;
#4110 = COLOUR_RGB ( '',1.000000000000000000, 1.000000000000000000, 1.000000000000000000 ) ;
#4111 = ORIENTED_EDGE ( 'NONE', *, *, #1672, .F. ) ;
#4112 = EDGE_CURVE ( 'NONE', #2616, #6389, #3798, .T. ) ;
#4113 = VERTEX_POINT ( 'NONE', #4345 ) ;
#4114 = FACE_OUTER_BOUND ( 'NONE', #6727, .T. ) ;
#4115 =( LENGTH_UNIT ( ) NAMED_UNIT ( * ) SI_UNIT ( .MILLI., .METRE. ) );
#4116 = VERTEX_POINT ( 'NONE', #5937 ) ;
#4117 = ORIENTED_EDGE ( 'NONE', *, *, #343, .T. ) ;
#4118 = DIRECTION ( 'NONE',  ( 0.0000000000000000000, 0.0000000000000000000, -1.000000000000000000 ) ) ;
#4119 = PRESENTATION_LAYER_ASSIGNMENT (  '', '', ( #5014 ) ) ;
#4120 = LINE ( 'NONE', #6223, #2563 ) ;
#4121 = CARTESIAN_POINT ( 'NONE',  ( -2.400000000000002132, 1.200000000000000622, -0.2999999999999993783 ) ) ;
#4122 = LINE ( 'NONE', #5066, #6014 ) ;
#4123 = LINE ( 'NONE', #5672, #4761 ) ;
#4124 = ORIENTED_EDGE ( 'NONE', *, *, #283, .F. ) ;
#4125 = AXIS2_PLACEMENT_3D ( 'NONE', #3545, #1451, #854 ) ;
#4126 = DIRECTION ( 'NONE',  ( 0.0000000000000000000, 0.0000000000000000000, 1.000000000000000000 ) ) ;
#4127 = SURFACE_STYLE_FILL_AREA ( #4197 ) ;
#4128 = MECHANICAL_DESIGN_GEOMETRIC_PRESENTATION_REPRESENTATION (  '', ( #2014 ), #1254 ) ;
#4129 = FILL_AREA_STYLE_COLOUR ( '', #438 ) ;
#4130 = CARTESIAN_POINT ( 'NONE',  ( 0.5500000000000001554, 1.049999999999999822, -0.6999999999999999556 ) ) ;
#4131 = COLOUR_RGB ( '',0.8313725490196077761, 0.8392156862745098200, 0.8313725490196077761 ) ;
#4132 = PLANE ( 'NONE',  #4000 ) ;
#4133 = PLANE ( 'NONE',  #6732 ) ;
#4134 = DIRECTION ( 'NONE',  ( 0.0000000000000000000, -0.0000000000000000000, -1.000000000000000000 ) ) ;
#4135 = ADVANCED_FACE ( 'NONE', ( #155 ), #5517, .T. ) ;
#4136 = STYLED_ITEM ( 'NONE', ( #6322 ), #1436 ) ;
#4137 = LINE ( 'NONE', #6175, #3535 ) ;
#4138 = CARTESIAN_POINT ( 'NONE',  ( 0.3603187164337327553, 0.9751250982098667031, 0.3500000000000000333 ) ) ;
#4139 = CARTESIAN_POINT ( 'NONE',  ( -2.700000000000001510, -2.099999999999999645, -0.4700000000000008060 ) ) ;
#4140 = ORIENTED_EDGE ( 'NONE', *, *, #1040, .T. ) ;
#4141 = SURFACE_STYLE_USAGE ( .BOTH. , #1370 ) ;
#4142 = EDGE_CURVE ( 'NONE', #3662, #6527, #224, .T. ) ;
#4143 = ORIENTED_EDGE ( 'NONE', *, *, #4901, .F. ) ;
#4144 = VECTOR ( 'NONE', #1767, 1000.000000000000000 ) ;
#4145 = ORIENTED_EDGE ( 'NONE', *, *, #521, .T. ) ;
#4146 = SURFACE_SIDE_STYLE ('',( #1531 ) ) ;
#4147 = DIRECTION ( 'NONE',  ( 0.0000000000000000000, -1.000000000000000000, -0.0000000000000000000 ) ) ;
#4148 = VERTEX_POINT ( 'NONE', #4002 ) ;
#4149 = PRESENTATION_STYLE_ASSIGNMENT (( #3126 ) ) ;
#4150 = FILL_AREA_STYLE ('',( #5888 ) ) ;
#4151 = ADVANCED_FACE ( 'NONE', ( #4545 ), #5107, .T. ) ;
#4152 = VECTOR ( 'NONE', #5026, 1000.000000000000000 ) ;
#4153 = ORIENTED_EDGE ( 'NONE', *, *, #3766, .T. ) ;
#4154 = CARTESIAN_POINT ( 'NONE',  ( 2.700000000000002842, 1.200000000000000400, -6.982962677686266711E-16 ) ) ;
#4155 = APPLICATION_CONTEXT ( 'automotive_design' ) ;
#4156 = CARTESIAN_POINT ( 'NONE',  ( 2.400000000000001243, -1.199999999999999734, -0.4699999999999998068 ) ) ;
#4157 = DIRECTION ( 'NONE',  ( 0.0000000000000000000, 0.0000000000000000000, 1.000000000000000000 ) ) ;
#4158 = LINE ( 'NONE', #3059, #5634 ) ;
#4159 = CARTESIAN_POINT ( 'NONE',  ( -1.700000000000000622, 2.100000000000000089, -0.7699999999999999067 ) ) ;
#4160 = CARTESIAN_POINT ( 'NONE',  ( -2.463314554501873754, 2.463314554501873754, -0.6999999999999999556 ) ) ;
#4161 = LINE ( 'NONE', #999, #828 ) ;
#4162 = LINE ( 'NONE', #4198, #4068 ) ;
#4163 = CARTESIAN_POINT ( 'NONE',  ( 1.412305442492822971, -0.6860159872360371835, 0.3000000000000000444 ) ) ;
#4164 = CARTESIAN_POINT ( 'NONE',  ( 0.4838201673205150821, 0.9163225641662154919, 0.3500000000000000333 ) ) ;
#4165 = SURFACE_STYLE_USAGE ( .BOTH. , #598 ) ;
#4166 = MECHANICAL_DESIGN_GEOMETRIC_PRESENTATION_REPRESENTATION (  '', ( #2477 ), #5703 ) ;
#4167 = VERTEX_POINT ( 'NONE', #5639 ) ;
#4168 = PRESENTATION_STYLE_ASSIGNMENT (( #467 ) ) ;
#4169 = CARTESIAN_POINT ( 'NONE',  ( 0.4838201673205150821, -0.2871897488101240459, 0.4500000000000000666 ) ) ;
#4170 = UNCERTAINTY_MEASURE_WITH_UNIT (LENGTH_MEASURE( 1.000000000000000082E-05 ), #975, 'distance_accuracy_value', 'NONE');
#4171 = DIRECTION ( 'NONE',  ( -0.0000000000000000000, 0.0000000000000000000, 1.000000000000000000 ) ) ;
#4172 = CARTESIAN_POINT ( 'NONE',  ( 0.0000000000000000000, 0.0000000000000000000, 0.8000000000000000444 ) ) ;
#4173 = DIRECTION ( 'NONE',  ( 0.0000000000000000000, -1.000000000000000000, -0.0000000000000000000 ) ) ;
#4174 = SURFACE_STYLE_FILL_AREA ( #473 ) ;
#4175 = CARTESIAN_POINT ( 'NONE',  ( -0.5500000000000001554, -1.049999999999999822, -0.5699999999999999512 ) ) ;
#4176 = EDGE_CURVE ( 'NONE', #1280, #4466, #5076, .T. ) ;
#4177 = ADVANCED_FACE ( 'NONE', ( #6620 ), #1832, .T. ) ;
#4178 = ORIENTED_EDGE ( 'NONE', *, *, #5603, .T. ) ;
#4179 = CARTESIAN_POINT ( 'NONE',  ( 0.2838201673205150710, -0.2871897488101240459, 0.4500000000000000666 ) ) ;
#4180 = DIRECTION ( 'NONE',  ( 0.05233595624294388321, -0.0000000000000000000, 0.9986295347545739443 ) ) ;
#4181 = ORIENTED_EDGE ( 'NONE', *, *, #4767, .T. ) ;
#4182 = PRESENTATION_LAYER_ASSIGNMENT (  '', '', ( #6157 ) ) ;
#4183 = UNCERTAINTY_MEASURE_WITH_UNIT (LENGTH_MEASURE( 1.000000000000000082E-05 ), #3525, 'distance_accuracy_value', 'NONE');
#4184 = DIRECTION ( 'NONE',  ( 0.0000000000000000000, 1.000000000000000000, 0.0000000000000000000 ) ) ;
#4185 = VERTEX_POINT ( 'NONE', #3968 ) ;
#4186 = ADVANCED_FACE ( 'NONE', ( #4606 ), #1329, .F. ) ;
#4187 = FILL_AREA_STYLE_COLOUR ( '', #6725 ) ;
#4188 = DIRECTION ( 'NONE',  ( 1.000000000000000000, 0.0000000000000000000, 0.0000000000000000000 ) ) ;
#4189 = FILL_AREA_STYLE_COLOUR ( '', #5427 ) ;
#4190 = DIRECTION ( 'NONE',  ( 0.0000000000000000000, -1.000000000000000000, -0.0000000000000000000 ) ) ;
#4191 = CIRCLE ( 'NONE', #388, 0.1499999999999999667 ) ;
#4192 = EDGE_LOOP ( 'NONE', ( #3168, #5303, #3485, #2007 ) ) ;
#4193 = LINE ( 'NONE', #6317, #6028 ) ;
#4194 = VECTOR ( 'NONE', #4956, 1000.000000000000000 ) ;
#4195 = ORIENTED_EDGE ( 'NONE', *, *, #3045, .T. ) ;
#4196 = DIRECTION ( 'NONE',  ( -0.0000000000000000000, -0.0000000000000000000, -1.000000000000000000 ) ) ;
#4197 = FILL_AREA_STYLE ('',( #2000 ) ) ;
#4198 = CARTESIAN_POINT ( 'NONE',  ( 2.470127565808668990, 2.500000000000002220, -0.5699999999999999512 ) ) ;
#4199 = VECTOR ( 'NONE', #4105, 1000.000000000000000 ) ;
#4200 = CARTESIAN_POINT ( 'NONE',  ( -2.471716000805965763, -1.199999999999999734, -0.5396908546970039522 ) ) ;
#4201 = LINE ( 'NONE', #1066, #4446 ) ;
#4202 = STYLED_ITEM ( 'NONE', ( #6722 ), #5952 ) ;
#4203 = VECTOR ( 'NONE', #5429, 1000.000000000000000 ) ;
#4204 = VERTEX_POINT ( 'NONE', #1966 ) ;
#4205 = DIRECTION ( 'NONE',  ( -0.0000000000000000000, -0.0000000000000000000, -1.000000000000000000 ) ) ;
#4206 =( NAMED_UNIT ( * ) SI_UNIT ( $, .STERADIAN. ) SOLID_ANGLE_UNIT ( ) );
#4207 = DIRECTION ( 'NONE',  ( -1.194186020286707760E-16, 1.000000000000000000, 0.0000000000000000000 ) ) ;
#4208 = AXIS2_PLACEMENT_3D ( 'NONE', #1669, #4796, #3190 ) ;
#4209 = VECTOR ( 'NONE', #5614, 1000.000000000000000 ) ;
#4210 = DIRECTION ( 'NONE',  ( -1.000000000000000000, 0.0000000000000000000, -3.252606517456519613E-15 ) ) ;
#4211 = CARTESIAN_POINT ( 'NONE',  ( -2.430009069179262848, -2.430009069179262848, 0.8000000000000000444 ) ) ;
#4212 = VECTOR ( 'NONE', #6202, 1000.000000000000000 ) ;
#4213 = ORIENTED_EDGE ( 'NONE', *, *, #4563, .F. ) ;
#4214 = LINE ( 'NONE', #1043, #2313 ) ;
#4215 = LINE ( 'NONE', #4700, #4935 ) ;
#4216 = ORIENTED_EDGE ( 'NONE', *, *, #3741, .F. ) ;
#4217 = ADVANCED_FACE ( 'NONE', ( #282 ), #3450, .F. ) ;
#4218 = EDGE_CURVE ( 'NONE', #1754, #5330, #5551, .T. ) ;
#4219 = FILL_AREA_STYLE_COLOUR ( '', #2462 ) ;
#4220 =( GEOMETRIC_REPRESENTATION_CONTEXT ( 3 ) GLOBAL_UNCERTAINTY_ASSIGNED_CONTEXT ( ( #3507 ) ) GLOBAL_UNIT_ASSIGNED_CONTEXT ( ( #151, #644, #114 ) ) REPRESENTATION_CONTEXT ( 'NONE', 'WORKASPACE' ) );
#4221 = CARTESIAN_POINT ( 'NONE',  ( 1.700000000000000622, 2.100000000000000089, -0.7699999999999999067 ) ) ;
#4222 =( GEOMETRIC_REPRESENTATION_CONTEXT ( 3 ) GLOBAL_UNCERTAINTY_ASSIGNED_CONTEXT ( ( #4582 ) ) GLOBAL_UNIT_ASSIGNED_CONTEXT ( ( #640, #2720, #6481 ) ) REPRESENTATION_CONTEXT ( 'NONE', 'WORKASPACE' ) );
#4223 = EDGE_LOOP ( 'NONE', ( #6559, #3959, #4374, #6770 ) ) ;
#4224 = PLANE ( 'NONE',  #1421 ) ;
#4225 = FACE_OUTER_BOUND ( 'NONE', #1889, .T. ) ;
#4226 = VECTOR ( 'NONE', #5052, 1000.000000000000000 ) ;
#4227 = CARTESIAN_POINT ( 'NONE',  ( -0.5500000000000000444, 1.049999999999999822, -0.6999999999999999556 ) ) ;
#4228 = ADVANCED_FACE ( 'NONE', ( #5170 ), #381, .T. ) ;
#4229 = AXIS2_PLACEMENT_3D ( 'NONE', #2485, #3076, #3660 ) ;
#4230 = DIRECTION ( 'NONE',  ( 1.000000000000000000, -1.522241498270670007E-16, 0.0000000000000000000 ) ) ;
#4231 = CARTESIAN_POINT ( 'NONE',  ( 0.0000000000000000000, 0.0000000000000000000, -0.6999999999999999556 ) ) ;
#4232 = DIRECTION ( 'NONE',  ( -2.710505431213761578E-16, 1.000000000000000000, 0.0000000000000000000 ) ) ;
#4233 = EDGE_LOOP ( 'NONE', ( #3428, #4469, #4032, #33 ) ) ;
#4234 = UNCERTAINTY_MEASURE_WITH_UNIT (LENGTH_MEASURE( 1.000000000000000082E-05 ), #135, 'distance_accuracy_value', 'NONE');
#4235 =( LENGTH_UNIT ( ) NAMED_UNIT ( * ) SI_UNIT ( .MILLI., .METRE. ) );
#4236 = UNCERTAINTY_MEASURE_WITH_UNIT (LENGTH_MEASURE( 1.000000000000000082E-05 ), #3672, 'distance_accuracy_value', 'NONE');
#4237 = VERTEX_POINT ( 'NONE', #1030 ) ;
#4238 = CARTESIAN_POINT ( 'NONE',  ( -2.500000000000002220, 2.500000000000002220, 0.0000000000000000000 ) ) ;
#4239 = EDGE_CURVE ( 'NONE', #2449, #3597, #4162, .T. ) ;
#4240 =( NAMED_UNIT ( * ) PLANE_ANGLE_UNIT ( ) SI_UNIT ( $, .RADIAN. ) );
#4241 =( NAMED_UNIT ( * ) PLANE_ANGLE_UNIT ( ) SI_UNIT ( $, .RADIAN. ) );
#4242 =( LENGTH_UNIT ( ) NAMED_UNIT ( * ) SI_UNIT ( .MILLI., .METRE. ) );
#4243 = ORIENTED_EDGE ( 'NONE', *, *, #283, .T. ) ;
#4244 = CARTESIAN_POINT ( 'NONE',  ( -1.680009069179263070, 2.879687624179894101, 0.4000000000000000222 ) ) ;
#4245 =( NAMED_UNIT ( * ) PLANE_ANGLE_UNIT ( ) SI_UNIT ( $, .RADIAN. ) );
#4246 =( NAMED_UNIT ( * ) PLANE_ANGLE_UNIT ( ) SI_UNIT ( $, .RADIAN. ) );
#4247 = COLOUR_RGB ( '',1.000000000000000000, 1.000000000000000000, 1.000000000000000000 ) ;
#4248 = EDGE_CURVE ( 'NONE', #5591, #4116, #3136, .T. ) ;
#4249 = MECHANICAL_DESIGN_GEOMETRIC_PRESENTATION_REPRESENTATION (  '', ( #2998 ), #5 ) ;
#4250 = DIRECTION ( 'NONE',  ( -1.000000000000000000, -0.0000000000000000000, -0.0000000000000000000 ) ) ;
#4251 =( GEOMETRIC_REPRESENTATION_CONTEXT ( 3 ) GLOBAL_UNCERTAINTY_ASSIGNED_CONTEXT ( ( #4382 ) ) GLOBAL_UNIT_ASSIGNED_CONTEXT ( ( #3634, #1601, #3357 ) ) REPRESENTATION_CONTEXT ( 'NONE', 'WORKASPACE' ) );
#4252 = FILL_AREA_STYLE ('',( #5313 ) ) ;
#4253 =( NAMED_UNIT ( * ) SI_UNIT ( $, .STERADIAN. ) SOLID_ANGLE_UNIT ( ) );
#4254 = CIRCLE ( 'NONE', #5138, 0.1000000000000000194 ) ;
#4255 = LINE ( 'NONE', #96, #4440 ) ;
#4256 = VECTOR ( 'NONE', #955, 1000.000000000000000 ) ;
#4257 = VERTEX_POINT ( 'NONE', #6847 ) ;
#4258 = PRESENTATION_LAYER_ASSIGNMENT (  '', '', ( #1268 ) ) ;
#4259 = EDGE_LOOP ( 'NONE', ( #4496, #4297, #299, #2601 ) ) ;
#4260 = SURFACE_SIDE_STYLE ('',( #3205 ) ) ;
#4261 = FACE_OUTER_BOUND ( 'NONE', #1003, .T. ) ;
#4262 = DIRECTION ( 'NONE',  ( -1.000000000000000000, 0.0000000000000000000, 0.0000000000000000000 ) ) ;
#4263 = ORIENTED_EDGE ( 'NONE', *, *, #3138, .T. ) ;
#4264 =( LENGTH_UNIT ( ) NAMED_UNIT ( * ) SI_UNIT ( .MILLI., .METRE. ) );
#4265 = VERTEX_POINT ( 'NONE', #2137 ) ;
#4266 = EDGE_CURVE ( 'NONE', #1207, #3992, #4269, .T. ) ;
#4267 = AXIS2_PLACEMENT_3D ( 'NONE', #2716, #4851, #1179 ) ;
#4268 = ORIENTED_EDGE ( 'NONE', *, *, #5318, .T. ) ;
#4269 = LINE ( 'NONE', #6363, #615 ) ;
#4270 = STYLED_ITEM ( 'NONE', ( #1645 ), #2931 ) ;
#4271 =( LENGTH_UNIT ( ) NAMED_UNIT ( * ) SI_UNIT ( .MILLI., .METRE. ) );
#4272 = CARTESIAN_POINT ( 'NONE',  ( 0.5500000000000001554, 1.049999999999999822, -0.6999999999999999556 ) ) ;
#4273 = DIRECTION ( 'NONE',  ( -0.0000000000000000000, -0.0000000000000000000, 1.000000000000000000 ) ) ;
#4274 = DIRECTION ( 'NONE',  ( -1.000000000000000000, -2.353123974012615088E-15, 0.0000000000000000000 ) ) ;
#4275 = EDGE_CURVE ( 'NONE', #1979, #4167, #1619, .T. ) ;
#4276 = SURFACE_SIDE_STYLE ('',( #6444 ) ) ;
#4277 = CARTESIAN_POINT ( 'NONE',  ( 2.500000000000002220, 2.500000000000002220, 0.0000000000000000000 ) ) ;
#4278 = ORIENTED_EDGE ( 'NONE', *, *, #2345, .F. ) ;
#4279 = VECTOR ( 'NONE', #4180, 1000.000000000000114 ) ;
#4280 = CARTESIAN_POINT ( 'NONE',  ( 1.930905544980987543, -2.056952929731181268, 0.3500000000000000333 ) ) ;
#4281 = PRESENTATION_STYLE_ASSIGNMENT (( #2147 ) ) ;
#4282 = ORIENTED_EDGE ( 'NONE', *, *, #6263, .F. ) ;
#4283 = DIRECTION ( 'NONE',  ( -0.0000000000000000000, -1.000000000000000000, -0.0000000000000000000 ) ) ;
#4284 = ADVANCED_FACE ( 'NONE', ( #3217 ), #428, .F. ) ;
#4285 = VERTEX_POINT ( 'NONE', #716 ) ;
#4286 = CARTESIAN_POINT ( 'NONE',  ( -0.0000000000000000000, -1.099999999999999645, -0.6999999999999999556 ) ) ;
#4287 = ORIENTED_EDGE ( 'NONE', *, *, #4600, .F. ) ;
#4288 = CARTESIAN_POINT ( 'NONE',  ( -2.486873320506370000, -1.199999999999999734, -0.2504719656739949341 ) ) ;
#4289 = CARTESIAN_POINT ( 'NONE',  ( -2.700000000000003286, 1.301042606982606899E-15, -8.306732565912526210E-15 ) ) ;
#4290 = STYLED_ITEM ( 'NONE', ( #4281 ), #4028 ) ;
#4291 = ORIENTED_EDGE ( 'NONE', *, *, #3381, .F. ) ;
#4292 = FILL_AREA_STYLE ('',( #2163 ) ) ;
#4293 = VERTEX_POINT ( 'NONE', #3330 ) ;
#4294 = DIRECTION ( 'NONE',  ( 0.0000000000000000000, 0.0000000000000000000, -1.000000000000000000 ) ) ;
#4295 = DIRECTION ( 'NONE',  ( -0.0000000000000000000, -0.0000000000000000000, -1.000000000000000000 ) ) ;
#4296 = CARTESIAN_POINT ( 'NONE',  ( 1.699999999999999956, 0.0000000000000000000, 0.3007161552948416916 ) ) ;
#4297 = ORIENTED_EDGE ( 'NONE', *, *, #189, .T. ) ;
#4298 = DIRECTION ( 'NONE',  ( 4.818676322157797375E-16, 1.000000000000000000, 1.751623080406021339E-46 ) ) ;
#4299 = SURFACE_STYLE_FILL_AREA ( #4819 ) ;
#4300 =( NAMED_UNIT ( * ) SI_UNIT ( $, .STERADIAN. ) SOLID_ANGLE_UNIT ( ) );
#4301 = UNCERTAINTY_MEASURE_WITH_UNIT (LENGTH_MEASURE( 1.000000000000000082E-05 ), #4115, 'distance_accuracy_value', 'NONE');
#4302 = ORIENTED_EDGE ( 'NONE', *, *, #6043, .T. ) ;
#4303 = ADVANCED_FACE ( 'NONE', ( #558 ), #1689, .T. ) ;
#4304 = MECHANICAL_DESIGN_GEOMETRIC_PRESENTATION_REPRESENTATION (  '', ( #6072 ), #175 ) ;
#4305 = FILL_AREA_STYLE ('',( #39 ) ) ;
#4306 = PLANE ( 'NONE',  #3231 ) ;
#4307 = FILL_AREA_STYLE ('',( #2178 ) ) ;
#4308 = SURFACE_SIDE_STYLE ('',( #1068 ) ) ;
#4309 = ORIENTED_EDGE ( 'NONE', *, *, #3113, .T. ) ;
#4310 = AXIS2_PLACEMENT_3D ( 'NONE', #1624, #394, #4656 ) ;
#4311 = DIRECTION ( 'NONE',  ( -0.0000000000000000000, 1.000000000000000000, 0.0000000000000000000 ) ) ;
#4312 = ADVANCED_FACE ( 'NONE', ( #4961 ), #4889, .T. ) ;
#4313 = FILL_AREA_STYLE ('',( #2182 ) ) ;
#4314 = CIRCLE ( 'NONE', #4978, 0.3000000000000002665 ) ;
#4315 = CARTESIAN_POINT ( 'NONE',  ( -1.700000000000000400, 1.200000000000000622, -0.5699999999999999512 ) ) ;
#4316 = ORIENTED_EDGE ( 'NONE', *, *, #4419, .F. ) ;
#4317 = FACE_OUTER_BOUND ( 'NONE', #5112, .T. ) ;
#4318 = CARTESIAN_POINT ( 'NONE',  ( -2.400000000000002132, 2.100000000000000089, -0.2999999999999993783 ) ) ;
#4319 = SURFACE_SIDE_STYLE ('',( #6379 ) ) ;
#4320 = VECTOR ( 'NONE', #3051, 1000.000000000000000 ) ;
#4321 = VECTOR ( 'NONE', #6563, 1000.000000000000000 ) ;
#4322 = FACE_OUTER_BOUND ( 'NONE', #142, .T. ) ;
#4323 = DIRECTION ( 'NONE',  ( 0.0000000000000000000, -1.000000000000000000, 0.0000000000000000000 ) ) ;
#4324 = MECHANICAL_DESIGN_GEOMETRIC_PRESENTATION_REPRESENTATION (  '', ( #4877 ), #3781 ) ;
#4325 = DIRECTION ( 'NONE',  ( 0.05233595624294388321, -0.0000000000000000000, 0.9986295347545739443 ) ) ;
#4326 = AXIS2_PLACEMENT_3D ( 'NONE', #6205, #5143, #6169 ) ;
#4327 = DIRECTION ( 'NONE',  ( -1.000000000000000000, 0.0000000000000000000, 0.0000000000000000000 ) ) ;
#4328 = PRESENTATION_STYLE_ASSIGNMENT (( #6783 ) ) ;
#4329 = DIRECTION ( 'NONE',  ( 0.0000000000000000000, 0.0000000000000000000, 1.000000000000000000 ) ) ;
#4330 = EDGE_CURVE ( 'NONE', #255, #3227, #3794, .T. ) ;
#4331 = VERTEX_POINT ( 'NONE', #5961 ) ;
#4332 = LINE ( 'NONE', #710, #5087 ) ;
#4333 = FACE_OUTER_BOUND ( 'NONE', #2233, .T. ) ;
#4334 = ORIENTED_EDGE ( 'NONE', *, *, #2001, .T. ) ;
#4335 = CARTESIAN_POINT ( 'NONE',  ( -2.471716000805965763, 2.100000000000000089, -0.5396908546970038412 ) ) ;
#4336 = ORIENTED_EDGE ( 'NONE', *, *, #222, .T. ) ;
#4337 =( LENGTH_UNIT ( ) NAMED_UNIT ( * ) SI_UNIT ( .MILLI., .METRE. ) );
#4338 = STYLED_ITEM ( 'NONE', ( #3538 ), #478 ) ;
#4339 = FACE_BOUND ( 'NONE', #2119, .T. ) ;
#4340 = AXIS2_PLACEMENT_3D ( 'NONE', #3979, #6113, #3458 ) ;
#4341 = PLANE ( 'NONE',  #4751 ) ;
#4342 = EDGE_CURVE ( 'NONE', #242, #2, #5895, .T. ) ;
#4343 = ORIENTED_EDGE ( 'NONE', *, *, #3204, .T. ) ;
#4344 = DIRECTION ( 'NONE',  ( 1.000000000000000000, 0.0000000000000000000, 0.0000000000000000000 ) ) ;
#4345 = CARTESIAN_POINT ( 'NONE',  ( 2.486873320506370000, 2.100000000000000089, -0.2504719656739949341 ) ) ;
#4346 = PRESENTATION_LAYER_ASSIGNMENT (  '', '', ( #6436 ) ) ;
#4347 = FACE_OUTER_BOUND ( 'NONE', #1435, .T. ) ;
#4348 = CARTESIAN_POINT ( 'NONE',  ( -1.146028625818473756, -0.1370056143358102385, 0.3500000000000000333 ) ) ;
#4349 = VERTEX_POINT ( 'NONE', #2279 ) ;
#4352 = EDGE_CURVE ( 'NONE', #2270, #4772, #6513, .T. ) ;
#4351 = VECTOR ( 'NONE', #527, 1000.000000000000000 ) ;
#4350 = LINE ( 'NONE', #2772, #6639 ) ;
#4353 = ADVANCED_FACE ( 'NONE', ( #4445 ), #6550, .F. ) ;
#4354 = FACE_OUTER_BOUND ( 'NONE', #664, .T. ) ;
#4355 = DIRECTION ( 'NONE',  ( 0.0000000000000000000, 0.0000000000000000000, -1.000000000000000000 ) ) ;
#4356 = COLOUR_RGB ( '',0.8313725490196077761, 0.8392156862745098200, 0.8313725490196077761 ) ;
#4357 = CARTESIAN_POINT ( 'NONE',  ( 0.2838201673205150710, -0.4871897488101240015, 0.3500000000000000333 ) ) ;
#4358 = CARTESIAN_POINT ( 'NONE',  ( -2.500000000000001776, 1.200000000000000622, -0.2999999999999997113 ) ) ;
#4359 = EDGE_LOOP ( 'NONE', ( #3925, #2691, #3370, #4483 ) ) ;
#4360 = FACE_OUTER_BOUND ( 'NONE', #1675, .T. ) ;
#4361 = EDGE_CURVE ( 'NONE', #4185, #6453, #4412, .T. ) ;
#4362 = PLANE ( 'NONE',  #3267 ) ;
#4363 = EDGE_LOOP ( 'NONE', ( #100, #3281, #4416, #72 ) ) ;
#4364 = SURFACE_STYLE_USAGE ( .BOTH. , #3315 ) ;
#4365 = PRESENTATION_LAYER_ASSIGNMENT (  '', '', ( #455 ) ) ;
#4366 =( LENGTH_UNIT ( ) NAMED_UNIT ( * ) SI_UNIT ( .MILLI., .METRE. ) );
#4367 = PRESENTATION_LAYER_ASSIGNMENT (  '', '', ( #1799 ) ) ;
#4368 =( GEOMETRIC_REPRESENTATION_CONTEXT ( 3 ) GLOBAL_UNCERTAINTY_ASSIGNED_CONTEXT ( ( #6591 ) ) GLOBAL_UNIT_ASSIGNED_CONTEXT ( ( #3933, #6108, #219 ) ) REPRESENTATION_CONTEXT ( 'NONE', 'WORKASPACE' ) );
#4369 = ORIENTED_EDGE ( 'NONE', *, *, #5075, .T. ) ;
#4370 = CARTESIAN_POINT ( 'NONE',  ( -1.700000000000000400, 1.200000000000000622, -0.7699999999999999067 ) ) ;
#4371 = EDGE_CURVE ( 'NONE', #3398, #2815, #6585, .T. ) ;
#4372 =( NAMED_UNIT ( * ) PLANE_ANGLE_UNIT ( ) SI_UNIT ( $, .RADIAN. ) );
#4373 = ORIENTED_EDGE ( 'NONE', *, *, #6042, .T. ) ;
#4374 = ORIENTED_EDGE ( 'NONE', *, *, #1339, .F. ) ;
#4375 = DIRECTION ( 'NONE',  ( -0.0000000000000000000, -0.0000000000000000000, 1.000000000000000000 ) ) ;
#4376 = STYLED_ITEM ( 'NONE', ( #1215 ), #1575 ) ;
#4377 = SURFACE_SIDE_STYLE ('',( #2031 ) ) ;
#4378 = DIRECTION ( 'NONE',  ( 0.0000000000000000000, 0.0000000000000000000, 1.000000000000000000 ) ) ;
#4379 = DIRECTION ( 'NONE',  ( -0.0000000000000000000, -1.000000000000000000, -0.0000000000000000000 ) ) ;
#4380 = SURFACE_SIDE_STYLE ('',( #4451 ) ) ;
#4381 = VERTEX_POINT ( 'NONE', #247 ) ;
#4382 = UNCERTAINTY_MEASURE_WITH_UNIT (LENGTH_MEASURE( 1.000000000000000082E-05 ), #3634, 'distance_accuracy_value', 'NONE');
#4383 =( NAMED_UNIT ( * ) SI_UNIT ( $, .STERADIAN. ) SOLID_ANGLE_UNIT ( ) );
#4384 = SURFACE_STYLE_FILL_AREA ( #1764 ) ;
#4385 =( NAMED_UNIT ( * ) PLANE_ANGLE_UNIT ( ) SI_UNIT ( $, .RADIAN. ) );
#4386 = LINE ( 'NONE', #1865, #6092 ) ;
#4387 = ORIENTED_EDGE ( 'NONE', *, *, #324, .F. ) ;
#4388 = DIRECTION ( 'NONE',  ( -1.000000000000000000, 4.818676322157797375E-16, -3.047392128993071134E-15 ) ) ;
#4389 = VERTEX_POINT ( 'NONE', #2894 ) ;
#4390 = UNCERTAINTY_MEASURE_WITH_UNIT (LENGTH_MEASURE( 1.000000000000000082E-05 ), #3193, 'distance_accuracy_value', 'NONE');
#4391 = DIRECTION ( 'NONE',  ( -0.0000000000000000000, 1.000000000000000000, -0.0000000000000000000 ) ) ;
#4392 = EDGE_CURVE ( 'NONE', #1722, #2567, #5131, .T. ) ;
#4393 = ADVANCED_FACE ( 'NONE', ( #2376 ), #1920, .T. ) ;
#4394 = DIRECTION ( 'NONE',  ( -0.0000000000000000000, -0.0000000000000000000, -1.000000000000000000 ) ) ;
#4395 = FILL_AREA_STYLE ('',( #2299 ) ) ;
#4396 = LINE ( 'NONE', #1743, #3434 ) ;
#4397 = PRESENTATION_STYLE_ASSIGNMENT (( #2264 ) ) ;
#4398 = VERTEX_POINT ( 'NONE', #213 ) ;
#4399 = CIRCLE ( 'NONE', #46, 0.1500000000000000222 ) ;
#4400 = DIRECTION ( 'NONE',  ( 0.0000000000000000000, 0.0000000000000000000, 1.000000000000000000 ) ) ;
#4401 = FILL_AREA_STYLE ('',( #587 ) ) ;
#4402 = ADVANCED_FACE ( 'NONE', ( #5633 ), #4675, .F. ) ;
#4403 = VECTOR ( 'NONE', #2879, 1000.000000000000114 ) ;
#4404 = VERTEX_POINT ( 'NONE', #4712 ) ;
#4405 = DIRECTION ( 'NONE',  ( 0.05233595624294388321, -0.0000000000000000000, -0.9986295347545739443 ) ) ;
#4406 = ORIENTED_EDGE ( 'NONE', *, *, #6236, .T. ) ;
#4407 = VERTEX_POINT ( 'NONE', #518 ) ;
#4408 = ORIENTED_EDGE ( 'NONE', *, *, #6504, .T. ) ;
#4409 = ADVANCED_FACE ( 'NONE', ( #2605 ), #5292, .F. ) ;
#4410 = CARTESIAN_POINT ( 'NONE',  ( -1.599999999999999645, 2.200000000000000178, -0.5699999999999999512 ) ) ;
#4411 = CARTESIAN_POINT ( 'NONE',  ( -2.500000000000002220, 2.500000000000002220, 0.0000000000000000000 ) ) ;
#4412 = CIRCLE ( 'NONE', #3977, 0.1000000000000000194 ) ;
#4413 = FACE_OUTER_BOUND ( 'NONE', #2876, .T. ) ;
#4414 = SURFACE_STYLE_FILL_AREA ( #4479 ) ;
#4415 = PRESENTATION_STYLE_ASSIGNMENT (( #680 ) ) ;
#4416 = ORIENTED_EDGE ( 'NONE', *, *, #2587, .T. ) ;
#4417 = PRESENTATION_STYLE_ASSIGNMENT (( #3342 ) ) ;
#4418 = AXIS2_PLACEMENT_3D ( 'NONE', #6217, #6833, #1562 ) ;
#4419 = EDGE_CURVE ( 'NONE', #6300, #1754, #2099, .T. ) ;
#4420 = MECHANICAL_DESIGN_GEOMETRIC_PRESENTATION_REPRESENTATION (  '', ( #5968 ), #2851 ) ;
#4421 = CARTESIAN_POINT ( 'NONE',  ( -2.500000000000002665, -2.099999999999999645, 0.0000000000000000000 ) ) ;
#4422 = SURFACE_STYLE_FILL_AREA ( #3516 ) ;
#4423 = ORIENTED_EDGE ( 'NONE', *, *, #248, .F. ) ;
#4424 = CIRCLE ( 'NONE', #3652, 0.1000000000000000194 ) ;
#4425 =( GEOMETRIC_REPRESENTATION_CONTEXT ( 3 ) GLOBAL_UNCERTAINTY_ASSIGNED_CONTEXT ( ( #1317 ) ) GLOBAL_UNIT_ASSIGNED_CONTEXT ( ( #1256, #721, #3258 ) ) REPRESENTATION_CONTEXT ( 'NONE', 'WORKASPACE' ) );
#4426 = CYLINDRICAL_SURFACE ( 'NONE', #6567, 0.1000000000000002554 ) ;
#4427 = SURFACE_STYLE_USAGE ( .BOTH. , #6662 ) ;
#4428 = LINE ( 'NONE', #6533, #531 ) ;
#4429 =( NAMED_UNIT ( * ) SI_UNIT ( $, .STERADIAN. ) SOLID_ANGLE_UNIT ( ) );
#4430 =( LENGTH_UNIT ( ) NAMED_UNIT ( * ) SI_UNIT ( .MILLI., .METRE. ) );
#4431 = ORIENTED_EDGE ( 'NONE', *, *, #3433, .T. ) ;
#4432 = DIRECTION ( 'NONE',  ( 0.0000000000000000000, 0.0000000000000000000, 1.000000000000000000 ) ) ;
#4433 = STYLED_ITEM ( 'NONE', ( #30 ), #6117 ) ;
#4434 = ORIENTED_EDGE ( 'NONE', *, *, #5123, .T. ) ;
#4435 = VECTOR ( 'NONE', #4740, 1000.000000000000000 ) ;
#4436 = LINE ( 'NONE', #102, #6187 ) ;
#4437 = EDGE_CURVE ( 'NONE', #2747, #6659, #1075, .T. ) ;
#4438 = COLOUR_RGB ( '',1.000000000000000000, 1.000000000000000000, 1.000000000000000000 ) ;
#4439 = ORIENTED_EDGE ( 'NONE', *, *, #4218, .T. ) ;
#4440 = VECTOR ( 'NONE', #616, 1000.000000000000000 ) ;
#4441 = ORIENTED_EDGE ( 'NONE', *, *, #6084, .F. ) ;
#4442 = EDGE_CURVE ( 'NONE', #1783, #5571, #2646, .T. ) ;
#4443 = MECHANICAL_DESIGN_GEOMETRIC_PRESENTATION_REPRESENTATION (  '', ( #650 ), #4102 ) ;
#4444 = ORIENTED_EDGE ( 'NONE', *, *, #6718, .F. ) ;
#4445 = FACE_OUTER_BOUND ( 'NONE', #6828, .T. ) ;
#4446 = VECTOR ( 'NONE', #2505, 1000.000000000000000 ) ;
#4447 = CARTESIAN_POINT ( 'NONE',  ( -2.499117102666011725, -1.199999999999999734, -0.01684668471109857651 ) ) ;
#4448 =( LENGTH_UNIT ( ) NAMED_UNIT ( * ) SI_UNIT ( .MILLI., .METRE. ) );
#4449 = CARTESIAN_POINT ( 'NONE',  ( 2.500000000000001776, 2.100000000000000089, -0.2999999999999997113 ) ) ;
#4450 = AXIS2_PLACEMENT_3D ( 'NONE', #1302, #5086, #5017 ) ;
#4451 = SURFACE_STYLE_FILL_AREA ( #6520 ) ;
#4452 = EDGE_CURVE ( 'NONE', #4772, #5891, #6510, .T. ) ;
#4453 = ORIENTED_EDGE ( 'NONE', *, *, #324, .T. ) ;
#4454 = MECHANICAL_DESIGN_GEOMETRIC_PRESENTATION_REPRESENTATION (  '', ( #3906 ), #5998 ) ;
#4455 = SURFACE_STYLE_USAGE ( .BOTH. , #2804 ) ;
#4456 = DIRECTION ( 'NONE',  ( 0.0000000000000000000, -1.000000000000000000, 0.0000000000000000000 ) ) ;
#4457 = EDGE_CURVE ( 'NONE', #3991, #5967, #993, .T. ) ;
#4458 = FACE_OUTER_BOUND ( 'NONE', #6665, .T. ) ;
#4459 = CARTESIAN_POINT ( 'NONE',  ( 0.3603187164337335324, 0.6070589046025531843, 0.3000000000000000444 ) ) ;
#4460 = COLOUR_RGB ( '',1.000000000000000000, 1.000000000000000000, 1.000000000000000000 ) ;
#4461 =( LENGTH_UNIT ( ) NAMED_UNIT ( * ) SI_UNIT ( .MILLI., .METRE. ) );
#4462 = DIRECTION ( 'NONE',  ( 1.000000000000000000, 0.0000000000000000000, 0.0000000000000000000 ) ) ;
#4463 = CYLINDRICAL_SURFACE ( 'NONE', #2215, 0.3000000000000000444 ) ;
#4464 = PRESENTATION_STYLE_ASSIGNMENT (( #2847 ) ) ;
#4465 = PLANE ( 'NONE',  #5348 ) ;
#4466 = VERTEX_POINT ( 'NONE', #6808 ) ;
#4467 = CARTESIAN_POINT ( 'NONE',  ( -0.1831650461902200044, -0.1370056143358111267, 0.3500000000000000333 ) ) ;
#4468 = ORIENTED_EDGE ( 'NONE', *, *, #807, .T. ) ;
#4469 = ORIENTED_EDGE ( 'NONE', *, *, #2047, .F. ) ;
#4470 = STYLED_ITEM ( 'NONE', ( #1514 ), #1890 ) ;
#4471 = STYLED_ITEM ( 'NONE', ( #2942 ), #1183 ) ;
#4472 = FACE_OUTER_BOUND ( 'NONE', #2944, .T. ) ;
#4473 = ORIENTED_EDGE ( 'NONE', *, *, #6200, .T. ) ;
#4474 = ORIENTED_EDGE ( 'NONE', *, *, #4592, .F. ) ;
#4475 = AXIS2_PLACEMENT_3D ( 'NONE', #5635, #918, #3506 ) ;
#4476 = PRESENTATION_STYLE_ASSIGNMENT (( #3861 ) ) ;
#4477 = ADVANCED_FACE ( 'NONE', ( #1613 ), #1245, .T. ) ;
#4478 = DIRECTION ( 'NONE',  ( 0.0000000000000000000, 0.0000000000000000000, -1.000000000000000000 ) ) ;
#4479 = FILL_AREA_STYLE ('',( #6004 ) ) ;
#4480 = SURFACE_STYLE_FILL_AREA ( #6443 ) ;
#4481 = MECHANICAL_DESIGN_GEOMETRIC_PRESENTATION_REPRESENTATION (  '', ( #2570 ), #1580 ) ;
#4482 = PRESENTATION_STYLE_ASSIGNMENT (( #1415 ) ) ;
#4483 = ORIENTED_EDGE ( 'NONE', *, *, #1278, .F. ) ;
#4484 = FILL_AREA_STYLE_COLOUR ( '', #5176 ) ;
#4485 = EDGE_CURVE ( 'NONE', #1172, #305, #4191, .T. ) ;
#4486 = CARTESIAN_POINT ( 'NONE',  ( 2.500000000000000888, -1.199999999999999734, -0.4700000000000001399 ) ) ;
#4487 = CARTESIAN_POINT ( 'NONE',  ( -2.400000000000001243, 1.200000000000000622, -0.5700000000000000622 ) ) ;
#4488 = VERTEX_POINT ( 'NONE', #589 ) ;
#4489 = CARTESIAN_POINT ( 'NONE',  ( 2.500000000000001776, -2.099999999999999645, -0.2999999999999997113 ) ) ;
#4490 =( LENGTH_UNIT ( ) NAMED_UNIT ( * ) SI_UNIT ( .MILLI., .METRE. ) );
#4491 = ORIENTED_EDGE ( 'NONE', *, *, #2054, .F. ) ;
#4492 = CARTESIAN_POINT ( 'NONE',  ( -1.146028625818473756, -0.6832195235787661414, 0.3500000000000000333 ) ) ;
#4493 = VERTEX_POINT ( 'NONE', #1749 ) ;
#4494 = PLANE ( 'NONE',  #214 ) ;
#4495 = CIRCLE ( 'NONE', #5154, 0.1000000000000002554 ) ;
#4496 = ORIENTED_EDGE ( 'NONE', *, *, #2156, .T. ) ;
#4497 = PRESENTATION_STYLE_ASSIGNMENT (( #5624 ) ) ;
#4498 = DIRECTION ( 'NONE',  ( -0.0000000000000000000, -0.0000000000000000000, -1.000000000000000000 ) ) ;
#4499 = ORIENTED_EDGE ( 'NONE', *, *, #5911, .T. ) ;
#4500 = VECTOR ( 'NONE', #272, 1000.000000000000000 ) ;
#4501 = ORIENTED_EDGE ( 'NONE', *, *, #2624, .F. ) ;
#4502 = LINE ( 'NONE', #6096, #6171 ) ;
#4503 = DIRECTION ( 'NONE',  ( -1.000000000000000000, 0.0000000000000000000, -3.071906155375592215E-15 ) ) ;
#4504 = UNCERTAINTY_MEASURE_WITH_UNIT (LENGTH_MEASURE( 1.000000000000000082E-05 ), #4264, 'distance_accuracy_value', 'NONE');
#4505 = UNCERTAINTY_MEASURE_WITH_UNIT (LENGTH_MEASURE( 1.000000000000000082E-05 ), #3101, 'distance_accuracy_value', 'NONE');
#4506 =( GEOMETRIC_REPRESENTATION_CONTEXT ( 3 ) GLOBAL_UNCERTAINTY_ASSIGNED_CONTEXT ( ( #5061 ) ) GLOBAL_UNIT_ASSIGNED_CONTEXT ( ( #1325, #5638, #4001 ) ) REPRESENTATION_CONTEXT ( 'NONE', 'WORKASPACE' ) );
#4507 = DIRECTION ( 'NONE',  ( -3.043374519257556424E-15, 0.0000000000000000000, 1.000000000000000000 ) ) ;
#4508 = DIRECTION ( 'NONE',  ( 0.0000000000000000000, 1.000000000000000000, 0.0000000000000000000 ) ) ;
#4509 = SURFACE_SIDE_STYLE ('',( #5415 ) ) ;
#4510 = CARTESIAN_POINT ( 'NONE',  ( -1.146028625818473756, -0.1370056143358102385, 0.3500000000000000333 ) ) ;
#4511 = EDGE_LOOP ( 'NONE', ( #3325, #308, #125, #2988 ) ) ;
#4512 = DIRECTION ( 'NONE',  ( -0.0000000000000000000, -1.000000000000000000, -0.0000000000000000000 ) ) ;
#4513 = VECTOR ( 'NONE', #3295, 1000.000000000000000 ) ;
#4514 = LINE ( 'NONE', #6595, #3799 ) ;
#4515 = LINE ( 'NONE', #4679, #2139 ) ;
#4516 =( LENGTH_UNIT ( ) NAMED_UNIT ( * ) SI_UNIT ( .MILLI., .METRE. ) );
#4517 =( LENGTH_UNIT ( ) NAMED_UNIT ( * ) SI_UNIT ( .MILLI., .METRE. ) );
#4518 = LINE ( 'NONE', #4035, #1402 ) ;
#4519 = ORIENTED_EDGE ( 'NONE', *, *, #5031, .F. ) ;
#4520 = EDGE_CURVE ( 'NONE', #4407, #3992, #3821, .T. ) ;
#4521 = DIRECTION ( 'NONE',  ( 0.7071067811865474617, 0.7071067811865474617, -0.0000000000000000000 ) ) ;
#4522 = DIRECTION ( 'NONE',  ( -1.000000000000000000, -0.0000000000000000000, -0.0000000000000000000 ) ) ;
#4523 = PLANE ( 'NONE',  #3477 ) ;
#4524 = ORIENTED_EDGE ( 'NONE', *, *, #6570, .F. ) ;
#4525 = CARTESIAN_POINT ( 'NONE',  ( 2.463314554501873310, 1.099999999999999423, -0.6999999999999999556 ) ) ;
#4526 = CARTESIAN_POINT ( 'NONE',  ( 0.0000000000000000000, 0.0000000000000000000, 0.0000000000000000000 ) ) ;
#4527 = LINE ( 'NONE', #5876, #3953 ) ;
#4528 = ORIENTED_EDGE ( 'NONE', *, *, #4616, .F. ) ;
#4529 = EDGE_CURVE ( 'NONE', #4404, #2239, #4922, .T. ) ;
#4530 = MECHANICAL_DESIGN_GEOMETRIC_PRESENTATION_REPRESENTATION (  '', ( #2075 ), #4425 ) ;
#4531 = ORIENTED_EDGE ( 'NONE', *, *, #4847, .T. ) ;
#4532 = PLANE ( 'NONE',  #1708 ) ;
#4533 = ORIENTED_EDGE ( 'NONE', *, *, #6339, .T. ) ;
#4534 = EDGE_CURVE ( 'NONE', #364, #4772, #6472, .T. ) ;
#4535 = ORIENTED_EDGE ( 'NONE', *, *, #5578, .T. ) ;
#4536 = DIRECTION ( 'NONE',  ( -1.000000000000000000, -0.0000000000000000000, -0.0000000000000000000 ) ) ;
#4537 = VECTOR ( 'NONE', #169, 1000.000000000000114 ) ;
#4538 = SURFACE_STYLE_FILL_AREA ( #1922 ) ;
#4539 = MECHANICAL_DESIGN_GEOMETRIC_PRESENTATION_REPRESENTATION (  '', ( #648 ), #417 ) ;
#4540 = PRESENTATION_STYLE_ASSIGNMENT (( #920 ) ) ;
#4541 = DIRECTION ( 'NONE',  ( 1.000000000000000000, 0.0000000000000000000, -3.071906155375592215E-15 ) ) ;
#4542 = AXIS2_PLACEMENT_3D ( 'NONE', #123, #3508, #4541 ) ;
#4543 = AXIS2_PLACEMENT_3D ( 'NONE', #2056, #3601, #6349 ) ;
#4544 = FACE_OUTER_BOUND ( 'NONE', #3202, .T. ) ;
#4545 = FACE_OUTER_BOUND ( 'NONE', #944, .T. ) ;
#4546 = AXIS2_PLACEMENT_3D ( 'NONE', #5515, #2867, #5004 ) ;
#4547 = SURFACE_STYLE_USAGE ( .BOTH. , #5714 ) ;
#4548 = EDGE_CURVE ( 'NONE', #6118, #3991, #1100, .T. ) ;
#4549 = CARTESIAN_POINT ( 'NONE',  ( -0.1415856775653445976, 0.4413501301401799304, 0.3500000000000000333 ) ) ;
#4550 = MECHANICAL_DESIGN_GEOMETRIC_PRESENTATION_REPRESENTATION (  '', ( #207 ), #1770 ) ;
#4551 = CARTESIAN_POINT ( 'NONE',  ( -1.971607025033961236, 0.8251250982098667919, 0.3500000000000000333 ) ) ;
#4552 = DIRECTION ( 'NONE',  ( -1.000000000000000000, 1.522241498270670007E-16, -0.0000000000000000000 ) ) ;
#4553 = ORIENTED_EDGE ( 'NONE', *, *, #3292, .T. ) ;
#4554 = FILL_AREA_STYLE ('',( #5148 ) ) ;
#4555 = CARTESIAN_POINT ( 'NONE',  ( 0.4838201673205150821, 0.2046747618464905827, 0.4500000000000000666 ) ) ;
#4556 = EDGE_CURVE ( 'NONE', #5955, #1394, #555, .T. ) ;
#4557 = CYLINDRICAL_SURFACE ( 'NONE', #1750, 0.5500000000000000444 ) ;
#4558 = CARTESIAN_POINT ( 'NONE',  ( -1.599999999999999645, 2.200000000000000178, -0.5699999999999999512 ) ) ;
#4559 = PRESENTATION_STYLE_ASSIGNMENT (( #236 ) ) ;
#4560 = FILL_AREA_STYLE ('',( #4043 ) ) ;
#4561 = ORIENTED_EDGE ( 'NONE', *, *, #5771, .T. ) ;
#4562 = ORIENTED_EDGE ( 'NONE', *, *, #2271, .T. ) ;
#4563 = EDGE_CURVE ( 'NONE', #2815, #4611, #3865, .T. ) ;
#4564 = DIRECTION ( 'NONE',  ( 0.0000000000000000000, -0.9986295347545739443, -0.05233595624294388321 ) ) ;
#4565 = LINE ( 'NONE', #6038, #764 ) ;
#4566 = ORIENTED_EDGE ( 'NONE', *, *, #4049, .T. ) ;
#4567 = CARTESIAN_POINT ( 'NONE',  ( 0.2838201673205150710, -0.2871897488101240459, 0.4500000000000000666 ) ) ;
#4568 = MECHANICAL_DESIGN_GEOMETRIC_PRESENTATION_REPRESENTATION (  '', ( #1565 ), #4251 ) ;
#4569 = EDGE_CURVE ( 'NONE', #1577, #2516, #4332, .T. ) ;
#4570 = LINE ( 'NONE', #6225, #5904 ) ;
#4571 = LINE ( 'NONE', #4348, #4093 ) ;
#4572 =( LENGTH_UNIT ( ) NAMED_UNIT ( * ) SI_UNIT ( .MILLI., .METRE. ) );
#4573 = CARTESIAN_POINT ( 'NONE',  ( 1.412305442492822749, 0.4570589046025523849, 0.3500000000000000333 ) ) ;
#4574 = CARTESIAN_POINT ( 'NONE',  ( -2.400000000000001243, 1.200000000000000622, -0.4699999999999998068 ) ) ;
#4575 =( NAMED_UNIT ( * ) PLANE_ANGLE_UNIT ( ) SI_UNIT ( $, .RADIAN. ) );
#4576 = VECTOR ( 'NONE', #4325, 1000.000000000000114 ) ;
#4577 = CARTESIAN_POINT ( 'NONE',  ( 0.2838201673205150710, 1.116322564166215559, 0.4500000000000000666 ) ) ;
#4578 = STYLED_ITEM ( 'NONE', ( #5337 ), #1299 ) ;
#4579 =( NAMED_UNIT ( * ) PLANE_ANGLE_UNIT ( ) SI_UNIT ( $, .RADIAN. ) );
#4580 = SURFACE_STYLE_USAGE ( .BOTH. , #4033 ) ;
#4581 = ORIENTED_EDGE ( 'NONE', *, *, #6364, .F. ) ;
#4582 = UNCERTAINTY_MEASURE_WITH_UNIT (LENGTH_MEASURE( 1.000000000000000082E-05 ), #640, 'distance_accuracy_value', 'NONE');
#4583 = CARTESIAN_POINT ( 'NONE',  ( 2.470127565808668990, 2.500000000000002220, -0.5699999999999999512 ) ) ;
#4584 = VECTOR ( 'NONE', #1158, 1000.000000000000114 ) ;
#4585 = FILL_AREA_STYLE ('',( #321 ) ) ;
#4586 = PRESENTATION_STYLE_ASSIGNMENT (( #1976 ) ) ;
#4587 = SURFACE_SIDE_STYLE ('',( #3558 ) ) ;
#4588 = AXIS2_PLACEMENT_3D ( 'NONE', #1609, #3748, #5398 ) ;
#4589 = ORIENTED_EDGE ( 'NONE', *, *, #4809, .T. ) ;
#4590 = ORIENTED_EDGE ( 'NONE', *, *, #1472, .T. ) ;
#4591 =( LENGTH_UNIT ( ) NAMED_UNIT ( * ) SI_UNIT ( .MILLI., .METRE. ) );
#4592 = EDGE_CURVE ( 'NONE', #5503, #5623, #6433, .T. ) ;
#4593 = EDGE_CURVE ( 'NONE', #3580, #2752, #2819, .T. ) ;
#4594 = VERTEX_POINT ( 'NONE', #2272 ) ;
#4595 =( NAMED_UNIT ( * ) SI_UNIT ( $, .STERADIAN. ) SOLID_ANGLE_UNIT ( ) );
#4596 = ORIENTED_EDGE ( 'NONE', *, *, #1216, .F. ) ;
#4597 = VECTOR ( 'NONE', #4388, 1000.000000000000000 ) ;
#4598 = CARTESIAN_POINT ( 'NONE',  ( -2.470127565808668990, 2.500000000000002220, -0.5699999999999999512 ) ) ;
#4599 = ORIENTED_EDGE ( 'NONE', *, *, #3019, .F. ) ;
#4600 = EDGE_CURVE ( 'NONE', #235, #6276, #1176, .T. ) ;
#4601 = MECHANICAL_DESIGN_GEOMETRIC_PRESENTATION_REPRESENTATION (  '', ( #3842 ), #6602 ) ;
#4602 = CARTESIAN_POINT ( 'NONE',  ( 1.930905544980987321, -0.8360159872360372058, 0.3500000000000000333 ) ) ;
#4603 = PLANE ( 'NONE',  #6109 ) ;
#4604 = FACE_OUTER_BOUND ( 'NONE', #2664, .T. ) ;
#4605 = MECHANICAL_DESIGN_GEOMETRIC_PRESENTATION_REPRESENTATION (  '', ( #726 ), #3404 ) ;
#4606 = FACE_OUTER_BOUND ( 'NONE', #3184, .T. ) ;
#4607 = EDGE_CURVE ( 'NONE', #2774, #6397, #172, .T. ) ;
#4608 = SURFACE_SIDE_STYLE ('',( #2479 ) ) ;
#4609 = STYLED_ITEM ( 'NONE', ( #5342 ), #4016 ) ;
#4610 = CARTESIAN_POINT ( 'NONE',  ( 2.500000000000002665, 1.200000000000000400, 0.0000000000000000000 ) ) ;
#4611 = VERTEX_POINT ( 'NONE', #775 ) ;
#4612 = FACE_OUTER_BOUND ( 'NONE', #1122, .T. ) ;
#4613 = EDGE_LOOP ( 'NONE', ( #5695, #6138, #3833, #212 ) ) ;
#4614 = CARTESIAN_POINT ( 'NONE',  ( -1.043697599916538765, -0.1584055984559433750, 0.4500000000000000666 ) ) ;
#4615 =( LENGTH_UNIT ( ) NAMED_UNIT ( * ) SI_UNIT ( .MILLI., .METRE. ) );
#4616 = EDGE_CURVE ( 'NONE', #1394, #2645, #2335, .T. ) ;
#4617 =( GEOMETRIC_REPRESENTATION_CONTEXT ( 3 ) GLOBAL_UNCERTAINTY_ASSIGNED_CONTEXT ( ( #6645 ) ) GLOBAL_UNIT_ASSIGNED_CONTEXT ( ( #5450, #1262, #4932 ) ) REPRESENTATION_CONTEXT ( 'NONE', 'WORKASPACE' ) );
#4618 = FACE_OUTER_BOUND ( 'NONE', #4627, .T. ) ;
#4619 = CARTESIAN_POINT ( 'NONE',  ( 0.5500000000000000444, -1.049999999999999822, -0.6999999999999999556 ) ) ;
#4620 = PRESENTATION_LAYER_ASSIGNMENT (  '', '', ( #1406 ) ) ;
#4621 = ORIENTED_EDGE ( 'NONE', *, *, #1552, .F. ) ;
#4622 =( NAMED_UNIT ( * ) SI_UNIT ( $, .STERADIAN. ) SOLID_ANGLE_UNIT ( ) );
#4623 = ORIENTED_EDGE ( 'NONE', *, *, #4657, .F. ) ;
#4624 = ORIENTED_EDGE ( 'NONE', *, *, #4176, .F. ) ;
#4625 = EDGE_LOOP ( 'NONE', ( #2266, #3366, #6244, #2278 ) ) ;
#4626 = LINE ( 'NONE', #4079, #3730 ) ;
#4627 = EDGE_LOOP ( 'NONE', ( #2399, #1471, #2639, #5847 ) ) ;
#4628 = STYLED_ITEM ( 'NONE', ( #3373 ), #5036 ) ;
#4629 = DIRECTION ( 'NONE',  ( -0.0000000000000000000, -0.0000000000000000000, -1.000000000000000000 ) ) ;
#4630 = UNCERTAINTY_MEASURE_WITH_UNIT (LENGTH_MEASURE( 1.000000000000000082E-05 ), #6768, 'distance_accuracy_value', 'NONE');
#4631 = ORIENTED_EDGE ( 'NONE', *, *, #2544, .T. ) ;
#4632 = DIRECTION ( 'NONE',  ( 1.000000000000000000, 0.0000000000000000000, 0.0000000000000000000 ) ) ;
#4633 = AXIS2_PLACEMENT_3D ( 'NONE', #27, #4327, #4914 ) ;
#4634 = CARTESIAN_POINT ( 'NONE',  ( 1.600000000000000089, -1.099999999999999867, -0.6999999999999999556 ) ) ;
#4635 = CYLINDRICAL_SURFACE ( 'NONE', #1901, 0.1499999999999999667 ) ;
#4636 =( NAMED_UNIT ( * ) PLANE_ANGLE_UNIT ( ) SI_UNIT ( $, .RADIAN. ) );
#4637 = EDGE_LOOP ( 'NONE', ( #2433, #6473, #5661, #38, #5801 ) ) ;
#4638 = EDGE_CURVE ( 'NONE', #2, #2276, #3955, .T. ) ;
#4639 =( NAMED_UNIT ( * ) SI_UNIT ( $, .STERADIAN. ) SOLID_ANGLE_UNIT ( ) );
#4640 = VECTOR ( 'NONE', #5989, 1000.000000000000000 ) ;
#4641 = CARTESIAN_POINT ( 'NONE',  ( -2.463314554501873754, 1.100000000000000089, -0.6999999999999999556 ) ) ;
#4642 = PRESENTATION_LAYER_ASSIGNMENT (  '', '', ( #4874 ) ) ;
#4643 = FILL_AREA_STYLE ('',( #5331 ) ) ;
#4644 = DIRECTION ( 'NONE',  ( 1.000000000000000000, 0.0000000000000000000, 0.0000000000000000000 ) ) ;
#4645 = FILL_AREA_STYLE ('',( #3030 ) ) ;
#4646 = EDGE_CURVE ( 'NONE', #4770, #3878, #5539, .T. ) ;
#4647 = ORIENTED_EDGE ( 'NONE', *, *, #4218, .F. ) ;
#4648 = DIRECTION ( 'NONE',  ( -1.000000000000000000, 2.710505431213759113E-16, -0.0000000000000000000 ) ) ;
#4649 =( NAMED_UNIT ( * ) SI_UNIT ( $, .STERADIAN. ) SOLID_ANGLE_UNIT ( ) );
#4650 = VERTEX_POINT ( 'NONE', #1891 ) ;
#4651 = UNCERTAINTY_MEASURE_WITH_UNIT (LENGTH_MEASURE( 1.000000000000000082E-05 ), #5202, 'distance_accuracy_value', 'NONE');
#4652 = FACE_OUTER_BOUND ( 'NONE', #202, .T. ) ;
#4653 = PRESENTATION_LAYER_ASSIGNMENT (  '', '', ( #1341 ) ) ;
#4654 =( GEOMETRIC_REPRESENTATION_CONTEXT ( 3 ) GLOBAL_UNCERTAINTY_ASSIGNED_CONTEXT ( ( #5685 ) ) GLOBAL_UNIT_ASSIGNED_CONTEXT ( ( #1114, #2794, #3288 ) ) REPRESENTATION_CONTEXT ( 'NONE', 'WORKASPACE' ) );
#4655 = FILL_AREA_STYLE_COLOUR ( '', #5119 ) ;
#4657 = EDGE_CURVE ( 'NONE', #1172, #3568, #3530, .T. ) ;
#4656 = DIRECTION ( 'NONE',  ( -8.673617379884033894E-15, 0.0000000000000000000, 1.000000000000000000 ) ) ;
#4658 = ORIENTED_EDGE ( 'NONE', *, *, #4112, .T. ) ;
#4659 = PRESENTATION_STYLE_ASSIGNMENT (( #942 ) ) ;
#4660 = PRODUCT_CONTEXT ( 'NONE', #4155, 'mechanical' ) ;
#4661 = CARTESIAN_POINT ( 'NONE',  ( 1.700000000000000622, -1.199999999999999734, -0.5699999999999999512 ) ) ;
#4662 = FILL_AREA_STYLE_COLOUR ( '', #4836 ) ;
#4663 =( GEOMETRIC_REPRESENTATION_CONTEXT ( 3 ) GLOBAL_UNCERTAINTY_ASSIGNED_CONTEXT ( ( #2549 ) ) GLOBAL_UNIT_ASSIGNED_CONTEXT ( ( #5135, #3964, #6107 ) ) REPRESENTATION_CONTEXT ( 'NONE', 'WORKASPACE' ) );
#4664 = ORIENTED_EDGE ( 'NONE', *, *, #6263, .T. ) ;
#4665 = ORIENTED_EDGE ( 'NONE', *, *, #5771, .F. ) ;
#4666 = CARTESIAN_POINT ( 'NONE',  ( -1.600000000000000311, -2.199999999999999734, -0.6999999999999999556 ) ) ;
#4667 = CARTESIAN_POINT ( 'NONE',  ( 1.562305442492822882, -0.6860159872360381828, 0.3000000000000000444 ) ) ;
#4668 = EDGE_LOOP ( 'NONE', ( #2402, #1372, #3358, #3495, #5666, #104 ) ) ;
#4669 = FACE_OUTER_BOUND ( 'NONE', #6445, .T. ) ;
#4670 = LINE ( 'NONE', #4708, #1330 ) ;
#4671 = VERTEX_POINT ( 'NONE', #3468 ) ;
#4672 = DIRECTION ( 'NONE',  ( -1.000000000000000000, 0.0000000000000000000, -3.252606517456505019E-15 ) ) ;
#4673 = VECTOR ( 'NONE', #2932, 1000.000000000000000 ) ;
#4674 = DIRECTION ( 'NONE',  ( 0.0000000000000000000, 0.0000000000000000000, 1.000000000000000000 ) ) ;
#4675 = PLANE ( 'NONE',  #3172 ) ;
#4676 = CARTESIAN_POINT ( 'NONE',  ( 0.2838201673205150710, -0.2871897488101240459, 0.3500000000000000333 ) ) ;
#4677 = CIRCLE ( 'NONE', #1139, 1.699999999999999956 ) ;
#4678 = LINE ( 'NONE', #3610, #3709 ) ;
#4679 = CARTESIAN_POINT ( 'NONE',  ( -0.03316504619021998224, 2.110000814877110997, 0.3500000000000000333 ) ) ;
#4680 =( NAMED_UNIT ( * ) PLANE_ANGLE_UNIT ( ) SI_UNIT ( $, .RADIAN. ) );
#4681 = SURFACE_STYLE_USAGE ( .BOTH. , #2541 ) ;
#4682 =( NAMED_UNIT ( * ) PLANE_ANGLE_UNIT ( ) SI_UNIT ( $, .RADIAN. ) );
#4684 = EDGE_CURVE ( 'NONE', #5377, #6389, #4502, .T. ) ;
#4683 = STYLED_ITEM ( 'NONE', ( #5194 ), #1023 ) ;
#4685 = EDGE_CURVE ( 'NONE', #1309, #6033, #2949, .T. ) ;
#4686 = FILL_AREA_STYLE ('',( #5825 ) ) ;
#4687 = COLOUR_RGB ( '',0.8313725490196077761, 0.8392156862745098200, 0.8313725490196077761 ) ;
#4688 = EDGE_LOOP ( 'NONE', ( #2575, #5725, #3529, #2508 ) ) ;
#4690 = COLOUR_RGB ( '',1.000000000000000000, 1.000000000000000000, 1.000000000000000000 ) ;
#4689 =( NAMED_UNIT ( * ) PLANE_ANGLE_UNIT ( ) SI_UNIT ( $, .RADIAN. ) );
#4691 = ORIENTED_EDGE ( 'NONE', *, *, #3381, .T. ) ;
#4692 = SURFACE_SIDE_STYLE ('',( #3003 ) ) ;
#4693 = ADVANCED_FACE ( 'NONE', ( #5096 ), #6284, .F. ) ;
#4694 =( GEOMETRIC_REPRESENTATION_CONTEXT ( 3 ) GLOBAL_UNCERTAINTY_ASSIGNED_CONTEXT ( ( #2542 ) ) GLOBAL_UNIT_ASSIGNED_CONTEXT ( ( #5374, #4240, #3757 ) ) REPRESENTATION_CONTEXT ( 'NONE', 'WORKASPACE' ) );
#4695 = VECTOR ( 'NONE', #2441, 1000.000000000000000 ) ;
#4696 =( NAMED_UNIT ( * ) PLANE_ANGLE_UNIT ( ) SI_UNIT ( $, .RADIAN. ) );
#4697 = CARTESIAN_POINT ( 'NONE',  ( 1.600000000000000089, -1.099999999999999867, -0.6999999999999999556 ) ) ;
#4698 = ORIENTED_EDGE ( 'NONE', *, *, #2677, .T. ) ;
#4699 = FILL_AREA_STYLE_COLOUR ( '', #1527 ) ;
#4700 = CARTESIAN_POINT ( 'NONE',  ( 2.500000000000002220, -2.099999999999999645, 0.0000000000000000000 ) ) ;
#4701 = DIRECTION ( 'NONE',  ( -1.000000000000000000, -0.0000000000000000000, -0.0000000000000000000 ) ) ;
#4702 = EDGE_CURVE ( 'NONE', #255, #4404, #1519, .T. ) ;
#4703 =( GEOMETRIC_REPRESENTATION_CONTEXT ( 3 ) GLOBAL_UNCERTAINTY_ASSIGNED_CONTEXT ( ( #108 ) ) GLOBAL_UNIT_ASSIGNED_CONTEXT ( ( #1509, #5230, #6597 ) ) REPRESENTATION_CONTEXT ( 'NONE', 'WORKASPACE' ) );
#4704 = ORIENTED_EDGE ( 'NONE', *, *, #2011, .F. ) ;
#4705 =( NAMED_UNIT ( * ) SI_UNIT ( $, .STERADIAN. ) SOLID_ANGLE_UNIT ( ) );
#4706 = DIRECTION ( 'NONE',  ( 1.000000000000000000, -0.0000000000000000000, -0.0000000000000000000 ) ) ;
#4707 = ORIENTED_EDGE ( 'NONE', *, *, #5912, .T. ) ;
#4708 = CARTESIAN_POINT ( 'NONE',  ( -1.700000000000000622, 2.100000000000000089, -0.7699999999999999067 ) ) ;
#4709 = VECTOR ( 'NONE', #6120, 1000.000000000000000 ) ;
#4710 = CARTESIAN_POINT ( 'NONE',  ( -2.700000000000000622, -1.199999999999999734, -0.5700000000000006173 ) ) ;
#4711 = CARTESIAN_POINT ( 'NONE',  ( -2.500000000000002220, 1.200000000000000622, 0.0000000000000000000 ) ) ;
#4712 = CARTESIAN_POINT ( 'NONE',  ( 1.699999999999999956, 0.0000000000000000000, 0.3000000000000000444 ) ) ;
#4713 = VECTOR ( 'NONE', #4706, 1000.000000000000000 ) ;
#4714 = CARTESIAN_POINT ( 'NONE',  ( -2.430009069179262848, -2.500000000000002220, 0.8000000000000000444 ) ) ;
#4715 = CARTESIAN_POINT ( 'NONE',  ( -2.463314554501873310, 0.0000000000000000000, -0.6999999999999999556 ) ) ;
#4716 =( NAMED_UNIT ( * ) PLANE_ANGLE_UNIT ( ) SI_UNIT ( $, .RADIAN. ) );
#4717 = ORIENTED_EDGE ( 'NONE', *, *, #211, .T. ) ;
#4718 = COLOUR_RGB ( '',0.8313725490196077761, 0.8392156862745098200, 0.8313725490196077761 ) ;
#4719 =( NAMED_UNIT ( * ) PLANE_ANGLE_UNIT ( ) SI_UNIT ( $, .RADIAN. ) );
#4720 = CARTESIAN_POINT ( 'NONE',  ( 0.0000000000000000000, 0.0000000000000000000, 0.3007161552948416916 ) ) ;
#4721 = CARTESIAN_POINT ( 'NONE',  ( 1.262305442492821728, 0.6070589046025534063, 0.3000000000000000444 ) ) ;
#4722 = PRESENTATION_LAYER_ASSIGNMENT (  '', '', ( #726 ) ) ;
#4723 = SURFACE_STYLE_FILL_AREA ( #3549 ) ;
#4724 = LINE ( 'NONE', #4169, #1606 ) ;
#4725 = EDGE_LOOP ( 'NONE', ( #264, #5151, #2369, #1853, #6846 ) ) ;
#4726 = UNCERTAINTY_MEASURE_WITH_UNIT (LENGTH_MEASURE( 1.000000000000000082E-05 ), #5284, 'distance_accuracy_value', 'NONE');
#4727 = FILL_AREA_STYLE_COLOUR ( '', #508 ) ;
#4728 = DIRECTION ( 'NONE',  ( -0.05233595624294388321, 0.0000000000000000000, -0.9986295347545739443 ) ) ;
#4729 = SURFACE_STYLE_USAGE ( .BOTH. , #4864 ) ;
#4730 = DIRECTION ( 'NONE',  ( 0.0000000000000000000, 0.0000000000000000000, 1.000000000000000000 ) ) ;
#4731 = EDGE_LOOP ( 'NONE', ( #6030, #1118, #6860, #1615 ) ) ;
#4732 = SURFACE_SIDE_STYLE ('',( #503 ) ) ;
#4733 = EDGE_CURVE ( 'NONE', #5060, #3591, #6388, .T. ) ;
#4734 = VERTEX_POINT ( 'NONE', #366 ) ;
#4735 = COLOUR_RGB ( '',0.8313725490196077761, 0.8392156862745098200, 0.8313725490196077761 ) ;
#4736 = PLANE ( 'NONE',  #5602 ) ;
#4737 = SURFACE_STYLE_USAGE ( .BOTH. , #5879 ) ;
#4738 = AXIS2_PLACEMENT_3D ( 'NONE', #120, #2871, #5007 ) ;
#4739 = ORIENTED_EDGE ( 'NONE', *, *, #2183, .T. ) ;
#4740 = DIRECTION ( 'NONE',  ( 0.0000000000000000000, 1.000000000000000000, 0.0000000000000000000 ) ) ;
#4741 = ORIENTED_EDGE ( 'NONE', *, *, #1124, .T. ) ;
#4742 = CARTESIAN_POINT ( 'NONE',  ( -2.500000000000001776, -1.199999999999999734, -0.2999999999999997113 ) ) ;
#4743 = DIRECTION ( 'NONE',  ( 0.0000000000000000000, 1.000000000000000000, 0.0000000000000000000 ) ) ;
#4744 = COLOUR_RGB ( '',0.8980392156862745390, 0.9215686274509803377, 0.9294117647058823817 ) ;
#4745 = DIRECTION ( 'NONE',  ( 0.0000000000000000000, 1.000000000000000000, 0.0000000000000000000 ) ) ;
#4746 = DIRECTION ( 'NONE',  ( -0.0000000000000000000, -0.0000000000000000000, -1.000000000000000000 ) ) ;
#4747 = MECHANICAL_DESIGN_GEOMETRIC_PRESENTATION_REPRESENTATION (  '', ( #2617 ), #3528 ) ;
#4748 = ADVANCED_FACE ( 'NONE', ( #4114 ), #1438, .F. ) ;
#4749 = SURFACE_STYLE_USAGE ( .BOTH. , #5266 ) ;
#4750 = ORIENTED_EDGE ( 'NONE', *, *, #95, .F. ) ;
#4751 = AXIS2_PLACEMENT_3D ( 'NONE', #5807, #950, #6771 ) ;
#4752 =( LENGTH_UNIT ( ) NAMED_UNIT ( * ) SI_UNIT ( .MILLI., .METRE. ) );
#4753 = CARTESIAN_POINT ( 'NONE',  ( 0.3603187164337338100, 0.8251250982098667919, 0.3000000000000000444 ) ) ;
#4754 = CIRCLE ( 'NONE', #1755, 0.1000000000000000194 ) ;
#4755 = FILL_AREA_STYLE_COLOUR ( '', #2311 ) ;
#4756 = AXIS2_PLACEMENT_3D ( 'NONE', #6346, #4147, #5157 ) ;
#4757 = EDGE_LOOP ( 'NONE', ( #6852, #538, #4216, #5957 ) ) ;
#4758 = FACE_OUTER_BOUND ( 'NONE', #1857, .T. ) ;
#4759 = EDGE_LOOP ( 'NONE', ( #2681, #6730, #2019, #1627 ) ) ;
#4760 = DIRECTION ( 'NONE',  ( 1.000000000000000000, -2.409338161078899674E-16, 0.0000000000000000000 ) ) ;
#4761 = VECTOR ( 'NONE', #4746, 1000.000000000000000 ) ;
#4762 = CARTESIAN_POINT ( 'NONE',  ( 1.600000000000000533, 2.200000000000000178, -0.5699999999999999512 ) ) ;
#4763 = DIRECTION ( 'NONE',  ( 1.000000000000000000, -0.0000000000000000000, -0.0000000000000000000 ) ) ;
#4764 = DIRECTION ( 'NONE',  ( 1.000000000000000000, 0.0000000000000000000, -3.252606517456519613E-15 ) ) ;
#4765 = DIRECTION ( 'NONE',  ( 1.000000000000000000, 0.0000000000000000000, 0.0000000000000000000 ) ) ;
#4766 = EDGE_CURVE ( 'NONE', #5814, #5950, #6383, .T. ) ;
#4767 = EDGE_CURVE ( 'NONE', #3689, #2805, #2951, .T. ) ;
#4768 = LINE ( 'NONE', #4357, #5310 ) ;
#4769 = SURFACE_STYLE_FILL_AREA ( #2704 ) ;
#4770 = VERTEX_POINT ( 'NONE', #2635 ) ;
#4771 = PLANE ( 'NONE',  #5589 ) ;
#4772 = VERTEX_POINT ( 'NONE', #4358 ) ;
#4773 = LINE ( 'NONE', #4710, #5140 ) ;
#4774 = MECHANICAL_DESIGN_GEOMETRIC_PRESENTATION_REPRESENTATION (  '', ( #6207 ), #1240 ) ;
#4775 = ADVANCED_FACE ( 'NONE', ( #1086 ), #5946, .T. ) ;
#4776 = ORIENTED_EDGE ( 'NONE', *, *, #2973, .T. ) ;
#4777 = LINE ( 'NONE', #556, #121 ) ;
#4778 = ORIENTED_EDGE ( 'NONE', *, *, #6084, .T. ) ;
#4779 =( LENGTH_UNIT ( ) NAMED_UNIT ( * ) SI_UNIT ( .MILLI., .METRE. ) );
#4780 =( LENGTH_UNIT ( ) NAMED_UNIT ( * ) SI_UNIT ( .MILLI., .METRE. ) );
#4781 = UNCERTAINTY_MEASURE_WITH_UNIT (LENGTH_MEASURE( 1.000000000000000082E-05 ), #1345, 'distance_accuracy_value', 'NONE');
#4782 = EDGE_LOOP ( 'NONE', ( #3874, #6369, #5449, #4553, #2037, #3624 ) ) ;
#4783 = CARTESIAN_POINT ( 'NONE',  ( 0.2103187164337327886, -2.056952929731181712, 0.3000000000000000444 ) ) ;
#4784 = ADVANCED_FACE ( 'NONE', ( #5388 ), #2738, .T. ) ;
#4785 = LINE ( 'NONE', #1622, #5332 ) ;
#4786 =( NAMED_UNIT ( * ) SI_UNIT ( $, .STERADIAN. ) SOLID_ANGLE_UNIT ( ) );
#4787 = CARTESIAN_POINT ( 'NONE',  ( -0.03316504619021998224, -0.1370056143358100720, 0.3000000000000000444 ) ) ;
#4788 = PRESENTATION_STYLE_ASSIGNMENT (( #4165 ) ) ;
#4789 =( NAMED_UNIT ( * ) SI_UNIT ( $, .STERADIAN. ) SOLID_ANGLE_UNIT ( ) );
#4790 = LINE ( 'NONE', #4277, #5939 ) ;
#4791 = ORIENTED_EDGE ( 'NONE', *, *, #1706, .F. ) ;
#4792 = DIRECTION ( 'NONE',  ( 3.043374519257556424E-15, -0.0000000000000000000, -1.000000000000000000 ) ) ;
#4793 =( NAMED_UNIT ( * ) SI_UNIT ( $, .STERADIAN. ) SOLID_ANGLE_UNIT ( ) );
#4794 = LINE ( 'NONE', #52, #2440 ) ;
#4795 = VECTOR ( 'NONE', #4210, 1000.000000000000000 ) ;
#4796 = DIRECTION ( 'NONE',  ( 4.818676322157797375E-16, -1.000000000000000000, -1.466503673540475756E-30 ) ) ;
#4797 = DIRECTION ( 'NONE',  ( 0.0000000000000000000, 0.0000000000000000000, -1.000000000000000000 ) ) ;
#4798 = CARTESIAN_POINT ( 'NONE',  ( -0.1831650461902210869, -0.2870056143358111767, 0.3500000000000000333 ) ) ;
#4799 = ORIENTED_EDGE ( 'NONE', *, *, #3380, .T. ) ;
#4800 = UNCERTAINTY_MEASURE_WITH_UNIT (LENGTH_MEASURE( 1.000000000000000082E-05 ), #2114, 'distance_accuracy_value', 'NONE');
#4801 = FILL_AREA_STYLE_COLOUR ( '', #489 ) ;
#4802 = SURFACE_SIDE_STYLE ('',( #5910 ) ) ;
#4803 = FACE_OUTER_BOUND ( 'NONE', #2131, .T. ) ;
#4804 = DIRECTION ( 'NONE',  ( -1.000000000000000000, 0.0000000000000000000, 0.0000000000000000000 ) ) ;
#4805 = ORIENTED_EDGE ( 'NONE', *, *, #494, .T. ) ;
#4806 = LINE ( 'NONE', #704, #4203 ) ;
#4807 = LINE ( 'NONE', #4948, #2586 ) ;
#4808 = PRESENTATION_STYLE_ASSIGNMENT (( #1988 ) ) ;
#4809 = EDGE_CURVE ( 'NONE', #2985, #873, #132, .T. ) ;
#4810 = CARTESIAN_POINT ( 'NONE',  ( -0.03316504619021998224, -0.1370056143358100720, 0.3500000000000000333 ) ) ;
#4811 = EDGE_CURVE ( 'NONE', #273, #5371, #2298, .T. ) ;
#4812 = ORIENTED_EDGE ( 'NONE', *, *, #1681, .F. ) ;
#4813 = DIRECTION ( 'NONE',  ( -1.000000000000000000, -0.0000000000000000000, -0.0000000000000000000 ) ) ;
#4814 = CARTESIAN_POINT ( 'NONE',  ( 1.262305442492821728, 0.6070589046025534063, 0.3500000000000000333 ) ) ;
#4815 = ORIENTED_EDGE ( 'NONE', *, *, #5924, .T. ) ;
#4816 = CARTESIAN_POINT ( 'NONE',  ( -0.03316504619021998224, -0.6832195235787661414, 0.3500000000000000333 ) ) ;
#4817 = DIRECTION ( 'NONE',  ( -1.000000000000000000, 4.818676322157797375E-16, -3.047392128993071134E-15 ) ) ;
#4818 = ORIENTED_EDGE ( 'NONE', *, *, #1141, .F. ) ;
#4819 = FILL_AREA_STYLE ('',( #5329 ) ) ;
#4820 = ADVANCED_FACE ( 'NONE', ( #1882 ), #4557, .F. ) ;
#4821 = ORIENTED_EDGE ( 'NONE', *, *, #2623, .F. ) ;
#4822 = VECTOR ( 'NONE', #4498, 1000.000000000000000 ) ;
#4823 = DIRECTION ( 'NONE',  ( 0.0000000000000000000, 0.0000000000000000000, 1.000000000000000000 ) ) ;
#4824 = DIRECTION ( 'NONE',  ( 1.000000000000000000, 0.0000000000000000000, 0.0000000000000000000 ) ) ;
#4825 = PRESENTATION_STYLE_ASSIGNMENT (( #565 ) ) ;
#4826 =( LENGTH_UNIT ( ) NAMED_UNIT ( * ) SI_UNIT ( .MILLI., .METRE. ) );
#4827 = VERTEX_POINT ( 'NONE', #6055 ) ;
#4828 = FILL_AREA_STYLE ('',( #3261 ) ) ;
#4829 = DIRECTION ( 'NONE',  ( 0.0000000000000000000, 1.000000000000000000, 0.0000000000000000000 ) ) ;
#4830 = CARTESIAN_POINT ( 'NONE',  ( -1.700000000000000400, -2.099999999999999645, -0.5699999999999999512 ) ) ;
#4831 = LINE ( 'NONE', #18, #3994 ) ;
#4832 = ORIENTED_EDGE ( 'NONE', *, *, #2938, .T. ) ;
#4833 = LINE ( 'NONE', #2628, #3396 ) ;
#4834 = ADVANCED_FACE ( 'NONE', ( #730 ), #200, .F. ) ;
#4835 = VERTEX_POINT ( 'NONE', #5590 ) ;
#4836 = COLOUR_RGB ( '',0.8313725490196077761, 0.8392156862745098200, 0.8313725490196077761 ) ;
#4837 = SURFACE_SIDE_STYLE ('',( #575 ) ) ;
#4838 = FACE_OUTER_BOUND ( 'NONE', #5804, .T. ) ;
#4839 = SURFACE_SIDE_STYLE ('',( #4769 ) ) ;
#4840 = FILL_AREA_STYLE ('',( #5982 ) ) ;
#4841 = VECTOR ( 'NONE', #5908, 1000.000000000000000 ) ;
#4842 = CARTESIAN_POINT ( 'NONE',  ( 1.600000000000000089, -1.099999999999999867, -0.5699999999999999512 ) ) ;
#4843 = EDGE_LOOP ( 'NONE', ( #5044, #6256, #4982, #5162 ) ) ;
#4844 = DIRECTION ( 'NONE',  ( 0.0000000000000000000, -0.0000000000000000000, 1.000000000000000000 ) ) ;
#4845 = VECTOR ( 'NONE', #6521, 1000.000000000000000 ) ;
#4846 = VERTEX_POINT ( 'NONE', #3759 ) ;
#4847 = EDGE_CURVE ( 'NONE', #581, #2463, #3763, .T. ) ;
#4848 = DIRECTION ( 'NONE',  ( 1.971276677246371272E-16, 1.000000000000000000, -0.0000000000000000000 ) ) ;
#4849 = ORIENTED_EDGE ( 'NONE', *, *, #2400, .T. ) ;
#4850 = CARTESIAN_POINT ( 'NONE',  ( 0.0000000000000000000, 0.0000000000000000000, -0.5699999999999999512 ) ) ;
#4851 = DIRECTION ( 'NONE',  ( 2.353123974012615482E-15, -1.000000000000000000, 0.0000000000000000000 ) ) ;
#4852 = VECTOR ( 'NONE', #2130, 1000.000000000000000 ) ;
#4853 = ORIENTED_EDGE ( 'NONE', *, *, #3583, .T. ) ;
#4854 = VECTOR ( 'NONE', #878, 1000.000000000000000 ) ;
#4855 = CARTESIAN_POINT ( 'NONE',  ( 0.5500000000000001554, 1.049999999999999822, -0.5699999999999999512 ) ) ;
#4856 = EDGE_CURVE ( 'NONE', #5734, #5060, #5299, .T. ) ;
#4857 = EDGE_CURVE ( 'NONE', #1934, #6642, #359, .T. ) ;
#4858 = CARTESIAN_POINT ( 'NONE',  ( 2.400000000000001243, -1.199999999999999734, -0.4699999999999998068 ) ) ;
#4859 = FILL_AREA_STYLE_COLOUR ( '', #1887 ) ;
#4860 = DIRECTION ( 'NONE',  ( -4.818676322157797375E-16, 1.000000000000000000, 1.466503673540475756E-30 ) ) ;
#4861 = ORIENTED_EDGE ( 'NONE', *, *, #3860, .T. ) ;
#4862 = PRESENTATION_LAYER_ASSIGNMENT (  '', '', ( #5968 ) ) ;
#4863 = LINE ( 'NONE', #5341, #4865 ) ;
#4864 = SURFACE_SIDE_STYLE ('',( #6413 ) ) ;
#4865 = VECTOR ( 'NONE', #5305, 1000.000000000000000 ) ;
#4866 = EDGE_CURVE ( 'NONE', #6147, #6397, #2654, .T. ) ;
#4867 = MECHANICAL_DESIGN_GEOMETRIC_PRESENTATION_REPRESENTATION (  '', ( #6525 ), #6184 ) ;
#4868 = DIRECTION ( 'NONE',  ( 0.0000000000000000000, 1.000000000000000000, 0.0000000000000000000 ) ) ;
#4869 = CARTESIAN_POINT ( 'NONE',  ( 2.700000000000001954, 1.301042606982606110E-15, -0.4700000000000007505 ) ) ;
#4870 = LINE ( 'NONE', #90, #6295 ) ;
#4871 = PRESENTATION_STYLE_ASSIGNMENT (( #2292 ) ) ;
#4872 = CARTESIAN_POINT ( 'NONE',  ( 0.2838201673205150710, 0.2046747618464905827, 0.4500000000000000666 ) ) ;
#4873 = COLOUR_RGB ( '',0.8980392156862745390, 0.9215686274509803377, 0.9294117647058823817 ) ;
#4874 = STYLED_ITEM ( 'NONE', ( #3230 ), #5501 ) ;
#4875 = EDGE_CURVE ( 'NONE', #4594, #459, #5826, .T. ) ;
#4876 = CARTESIAN_POINT ( 'NONE',  ( 2.700000000000001510, -2.099999999999999645, -0.4700000000000008060 ) ) ;
#4877 = STYLED_ITEM ( 'NONE', ( #3298 ), #6547 ) ;
#4878 = ORIENTED_EDGE ( 'NONE', *, *, #4045, .F. ) ;
#4879 = PLANE ( 'NONE',  #4633 ) ;
#4880 = CARTESIAN_POINT ( 'NONE',  ( 1.262305442492821728, 0.6070589046025534063, 0.3000000000000000444 ) ) ;
#4881 = VERTEX_POINT ( 'NONE', #6242 ) ;
#4882 = FILL_AREA_STYLE ('',( #168 ) ) ;
#4883 = AXIS2_PLACEMENT_3D ( 'NONE', #1729, #563, #41 ) ;
#4884 = VERTEX_POINT ( 'NONE', #1977 ) ;
#4885 = DIRECTION ( 'NONE',  ( 0.0000000000000000000, 1.000000000000000000, 0.0000000000000000000 ) ) ;
#4886 = EDGE_LOOP ( 'NONE', ( #2026, #3762, #1182, #3702 ) ) ;
#4887 = CARTESIAN_POINT ( 'NONE',  ( 1.930905544980987321, -0.8360159872360372058, 0.3500000000000000333 ) ) ;
#4888 = ORIENTED_EDGE ( 'NONE', *, *, #1929, .F. ) ;
#4889 = PLANE ( 'NONE',  #1955 ) ;
#4890 = CARTESIAN_POINT ( 'NONE',  ( -2.500000000000001776, -1.199999999999999734, -0.2999999999999997113 ) ) ;
#4891 = SURFACE_SIDE_STYLE ('',( #6616 ) ) ;
#4892 = CARTESIAN_POINT ( 'NONE',  ( 2.471716000805965763, -1.199999999999999734, -0.5396908546970038412 ) ) ;
#4893 = VECTOR ( 'NONE', #4522, 1000.000000000000000 ) ;
#4894 = PLANE ( 'NONE',  #976 ) ;
#4895 =( NAMED_UNIT ( * ) PLANE_ANGLE_UNIT ( ) SI_UNIT ( $, .RADIAN. ) );
#4896 = CARTESIAN_POINT ( 'NONE',  ( -2.000000000000002220, 2.449293598294709373E-16, 0.8000000000000000444 ) ) ;
#4897 = ORIENTED_EDGE ( 'NONE', *, *, #1497, .F. ) ;
#4898 = SURFACE_SIDE_STYLE ('',( #2072 ) ) ;
#4899 = CARTESIAN_POINT ( 'NONE',  ( -2.463314554501873310, 0.0000000000000000000, -0.6999999999999999556 ) ) ;
#4900 = EDGE_CURVE ( 'NONE', #6023, #1577, #1422, .T. ) ;
#4901 = EDGE_CURVE ( 'NONE', #5782, #3736, #6394, .T. ) ;
#4902 = CARTESIAN_POINT ( 'NONE',  ( 1.600000000000000311, 1.099999999999999867, -0.5699999999999999512 ) ) ;
#4903 = PLANE ( 'NONE',  #413 ) ;
#4904 = LINE ( 'NONE', #4421, #6469 ) ;
#4905 = ORIENTED_EDGE ( 'NONE', *, *, #6314, .T. ) ;
#4907 = VECTOR ( 'NONE', #314, 1000.000000000000000 ) ;
#4906 = CARTESIAN_POINT ( 'NONE',  ( -2.400000000000001243, 2.100000000000000089, -0.4699999999999998068 ) ) ;
#4908 = DIRECTION ( 'NONE',  ( 0.0000000000000000000, 0.0000000000000000000, -1.000000000000000000 ) ) ;
#4909 = EDGE_LOOP ( 'NONE', ( #547, #5701, #5886, #3192 ) ) ;
#4910 = EDGE_CURVE ( 'NONE', #836, #2, #3557, .T. ) ;
#4911 = VECTOR ( 'NONE', #829, 1000.000000000000114 ) ;
#4912 = CARTESIAN_POINT ( 'NONE',  ( -1.680009069179262626, 2.500000000000002220, 1.750070525410787692E-16 ) ) ;
#4913 = LINE ( 'NONE', #3355, #6853 ) ;
#4914 = DIRECTION ( 'NONE',  ( 0.0000000000000000000, 0.0000000000000000000, 1.000000000000000000 ) ) ;
#4915 = CARTESIAN_POINT ( 'NONE',  ( 2.500000000000001776, -1.199999999999999734, -0.2999999999999997113 ) ) ;
#4916 = ORIENTED_EDGE ( 'NONE', *, *, #5705, .F. ) ;
#4917 = DIRECTION ( 'NONE',  ( 2.409338161078899674E-16, 1.000000000000000000, -0.0000000000000000000 ) ) ;
#4918 = AXIS2_PLACEMENT_3D ( 'NONE', #6461, #5389, #98 ) ;
#4919 = PLANE ( 'NONE',  #701 ) ;
#4920 = AXIS2_PLACEMENT_3D ( 'NONE', #4085, #6158, #884 ) ;
#4921 = ORIENTED_EDGE ( 'NONE', *, *, #6460, .F. ) ;
#4922 = LINE ( 'NONE', #6507, #5184 ) ;
#4923 = DIRECTION ( 'NONE',  ( -0.0000000000000000000, -0.0000000000000000000, -1.000000000000000000 ) ) ;
#4924 = DIRECTION ( 'NONE',  ( 1.000000000000000000, 0.0000000000000000000, 0.0000000000000000000 ) ) ;
#4925 = VECTOR ( 'NONE', #4262, 1000.000000000000000 ) ;
#4926 = ORIENTED_EDGE ( 'NONE', *, *, #6042, .F. ) ;
#4927 = CARTESIAN_POINT ( 'NONE',  ( 1.700000000000000400, -2.099999999999999645, -0.5699999999999999512 ) ) ;
#4928 =( NAMED_UNIT ( * ) SI_UNIT ( $, .STERADIAN. ) SOLID_ANGLE_UNIT ( ) );
#4929 = AXIS2_PLACEMENT_3D ( 'NONE', #1964, #5010, #5197 ) ;
#4930 = FACE_OUTER_BOUND ( 'NONE', #4259, .T. ) ;
#4931 = FILL_AREA_STYLE ('',( #493 ) ) ;
#4932 =( NAMED_UNIT ( * ) SI_UNIT ( $, .STERADIAN. ) SOLID_ANGLE_UNIT ( ) );
#4933 = STYLED_ITEM ( 'NONE', ( #3890 ), #2785 ) ;
#4934 = CARTESIAN_POINT ( 'NONE',  ( 0.3603187164337338100, 0.8251250982098667919, 0.3000000000000000444 ) ) ;
#4935 = VECTOR ( 'NONE', #1595, 1000.000000000000114 ) ;
#4936 = VECTOR ( 'NONE', #4188, 1000.000000000000000 ) ;
#4937 = VERTEX_POINT ( 'NONE', #326 ) ;
#4938 = FILL_AREA_STYLE_COLOUR ( '', #4438 ) ;
#4939 = CARTESIAN_POINT ( 'NONE',  ( -2.500000000000002220, 2.500000000000002220, 0.0000000000000000000 ) ) ;
#4940 = ORIENTED_EDGE ( 'NONE', *, *, #790, .T. ) ;
#4941 = DIRECTION ( 'NONE',  ( 0.0000000000000000000, 0.0000000000000000000, -1.000000000000000000 ) ) ;
#4942 = CARTESIAN_POINT ( 'NONE',  ( -1.971607025033961236, 2.110000814877110997, 0.3500000000000000333 ) ) ;
#4943 = CARTESIAN_POINT ( 'NONE',  ( 1.930905544980987543, 0.8251250982098667919, 0.3500000000000000333 ) ) ;
#4944 = EDGE_CURVE ( 'NONE', #873, #5505, #5336, .T. ) ;
#4945 = PLANE ( 'NONE',  #5566 ) ;
#4946 = ORIENTED_EDGE ( 'NONE', *, *, #1834, .T. ) ;
#4947 = CARTESIAN_POINT ( 'NONE',  ( -1.971607025033961236, 0.8251250982098667919, 0.3000000000000000444 ) ) ;
#4948 = CARTESIAN_POINT ( 'NONE',  ( -2.500000000000002220, 2.500000000000002220, 0.0000000000000000000 ) ) ;
#4949 = ORIENTED_EDGE ( 'NONE', *, *, #363, .F. ) ;
#4950 = DIRECTION ( 'NONE',  ( 0.0000000000000000000, 1.000000000000000000, 0.0000000000000000000 ) ) ;
#4951 = DIRECTION ( 'NONE',  ( 1.971276677246371519E-16, 1.000000000000000000, 0.0000000000000000000 ) ) ;
#4952 = CARTESIAN_POINT ( 'NONE',  ( -1.043697599916538765, -0.1584055984559433750, 0.4500000000000000666 ) ) ;
#4953 = VECTOR ( 'NONE', #4701, 1000.000000000000000 ) ;
#4954 = ORIENTED_EDGE ( 'NONE', *, *, #2886, .F. ) ;
#4955 = EDGE_CURVE ( 'NONE', #3320, #5544, #564, .T. ) ;
#4956 = DIRECTION ( 'NONE',  ( -3.043374519257556424E-15, -0.0000000000000000000, -1.000000000000000000 ) ) ;
#4957 = PLANE ( 'NONE',  #252 ) ;
#4958 = ORIENTED_EDGE ( 'NONE', *, *, #334, .T. ) ;
#4959 = MECHANICAL_DESIGN_GEOMETRIC_PRESENTATION_REPRESENTATION (  '', ( #5610 ), #4617 ) ;
#4960 = ORIENTED_EDGE ( 'NONE', *, *, #471, .T. ) ;
#4961 = FACE_OUTER_BOUND ( 'NONE', #6655, .T. ) ;
#4962 = LINE ( 'NONE', #6439, #5909 ) ;
#4963 = EDGE_CURVE ( 'NONE', #5950, #6432, #6690, .T. ) ;
#4964 = FILL_AREA_STYLE ('',( #719 ) ) ;
#4965 = VECTOR ( 'NONE', #4536, 1000.000000000000000 ) ;
#4966 = CARTESIAN_POINT ( 'NONE',  ( 0.5500000000000001554, 1.049999999999999822, -0.5699999999999999512 ) ) ;
#4967 = FACE_OUTER_BOUND ( 'NONE', #6040, .T. ) ;
#4968 = DIRECTION ( 'NONE',  ( 1.000000000000000000, 0.0000000000000000000, 0.0000000000000000000 ) ) ;
#4969 = DIRECTION ( 'NONE',  ( 0.0000000000000000000, -0.0000000000000000000, 1.000000000000000000 ) ) ;
#4970 = LINE ( 'NONE', #5903, #4845 ) ;
#4971 = COLOUR_RGB ( '',0.8313725490196077761, 0.8392156862745098200, 0.8313725490196077761 ) ;
#4972 = DIRECTION ( 'NONE',  ( 0.0000000000000000000, -1.000000000000000000, 0.0000000000000000000 ) ) ;
#4973 = AXIS2_PLACEMENT_3D ( 'NONE', #3407, #5480, #2283 ) ;
#4974 = SURFACE_STYLE_FILL_AREA ( #3866 ) ;
#4975 = CARTESIAN_POINT ( 'NONE',  ( 1.700000000000000622, 2.100000000000000089, -0.7699999999999999067 ) ) ;
#4976 = CARTESIAN_POINT ( 'NONE',  ( -1.146028625818473756, -0.7287392438591713262, 0.3500000000000000333 ) ) ;
#4977 =( GEOMETRIC_REPRESENTATION_CONTEXT ( 3 ) GLOBAL_UNCERTAINTY_ASSIGNED_CONTEXT ( ( #5216 ) ) GLOBAL_UNIT_ASSIGNED_CONTEXT ( ( #794, #2389, #6657 ) ) REPRESENTATION_CONTEXT ( 'NONE', 'WORKASPACE' ) );
#4978 = AXIS2_PLACEMENT_3D ( 'NONE', #1204, #3311, #4432 ) ;
#4979 = PRESENTATION_STYLE_ASSIGNMENT (( #2841 ) ) ;
#4980 = CARTESIAN_POINT ( 'NONE',  ( 2.400000000000001243, -2.099999999999999645, -0.5699999999999999512 ) ) ;
#4981 = SURFACE_STYLE_FILL_AREA ( #4840 ) ;
#4982 = ORIENTED_EDGE ( 'NONE', *, *, #2469, .F. ) ;
#4983 = SURFACE_STYLE_USAGE ( .BOTH. , #271 ) ;
#4984 = AXIS2_PLACEMENT_3D ( 'NONE', #4952, #2234, #4844 ) ;
#4985 = ORIENTED_EDGE ( 'NONE', *, *, #3345, .T. ) ;
#4986 = PRESENTATION_LAYER_ASSIGNMENT (  '', '', ( #3319 ) ) ;
#4987 = EDGE_CURVE ( 'NONE', #4389, #4062, #5731, .T. ) ;
#4988 = EDGE_CURVE ( 'NONE', #5778, #3212, #4137, .T. ) ;
#4989 =( GEOMETRIC_REPRESENTATION_CONTEXT ( 3 ) GLOBAL_UNCERTAINTY_ASSIGNED_CONTEXT ( ( #3130 ) ) GLOBAL_UNIT_ASSIGNED_CONTEXT ( ( #814, #5067, #5574 ) ) REPRESENTATION_CONTEXT ( 'NONE', 'WORKASPACE' ) );
#4990 = AXIS2_PLACEMENT_3D ( 'NONE', #5187, #1533, #5773 ) ;
#4991 = ORIENTED_EDGE ( 'NONE', *, *, #3901, .F. ) ;
#4992 = FILL_AREA_STYLE_COLOUR ( '', #763 ) ;
#4994 = AXIS2_PLACEMENT_3D ( 'NONE', #5317, #1050, #25 ) ;
#4993 =( NAMED_UNIT ( * ) PLANE_ANGLE_UNIT ( ) SI_UNIT ( $, .RADIAN. ) );
#4995 = DIRECTION ( 'NONE',  ( 0.0000000000000000000, 0.0000000000000000000, 1.000000000000000000 ) ) ;
#4996 =( NAMED_UNIT ( * ) PLANE_ANGLE_UNIT ( ) SI_UNIT ( $, .RADIAN. ) );
#4997 = STYLED_ITEM ( 'NONE', ( #6499 ), #6862 ) ;
#4998 = VECTOR ( 'NONE', #4917, 1000.000000000000000 ) ;
#4999 = EDGE_CURVE ( 'NONE', #646, #1172, #5691, .T. ) ;
#5000 = DIRECTION ( 'NONE',  ( 0.0000000000000000000, 1.000000000000000000, -0.0000000000000000000 ) ) ;
#5001 = SURFACE_STYLE_USAGE ( .BOTH. , #5444 ) ;
#5002 = FACE_OUTER_BOUND ( 'NONE', #4363, .T. ) ;
#5003 = CARTESIAN_POINT ( 'NONE',  ( 2.500000000000002220, -2.500000000000002220, 0.0000000000000000000 ) ) ;
#5004 = DIRECTION ( 'NONE',  ( 0.0000000000000000000, 0.0000000000000000000, 1.000000000000000000 ) ) ;
#5005 = ORIENTED_EDGE ( 'NONE', *, *, #2722, .T. ) ;
#5006 = UNCERTAINTY_MEASURE_WITH_UNIT (LENGTH_MEASURE( 1.000000000000000082E-05 ), #4242, 'distance_accuracy_value', 'NONE');
#5007 = DIRECTION ( 'NONE',  ( 1.000000000000000000, 0.0000000000000000000, -0.0000000000000000000 ) ) ;
#5008 = PRESENTATION_LAYER_ASSIGNMENT (  '', '', ( #6207 ) ) ;
#5009 = DIRECTION ( 'NONE',  ( 0.0000000000000000000, 0.0000000000000000000, 1.000000000000000000 ) ) ;
#5010 = DIRECTION ( 'NONE',  ( 0.0000000000000000000, 0.0000000000000000000, 1.000000000000000000 ) ) ;
#5011 = ORIENTED_EDGE ( 'NONE', *, *, #2235, .F. ) ;
#5012 = LINE ( 'NONE', #228, #1097 ) ;
#5013 = DIRECTION ( 'NONE',  ( -1.000000000000000000, 0.0000000000000000000, 0.0000000000000000000 ) ) ;
#5014 = STYLED_ITEM ( 'NONE', ( #226 ), #772 ) ;
#5015 = ORIENTED_EDGE ( 'NONE', *, *, #5311, .T. ) ;
#5016 = CARTESIAN_POINT ( 'NONE',  ( 0.4838201673205150821, 1.116322564166215559, 0.4500000000000000666 ) ) ;
#5017 = DIRECTION ( 'NONE',  ( 0.0000000000000000000, 0.0000000000000000000, 1.000000000000000000 ) ) ;
#5018 = SURFACE_STYLE_FILL_AREA ( #3459 ) ;
#5019 = FILL_AREA_STYLE_COLOUR ( '', #1796 ) ;
#5020 = ORIENTED_EDGE ( 'NONE', *, *, #2634, .T. ) ;
#5021 = SURFACE_STYLE_FILL_AREA ( #1306 ) ;
#5022 = ORIENTED_EDGE ( 'NONE', *, *, #3943, .T. ) ;
#5023 = FILL_AREA_STYLE_COLOUR ( '', #367 ) ;
#5024 = EDGE_LOOP ( 'NONE', ( #6375, #19, #6190, #3503 ) ) ;
#5025 = ADVANCED_FACE ( 'NONE', ( #939 ), #1581, .F. ) ;
#5026 = DIRECTION ( 'NONE',  ( 1.000000000000000000, 2.710505431213759113E-16, 0.0000000000000000000 ) ) ;
#5027 = ORIENTED_EDGE ( 'NONE', *, *, #685, .T. ) ;
#5028 = ORIENTED_EDGE ( 'NONE', *, *, #2807, .F. ) ;
#5029 = PRESENTATION_STYLE_ASSIGNMENT (( #813 ) ) ;
#5030 =( NAMED_UNIT ( * ) PLANE_ANGLE_UNIT ( ) SI_UNIT ( $, .RADIAN. ) );
#5031 = EDGE_CURVE ( 'NONE', #2597, #5116, #42, .T. ) ;
#5032 = CARTESIAN_POINT ( 'NONE',  ( 1.930905544980987543, -2.056952929731181268, 0.3500000000000000333 ) ) ;
#5033 = VECTOR ( 'NONE', #4923, 1000.000000000000000 ) ;
#5034 = ORIENTED_EDGE ( 'NONE', *, *, #1033, .F. ) ;
#5035 =( LENGTH_UNIT ( ) NAMED_UNIT ( * ) SI_UNIT ( .MILLI., .METRE. ) );
#5036 = ADVANCED_FACE ( 'NONE', ( #6763 ), #2015, .T. ) ;
#5037 = CARTESIAN_POINT ( 'NONE',  ( -1.043697599916538765, 0.4413501301401799304, 0.4500000000000000666 ) ) ;
#5038 = CARTESIAN_POINT ( 'NONE',  ( 0.4838201673205150821, 0.4046747618464905383, 0.3500000000000000333 ) ) ;
#5039 = LINE ( 'NONE', #4551, #6803 ) ;
#5040 = ORIENTED_EDGE ( 'NONE', *, *, #4988, .T. ) ;
#5042 = AXIS2_PLACEMENT_3D ( 'NONE', #6737, #4564, #275 ) ;
#5041 = DIRECTION ( 'NONE',  ( -0.0000000000000000000, -1.000000000000000000, -0.0000000000000000000 ) ) ;
#5043 = CARTESIAN_POINT ( 'NONE',  ( 2.500000000000000888, 2.100000000000000089, -0.4700000000000001399 ) ) ;
#5044 = ORIENTED_EDGE ( 'NONE', *, *, #1861, .T. ) ;
#5045 = CARTESIAN_POINT ( 'NONE',  ( 0.0000000000000000000, 0.0000000000000000000, 0.8000000000000000444 ) ) ;
#5046 = LINE ( 'NONE', #2395, #4893 ) ;
#5047 = VECTOR ( 'NONE', #3385, 1000.000000000000114 ) ;
#5048 = SURFACE_SIDE_STYLE ('',( #2915 ) ) ;
#5049 =( LENGTH_UNIT ( ) NAMED_UNIT ( * ) SI_UNIT ( .MILLI., .METRE. ) );
#5050 = ORIENTED_EDGE ( 'NONE', *, *, #1978, .F. ) ;
#5051 = DIRECTION ( 'NONE',  ( 1.400746772075018613E-16, 1.000000000000000000, -0.0000000000000000000 ) ) ;
#5052 = DIRECTION ( 'NONE',  ( -1.000000000000000000, -0.0000000000000000000, -0.0000000000000000000 ) ) ;
#5053 = FILL_AREA_STYLE_COLOUR ( '', #148 ) ;
#5054 = ORIENTED_EDGE ( 'NONE', *, *, #988, .T. ) ;
#5055 = AXIS2_PLACEMENT_3D ( 'NONE', #6146, #298, #361 ) ;
#5056 = EDGE_LOOP ( 'NONE', ( #3270, #1190, #5960, #5156 ) ) ;
#5057 = FILL_AREA_STYLE ('',( #4992 ) ) ;
#5058 = COLOUR_RGB ( '',1.000000000000000000, 1.000000000000000000, 1.000000000000000000 ) ;
#5059 = CARTESIAN_POINT ( 'NONE',  ( 1.262305442492821728, 0.6070589046025534063, 0.3500000000000000333 ) ) ;
#5060 = VERTEX_POINT ( 'NONE', #6003 ) ;
#5061 = UNCERTAINTY_MEASURE_WITH_UNIT (LENGTH_MEASURE( 1.000000000000000082E-05 ), #1325, 'distance_accuracy_value', 'NONE');
#5062 = ORIENTED_EDGE ( 'NONE', *, *, #4, .F. ) ;
#5063 = PRESENTATION_STYLE_ASSIGNMENT (( #1893 ) ) ;
#5064 = ADVANCED_FACE ( 'NONE', ( #2865 ), #751, .F. ) ;
#5065 = CARTESIAN_POINT ( 'NONE',  ( 1.600000000000000089, -1.099999999999999867, -0.5699999999999999512 ) ) ;
#5066 = CARTESIAN_POINT ( 'NONE',  ( -1.599999999999999645, 2.200000000000000178, -0.5699999999999999512 ) ) ;
#5067 =( NAMED_UNIT ( * ) PLANE_ANGLE_UNIT ( ) SI_UNIT ( $, .RADIAN. ) );
#5068 = FILL_AREA_STYLE_COLOUR ( '', #5549 ) ;
#5069 = SURFACE_STYLE_USAGE ( .BOTH. , #1257 ) ;
#5070 = FILL_AREA_STYLE_COLOUR ( '', #2104 ) ;
#5071 = AXIS2_PLACEMENT_3D ( 'NONE', #5524, #5146, #6723 ) ;
#5072 = CARTESIAN_POINT ( 'NONE',  ( 2.470127565808668990, 2.100000000000000089, -0.5699999999999999512 ) ) ;
#5073 = CARTESIAN_POINT ( 'NONE',  ( -1.919276727925023351, -0.8787392438591723476, 0.3000000000000000444 ) ) ;
#5074 = EDGE_CURVE ( 'NONE', #5693, #3736, #641, .T. ) ;
#5075 = EDGE_CURVE ( 'NONE', #5280, #4331, #3289, .T. ) ;
#5076 = CIRCLE ( 'NONE', #612, 0.1000000000000002554 ) ;
#5077 = CARTESIAN_POINT ( 'NONE',  ( -0.03316504619021998224, -0.1370056143358100720, 0.3500000000000000333 ) ) ;
#5078 = DIRECTION ( 'NONE',  ( 1.000000000000000000, 0.0000000000000000000, -3.252606517456519613E-15 ) ) ;
#5079 = FILL_AREA_STYLE ('',( #858 ) ) ;
#5080 = VECTOR ( 'NONE', #967, 1000.000000000000000 ) ;
#5081 = PRESENTATION_STYLE_ASSIGNMENT (( #4034 ) ) ;
#5082 = LINE ( 'NONE', #2935, #5504 ) ;
#5083 = ORIENTED_EDGE ( 'NONE', *, *, #4442, .F. ) ;
#5084 = ADVANCED_FACE ( 'NONE', ( #5002 ), #4894, .T. ) ;
#5085 = FACE_OUTER_BOUND ( 'NONE', #5992, .T. ) ;
#5086 = DIRECTION ( 'NONE',  ( 0.0000000000000000000, 1.000000000000000000, 0.0000000000000000000 ) ) ;
#5087 = VECTOR ( 'NONE', #1653, 1000.000000000000000 ) ;
#5088 = DIRECTION ( 'NONE',  ( -0.0000000000000000000, -0.0000000000000000000, -1.000000000000000000 ) ) ;
#5089 =( NAMED_UNIT ( * ) SI_UNIT ( $, .STERADIAN. ) SOLID_ANGLE_UNIT ( ) );
#5090 = ORIENTED_EDGE ( 'NONE', *, *, #2715, .T. ) ;
#5091 = CARTESIAN_POINT ( 'NONE',  ( 0.0000000000000000000, 0.0000000000000000000, 0.4000000000000000222 ) ) ;
#5092 = EDGE_LOOP ( 'NONE', ( #1025, #2334, #809, #4596, #6345, #3936, #4954, #3071, #5034 ) ) ;
#5093 = VECTOR ( 'NONE', #2977, 1000.000000000000000 ) ;
#5094 = ORIENTED_EDGE ( 'NONE', *, *, #2650, .T. ) ;
#5095 = AXIS2_PLACEMENT_3D ( 'NONE', #3693, #2483, #896 ) ;
#5096 = FACE_OUTER_BOUND ( 'NONE', #1635, .T. ) ;
#5097 = FACE_OUTER_BOUND ( 'NONE', #1005, .T. ) ;
#5098 = ORIENTED_EDGE ( 'NONE', *, *, #2502, .F. ) ;
#5099 = EDGE_LOOP ( 'NONE', ( #2822, #1974, #5291, #5873, #1242, #3253, #6605, #4213, #827 ) ) ;
#5100 = VECTOR ( 'NONE', #410, 1000.000000000000000 ) ;
#5101 =( GEOMETRIC_REPRESENTATION_CONTEXT ( 3 ) GLOBAL_UNCERTAINTY_ASSIGNED_CONTEXT ( ( #1129 ) ) GLOBAL_UNIT_ASSIGNED_CONTEXT ( ( #2837, #4579, #2035 ) ) REPRESENTATION_CONTEXT ( 'NONE', 'WORKASPACE' ) );
#5102 = SURFACE_SIDE_STYLE ('',( #4538 ) ) ;
#5103 = DIRECTION ( 'NONE',  ( -1.000000000000000000, 0.0000000000000000000, 0.0000000000000000000 ) ) ;
#5104 = CARTESIAN_POINT ( 'NONE',  ( -1.599999999999999867, 1.100000000000000089, -0.6999999999999999556 ) ) ;
#5105 = PRESENTATION_LAYER_ASSIGNMENT (  '', '', ( #5537 ) ) ;
#5106 = DIRECTION ( 'NONE',  ( 0.0000000000000000000, 0.0000000000000000000, -1.000000000000000000 ) ) ;
#5107 = PLANE ( 'NONE',  #5609 ) ;
#5108 = CIRCLE ( 'NONE', #6422, 0.1499999999999999667 ) ;
#5109 = COLOUR_RGB ( '',1.000000000000000000, 1.000000000000000000, 1.000000000000000000 ) ;
#5110 =( LENGTH_UNIT ( ) NAMED_UNIT ( * ) SI_UNIT ( .MILLI., .METRE. ) );
#5111 = CARTESIAN_POINT ( 'NONE',  ( -2.471716000805965763, 2.100000000000000089, -0.5396908546970038412 ) ) ;
#5112 = EDGE_LOOP ( 'NONE', ( #3926, #3482, #510, #4905, #238, #5273 ) ) ;
#5114 = ADVANCED_FACE ( 'NONE', ( #4967 ), #4341, .F. ) ;
#5113 = DIRECTION ( 'NONE',  ( 1.000000000000000000, 2.520540444682888024E-16, -0.0000000000000000000 ) ) ;
#5115 = ADVANCED_FACE ( 'NONE', ( #6865 ), #2120, .F. ) ;
#5116 = VERTEX_POINT ( 'NONE', #368 ) ;
#5117 = CARTESIAN_POINT ( 'NONE',  ( 1.600000000000000311, 1.099999999999999867, -0.5699999999999999512 ) ) ;
#5118 = VERTEX_POINT ( 'NONE', #1470 ) ;
#5119 = COLOUR_RGB ( '',0.8980392156862745390, 0.9215686274509803377, 0.9294117647058823817 ) ;
#5120 = CARTESIAN_POINT ( 'NONE',  ( -2.400000000000001243, -2.099999999999999645, -0.4699999999999998068 ) ) ;
#5121 = VERTEX_POINT ( 'NONE', #3599 ) ;
#5122 = SURFACE_SIDE_STYLE ('',( #5021 ) ) ;
#5123 = EDGE_CURVE ( 'NONE', #262, #2850, #6251, .T. ) ;
#5124 = CARTESIAN_POINT ( 'NONE',  ( -2.500000000000002220, -1.099999999999999423, 0.0000000000000000000 ) ) ;
#5125 = ORIENTED_EDGE ( 'NONE', *, *, #4520, .T. ) ;
#5126 = CARTESIAN_POINT ( 'NONE',  ( 2.500000000000001776, 1.200000000000000622, -0.2999999999999997113 ) ) ;
#5127 = SURFACE_STYLE_USAGE ( .BOTH. , #6253 ) ;
#5128 = CARTESIAN_POINT ( 'NONE',  ( -2.500000000000002220, -1.199999999999999734, 0.0000000000000000000 ) ) ;
#5129 = AXIS2_PLACEMENT_3D ( 'NONE', #2029, #3571, #419 ) ;
#5130 = ORIENTED_EDGE ( 'NONE', *, *, #3215, .F. ) ;
#5131 = LINE ( 'NONE', #3993, #4965 ) ;
#5132 = COLOUR_RGB ( '',0.8980392156862745390, 0.9215686274509803377, 0.9294117647058823817 ) ;
#5133 = FILL_AREA_STYLE ('',( #1382 ) ) ;
#5134 = LINE ( 'NONE', #3680, #3200 ) ;
#5135 =( LENGTH_UNIT ( ) NAMED_UNIT ( * ) SI_UNIT ( .MILLI., .METRE. ) );
#5136 = EDGE_CURVE ( 'NONE', #3591, #443, #5770, .T. ) ;
#5137 =( NAMED_UNIT ( * ) SI_UNIT ( $, .STERADIAN. ) SOLID_ANGLE_UNIT ( ) );
#5138 = AXIS2_PLACEMENT_3D ( 'NONE', #2128, #6353, #4674 ) ;
#5139 = DIRECTION ( 'NONE',  ( -0.0000000000000000000, -0.0000000000000000000, 1.000000000000000000 ) ) ;
#5140 = VECTOR ( 'NONE', #5774, 1000.000000000000000 ) ;
#5141 = DIRECTION ( 'NONE',  ( 1.000000000000000000, 0.0000000000000000000, 0.0000000000000000000 ) ) ;
#5142 = CIRCLE ( 'NONE', #5680, 0.1499999999999999667 ) ;
#5143 = DIRECTION ( 'NONE',  ( 1.000000000000000000, 0.0000000000000000000, -0.0000000000000000000 ) ) ;
#5144 = VERTEX_POINT ( 'NONE', #6538 ) ;
#5145 = LINE ( 'NONE', #2550, #3988 ) ;
#5146 = DIRECTION ( 'NONE',  ( -0.0000000000000000000, 0.0000000000000000000, 1.000000000000000000 ) ) ;
#5147 = VECTOR ( 'NONE', #4091, 1000.000000000000000 ) ;
#5148 = FILL_AREA_STYLE_COLOUR ( '', #4687 ) ;
#5149 = ADVANCED_FACE ( 'NONE', ( #4360 ), #1168, .F. ) ;
#5150 = DIRECTION ( 'NONE',  ( -1.000000000000000000, 0.0000000000000000000, -3.252606517456519613E-15 ) ) ;
#5151 = ORIENTED_EDGE ( 'NONE', *, *, #3841, .F. ) ;
#5152 = LINE ( 'NONE', #5124, #1488 ) ;
#5153 = ORIENTED_EDGE ( 'NONE', *, *, #6586, .T. ) ;
#5154 = AXIS2_PLACEMENT_3D ( 'NONE', #6286, #2638, #3812 ) ;
#5155 = EDGE_CURVE ( 'NONE', #1956, #1885, #3745, .T. ) ;
#5156 = ORIENTED_EDGE ( 'NONE', *, *, #6792, .T. ) ;
#5157 = DIRECTION ( 'NONE',  ( -0.0000000000000000000, 0.0000000000000000000, -1.000000000000000000 ) ) ;
#5158 = CARTESIAN_POINT ( 'NONE',  ( 1.412305442492822749, 0.4570589046025523849, 0.3000000000000000444 ) ) ;
#5159 = ORIENTED_EDGE ( 'NONE', *, *, #4684, .T. ) ;
#5160 = VECTOR ( 'NONE', #2457, 1000.000000000000000 ) ;
#5161 = PLANE ( 'NONE',  #6536 ) ;
#5162 = ORIENTED_EDGE ( 'NONE', *, *, #4392, .F. ) ;
#5163 = CYLINDRICAL_SURFACE ( 'NONE', #2027, 0.1000000000000002554 ) ;
#5164 = FILL_AREA_STYLE_COLOUR ( '', #3587 ) ;
#5165 = CARTESIAN_POINT ( 'NONE',  ( 0.2838201673205150155, 0.4046747618464905383, 0.4500000000000000666 ) ) ;
#5166 = CARTESIAN_POINT ( 'NONE',  ( -0.5500000000000000444, 1.049999999999999822, -0.5699999999999999512 ) ) ;
#5167 = CARTESIAN_POINT ( 'NONE',  ( 2.700000000000001066, -1.199999999999999734, -0.4700000000000007505 ) ) ;
#5168 = LINE ( 'NONE', #5745, #3740 ) ;
#5169 = COLOUR_RGB ( '',1.000000000000000000, 1.000000000000000000, 1.000000000000000000 ) ;
#5170 = FACE_OUTER_BOUND ( 'NONE', #3775, .T. ) ;
#5171 = EDGE_CURVE ( 'NONE', #4113, #6453, #5882, .T. ) ;
#5172 = CARTESIAN_POINT ( 'NONE',  ( 1.700000000000000400, 1.200000000000000622, -0.5699999999999999512 ) ) ;
#5173 = DIRECTION ( 'NONE',  ( 1.000000000000000000, 0.0000000000000000000, 0.0000000000000000000 ) ) ;
#5174 = VERTEX_POINT ( 'NONE', #4842 ) ;
#5175 = EDGE_LOOP ( 'NONE', ( #6249, #1830, #3114, #5684 ) ) ;
#5176 = COLOUR_RGB ( '',1.000000000000000000, 1.000000000000000000, 1.000000000000000000 ) ;
#5177 = DIRECTION ( 'NONE',  ( 0.0000000000000000000, 1.000000000000000000, 0.0000000000000000000 ) ) ;
#5178 = SURFACE_STYLE_FILL_AREA ( #900 ) ;
#5179 = DIRECTION ( 'NONE',  ( 0.0000000000000000000, 1.000000000000000000, 0.0000000000000000000 ) ) ;
#5180 = COLOUR_RGB ( '',1.000000000000000000, 1.000000000000000000, 1.000000000000000000 ) ;
#5181 = ORIENTED_EDGE ( 'NONE', *, *, #5647, .T. ) ;
#5182 = CARTESIAN_POINT ( 'NONE',  ( -0.1831650461902210314, -0.2870056143358111211, 0.3500000000000000333 ) ) ;
#5183 = DIRECTION ( 'NONE',  ( 3.043374519257556424E-15, -0.0000000000000000000, -1.000000000000000000 ) ) ;
#5184 = VECTOR ( 'NONE', #668, 1000.000000000000000 ) ;
#5185 = ORIENTED_EDGE ( 'NONE', *, *, #6237, .T. ) ;
#5186 = CARTESIAN_POINT ( 'NONE',  ( 0.2838201673205150155, 0.4046747618464905383, 0.4500000000000000666 ) ) ;
#5187 = CARTESIAN_POINT ( 'NONE',  ( 1.262305442492822838, 0.4570589046025533841, 0.3500000000000000333 ) ) ;
#5188 = CARTESIAN_POINT ( 'NONE',  ( 2.400000000000002132, 1.200000000000000622, -0.2999999999999993783 ) ) ;
#5189 = EDGE_CURVE ( 'NONE', #5568, #3662, #4806, .T. ) ;
#5190 = DIRECTION ( 'NONE',  ( -0.0000000000000000000, -1.000000000000000000, -0.0000000000000000000 ) ) ;
#5191 = AXIS2_PLACEMENT_3D ( 'NONE', #5719, #5686, #3035 ) ;
#5192 = VECTOR ( 'NONE', #1946, 1000.000000000000000 ) ;
#5193 = CARTESIAN_POINT ( 'NONE',  ( -1.296028625818473667, -0.7287392438591724364, 0.3000000000000000444 ) ) ;
#5194 = PRESENTATION_STYLE_ASSIGNMENT (( #3607 ) ) ;
#5195 = ORIENTED_EDGE ( 'NONE', *, *, #2222, .T. ) ;
#5196 = CARTESIAN_POINT ( 'NONE',  ( 0.2838201673205150155, 0.4046747618464905383, 0.3500000000000000333 ) ) ;
#5197 = DIRECTION ( 'NONE',  ( 1.000000000000000000, 0.0000000000000000000, 0.0000000000000000000 ) ) ;
#5198 = VECTOR ( 'NONE', #583, 1000.000000000000114 ) ;
#5199 = DIRECTION ( 'NONE',  ( 1.000000000000000000, -0.0000000000000000000, -0.0000000000000000000 ) ) ;
#5200 = EDGE_CURVE ( 'NONE', #6609, #5594, #5985, .T. ) ;
#5201 = AXIS2_PLACEMENT_3D ( 'NONE', #824, #3909, #2387 ) ;
#5202 =( LENGTH_UNIT ( ) NAMED_UNIT ( * ) SI_UNIT ( .MILLI., .METRE. ) );
#5203 = COLOUR_RGB ( '',0.8313725490196077761, 0.8392156862745098200, 0.8313725490196077761 ) ;
#5204 = LINE ( 'NONE', #4753, #3788 ) ;
#5205 = SURFACE_STYLE_FILL_AREA ( #3069 ) ;
#5206 = DIRECTION ( 'NONE',  ( -0.0000000000000000000, -0.0000000000000000000, -1.000000000000000000 ) ) ;
#5207 = CARTESIAN_POINT ( 'NONE',  ( -0.5500000000000001554, 2.254834989607331863, -0.6999999999999999556 ) ) ;
#5208 = FILL_AREA_STYLE ('',( #5794 ) ) ;
#5209 = COLOUR_RGB ( '',0.8980392156862745390, 0.9215686274509803377, 0.9294117647058823817 ) ;
#5210 =( NAMED_UNIT ( * ) SI_UNIT ( $, .STERADIAN. ) SOLID_ANGLE_UNIT ( ) );
#5211 = CARTESIAN_POINT ( 'NONE',  ( 0.3603187164337327553, 0.9751250982098667031, 0.3500000000000000333 ) ) ;
#5212 =( GEOMETRIC_REPRESENTATION_CONTEXT ( 3 ) GLOBAL_UNCERTAINTY_ASSIGNED_CONTEXT ( ( #3871 ) ) GLOBAL_UNIT_ASSIGNED_CONTEXT ( ( #1851, #5593, #3917 ) ) REPRESENTATION_CONTEXT ( 'NONE', 'WORKASPACE' ) );
#5213 = ORIENTED_EDGE ( 'NONE', *, *, #3072, .T. ) ;
#5214 = PLANE ( 'NONE',  #2746 ) ;
#5215 = ORIENTED_EDGE ( 'NONE', *, *, #1489, .T. ) ;
#5216 = UNCERTAINTY_MEASURE_WITH_UNIT (LENGTH_MEASURE( 1.000000000000000082E-05 ), #794, 'distance_accuracy_value', 'NONE');
#5217 = VECTOR ( 'NONE', #830, 1000.000000000000000 ) ;
#5218 = ORIENTED_EDGE ( 'NONE', *, *, #3676, .F. ) ;
#5219 = FILL_AREA_STYLE ('',( #4187 ) ) ;
#5220 = DIRECTION ( 'NONE',  ( 0.0000000000000000000, 1.000000000000000000, 0.0000000000000000000 ) ) ;
#5221 = ORIENTED_EDGE ( 'NONE', *, *, #170, .T. ) ;
#5222 = SURFACE_SIDE_STYLE ('',( #1564 ) ) ;
#5223 = PLANE ( 'NONE',  #6087 ) ;
#5224 = EDGE_LOOP ( 'NONE', ( #4821, #1197, #2936, #1248 ) ) ;
#5225 = CARTESIAN_POINT ( 'NONE',  ( 1.700000000000000622, -1.199999999999999734, -0.5699999999999999512 ) ) ;
#5226 = CARTESIAN_POINT ( 'NONE',  ( 0.0000000000000000000, 0.0000000000000000000, -0.5699999999999999512 ) ) ;
#5227 = UNCERTAINTY_MEASURE_WITH_UNIT (LENGTH_MEASURE( 1.000000000000000082E-05 ), #4025, 'distance_accuracy_value', 'NONE');
#5228 = CARTESIAN_POINT ( 'NONE',  ( 1.600000000000000533, 2.200000000000000178, -0.6999999999999999556 ) ) ;
#5229 = LINE ( 'NONE', #994, #5981 ) ;
#5230 =( NAMED_UNIT ( * ) PLANE_ANGLE_UNIT ( ) SI_UNIT ( $, .RADIAN. ) );
#5231 = PLANE ( 'NONE',  #1726 ) ;
#5232 = VECTOR ( 'NONE', #5849, 1000.000000000000114 ) ;
#5233 = ADVANCED_FACE ( 'NONE', ( #1134 ), #4879, .F. ) ;
#5234 = PRESENTATION_STYLE_ASSIGNMENT (( #3102 ) ) ;
#5235 = FILL_AREA_STYLE_COLOUR ( '', #6026 ) ;
#5236 =( NAMED_UNIT ( * ) PLANE_ANGLE_UNIT ( ) SI_UNIT ( $, .RADIAN. ) );
#5237 =( GEOMETRIC_REPRESENTATION_CONTEXT ( 3 ) GLOBAL_UNCERTAINTY_ASSIGNED_CONTEXT ( ( #1027 ) ) GLOBAL_UNIT_ASSIGNED_CONTEXT ( ( #4461, #6603, #2260 ) ) REPRESENTATION_CONTEXT ( 'NONE', 'WORKASPACE' ) );
#5238 = EDGE_LOOP ( 'NONE', ( #4501, #1381, #6428, #5673, #387, #1305, #1109, #1244, #6582, #5195, #4647, #4316, #6841, #1424, #3744, #490, #3594, #859, #5529, #3378 ) ) ;
#5240 = AXIS2_PLACEMENT_3D ( 'NONE', #4558, #4040, #6143 ) ;
#5239 = CARTESIAN_POINT ( 'NONE',  ( -0.03316504619021998224, -0.6832195235787661414, 0.3000000000000000444 ) ) ;
#5241 =( NAMED_UNIT ( * ) PLANE_ANGLE_UNIT ( ) SI_UNIT ( $, .RADIAN. ) );
#5242 = ORIENTED_EDGE ( 'NONE', *, *, #5760, .F. ) ;
#5243 =( LENGTH_UNIT ( ) NAMED_UNIT ( * ) SI_UNIT ( .MILLI., .METRE. ) );
#5244 = LINE ( 'NONE', #2181, #6824 ) ;
#5245 =( GEOMETRIC_REPRESENTATION_CONTEXT ( 3 ) GLOBAL_UNCERTAINTY_ASSIGNED_CONTEXT ( ( #5404 ) ) GLOBAL_UNIT_ASSIGNED_CONTEXT ( ( #76, #718, #4928 ) ) REPRESENTATION_CONTEXT ( 'NONE', 'WORKASPACE' ) );
#5246 =( GEOMETRIC_REPRESENTATION_CONTEXT ( 3 ) GLOBAL_UNCERTAINTY_ASSIGNED_CONTEXT ( ( #3413 ) ) GLOBAL_UNIT_ASSIGNED_CONTEXT ( ( #5899, #642, #3180 ) ) REPRESENTATION_CONTEXT ( 'NONE', 'WORKASPACE' ) );
#5247 = ADVANCED_FACE ( 'NONE', ( #3783 ), #3845, .F. ) ;
#5248 = DIRECTION ( 'NONE',  ( 0.0000000000000000000, 0.0000000000000000000, 1.000000000000000000 ) ) ;
#5249 = CARTESIAN_POINT ( 'NONE',  ( 0.5500000000000000444, -1.049999999999999822, -0.5699999999999999512 ) ) ;
#5250 = FACE_OUTER_BOUND ( 'NONE', #3229, .T. ) ;
#5251 = VERTEX_POINT ( 'NONE', #99 ) ;
#5252 = CARTESIAN_POINT ( 'NONE',  ( -0.03316504619021998224, -2.056952929731181712, 0.3500000000000000333 ) ) ;
#5253 = SURFACE_STYLE_FILL_AREA ( #1493 ) ;
#5254 = ORIENTED_EDGE ( 'NONE', *, *, #4529, .T. ) ;
#5255 = VECTOR ( 'NONE', #2168, 1000.000000000000114 ) ;
#5256 = VECTOR ( 'NONE', #4010, 1000.000000000000114 ) ;
#5257 = VECTOR ( 'NONE', #5521, 1000.000000000000000 ) ;
#5258 = DIRECTION ( 'NONE',  ( -0.0000000000000000000, -0.0000000000000000000, 1.000000000000000000 ) ) ;
#5259 = LINE ( 'NONE', #2670, #3609 ) ;
#5260 = ORIENTED_EDGE ( 'NONE', *, *, #257, .T. ) ;
#5261 = LINE ( 'NONE', #409, #5543 ) ;
#5262 = FACE_OUTER_BOUND ( 'NONE', #3627, .T. ) ;
#5263 = FACE_OUTER_BOUND ( 'NONE', #2465, .T. ) ;
#5264 = LINE ( 'NONE', #961, #3327 ) ;
#5265 = AXIS2_PLACEMENT_3D ( 'NONE', #2257, #1235, #194 ) ;
#5266 = SURFACE_SIDE_STYLE ('',( #2064 ) ) ;
#5267 = UNCERTAINTY_MEASURE_WITH_UNIT (LENGTH_MEASURE( 1.000000000000000082E-05 ), #5775, 'distance_accuracy_value', 'NONE');
#5268 = ORIENTED_EDGE ( 'NONE', *, *, #1347, .T. ) ;
#5269 = CARTESIAN_POINT ( 'NONE',  ( 2.471716000805965763, -2.099999999999999645, -0.5396908546970038412 ) ) ;
#5270 = PLANE ( 'NONE',  #2426 ) ;
#5271 = EDGE_LOOP ( 'NONE', ( #1983, #4524, #4124, #3566 ) ) ;
#5272 = SURFACE_SIDE_STYLE ('',( #3761 ) ) ;
#5273 = ORIENTED_EDGE ( 'NONE', *, *, #1807, .F. ) ;
#5274 = CARTESIAN_POINT ( 'NONE',  ( -1.296028625818473667, 0.6751250982098668807, 0.3000000000000000444 ) ) ;
#5275 = EDGE_CURVE ( 'NONE', #58, #3320, #4314, .T. ) ;
#5276 = EDGE_CURVE ( 'NONE', #364, #6168, #4396, .T. ) ;
#5277 = DIRECTION ( 'NONE',  ( 3.043374519257556424E-15, -0.0000000000000000000, 1.000000000000000000 ) ) ;
#5278 = FACE_OUTER_BOUND ( 'NONE', #3755, .T. ) ;
#5279 = PRESENTATION_STYLE_ASSIGNMENT (( #1747 ) ) ;
#5280 = VERTEX_POINT ( 'NONE', #2813 ) ;
#5281 = LINE ( 'NONE', #3701, #3028 ) ;
#5282 =( NAMED_UNIT ( * ) PLANE_ANGLE_UNIT ( ) SI_UNIT ( $, .RADIAN. ) );
#5283 = VECTOR ( 'NONE', #177, 1000.000000000000000 ) ;
#5284 =( LENGTH_UNIT ( ) NAMED_UNIT ( * ) SI_UNIT ( .MILLI., .METRE. ) );
#5285 = VERTEX_POINT ( 'NONE', #4947 ) ;
#5286 = CARTESIAN_POINT ( 'NONE',  ( -2.400000000000001243, 1.200000000000000622, -0.4699999999999998068 ) ) ;
#5287 = ORIENTED_EDGE ( 'NONE', *, *, #509, .T. ) ;
#5288 = CARTESIAN_POINT ( 'NONE',  ( 0.5500000000000000444, -1.049999999999999822, -0.6999999999999999556 ) ) ;
#5289 = EDGE_CURVE ( 'NONE', #4257, #1407, #329, .T. ) ;
#5290 = CARTESIAN_POINT ( 'NONE',  ( 0.5500000000000001554, 2.254834989607331863, -0.6999999999999999556 ) ) ;
#5291 = ORIENTED_EDGE ( 'NONE', *, *, #509, .F. ) ;
#5292 = PLANE ( 'NONE',  #3052 ) ;
#5293 = DIRECTION ( 'NONE',  ( 0.0000000000000000000, 1.000000000000000000, 0.0000000000000000000 ) ) ;
#5294 = VECTOR ( 'NONE', #1428, 1000.000000000000000 ) ;
#5295 = ORIENTED_EDGE ( 'NONE', *, *, #6167, .F. ) ;
#5296 = CARTESIAN_POINT ( 'NONE',  ( 2.400000000000001243, 1.200000000000000622, -0.5700000000000000622 ) ) ;
#5297 = ORIENTED_EDGE ( 'NONE', *, *, #6869, .T. ) ;
#5298 = AXIS2_PLACEMENT_3D ( 'NONE', #203, #5051, #2980 ) ;
#5299 = LINE ( 'NONE', #5858, #2407 ) ;
#5300 = LINE ( 'NONE', #9, #689 ) ;
#5301 = MECHANICAL_DESIGN_GEOMETRIC_PRESENTATION_REPRESENTATION (  '', ( #4433 ), #1650 ) ;
#5302 = CARTESIAN_POINT ( 'NONE',  ( 0.2838201673205150710, 0.9163225641662154919, 0.3500000000000000333 ) ) ;
#5303 = ORIENTED_EDGE ( 'NONE', *, *, #5402, .F. ) ;
#5304 = ORIENTED_EDGE ( 'NONE', *, *, #4049, .F. ) ;
#5305 = DIRECTION ( 'NONE',  ( -0.0000000000000000000, 1.000000000000000000, -0.0000000000000000000 ) ) ;
#5306 =( LENGTH_UNIT ( ) NAMED_UNIT ( * ) SI_UNIT ( .MILLI., .METRE. ) );
#5307 = ORIENTED_EDGE ( 'NONE', *, *, #5075, .F. ) ;
#5308 = DIRECTION ( 'NONE',  ( -0.0000000000000000000, -1.000000000000000000, -0.0000000000000000000 ) ) ;
#5309 = EDGE_CURVE ( 'NONE', #6790, #1783, #4013, .T. ) ;
#5310 = VECTOR ( 'NONE', #6459, 1000.000000000000000 ) ;
#5311 = EDGE_CURVE ( 'NONE', #5729, #5060, #2331, .T. ) ;
#5312 = ORIENTED_EDGE ( 'NONE', *, *, #582, .T. ) ;
#5313 = FILL_AREA_STYLE_COLOUR ( '', #984 ) ;
#5314 = EDGE_LOOP ( 'NONE', ( #3856, #68, #411, #2122 ) ) ;
#5315 = FACE_OUTER_BOUND ( 'NONE', #840, .T. ) ;
#5316 = PRESENTATION_STYLE_ASSIGNMENT (( #4737 ) ) ;
#5317 = CARTESIAN_POINT ( 'NONE',  ( -0.9960286258184738450, -0.6832195235787650311, 0.3000000000000000444 ) ) ;
#5318 = EDGE_CURVE ( 'NONE', #3223, #842, #636, .T. ) ;
#5319 = DIRECTION ( 'NONE',  ( 0.0000000000000000000, 0.0000000000000000000, 1.000000000000000000 ) ) ;
#5320 = CARTESIAN_POINT ( 'NONE',  ( -1.700000000000000400, -2.099999999999999645, -0.5699999999999999512 ) ) ;
#5321 = DIRECTION ( 'NONE',  ( 2.710505431213759113E-16, 1.000000000000000000, 0.0000000000000000000 ) ) ;
#5322 = ORIENTED_EDGE ( 'NONE', *, *, #222, .F. ) ;
#5323 = ORIENTED_EDGE ( 'NONE', *, *, #4988, .F. ) ;
#5324 = PRESENTATION_LAYER_ASSIGNMENT (  '', '', ( #2653 ) ) ;
#5325 = CARTESIAN_POINT ( 'NONE',  ( 1.674465648097737279E-16, 1.100000000000000089, -0.6999999999999999556 ) ) ;
#5326 = ORIENTED_EDGE ( 'NONE', *, *, #521, .F. ) ;
#5327 = DIRECTION ( 'NONE',  ( 0.0000000000000000000, -1.000000000000000000, 0.0000000000000000000 ) ) ;
#5328 = ORIENTED_EDGE ( 'NONE', *, *, #1124, .F. ) ;
#5329 = FILL_AREA_STYLE_COLOUR ( '', #3376 ) ;
#5330 = VERTEX_POINT ( 'NONE', #4525 ) ;
#5331 = FILL_AREA_STYLE_COLOUR ( '', #383 ) ;
#5332 = VECTOR ( 'NONE', #5897, 1000.000000000000000 ) ;
#5333 = ADVANCED_FACE ( 'NONE', ( #6086 ), #734, .F. ) ;
#5334 = FILL_AREA_STYLE ('',( #1578 ) ) ;
#5335 = PRESENTATION_STYLE_ASSIGNMENT (( #3257 ) ) ;
#5336 = LINE ( 'NONE', #3179, #1863 ) ;
#5337 = PRESENTATION_STYLE_ASSIGNMENT (( #1188 ) ) ;
#5338 = FILL_AREA_STYLE ('',( #4755 ) ) ;
#5339 =( NAMED_UNIT ( * ) SI_UNIT ( $, .STERADIAN. ) SOLID_ANGLE_UNIT ( ) );
#5340 = ORIENTED_EDGE ( 'NONE', *, *, #2891, .F. ) ;
#5341 = CARTESIAN_POINT ( 'NONE',  ( 0.4838201673205150821, -0.2871897488101240459, 0.3500000000000000333 ) ) ;
#5342 = PRESENTATION_STYLE_ASSIGNMENT (( #3186 ) ) ;
#5343 = COLOUR_RGB ( '',0.8980392156862745390, 0.9215686274509803377, 0.9294117647058823817 ) ;
#5344 = DIRECTION ( 'NONE',  ( -0.08715574274765819363, -0.0000000000000000000, -0.9961946980917455452 ) ) ;
#5345 = ORIENTED_EDGE ( 'NONE', *, *, #2666, .F. ) ;
#5346 = PRESENTATION_LAYER_ASSIGNMENT (  '', '', ( #453 ) ) ;
#5347 = LINE ( 'NONE', #1157, #6523 ) ;
#5348 = AXIS2_PLACEMENT_3D ( 'NONE', #6571, #1811, #2455 ) ;
#5349 = CARTESIAN_POINT ( 'NONE',  ( -1.680009069179262848, 2.430009069179262848, 0.4000000000000000222 ) ) ;
#5350 = EDGE_LOOP ( 'NONE', ( #3015, #3460, #2948, #4050, #4268, #1910, #3304, #4431, #5727 ) ) ;
#5351 =( LENGTH_UNIT ( ) NAMED_UNIT ( * ) SI_UNIT ( .MILLI., .METRE. ) );
#5352 = CIRCLE ( 'NONE', #2351, 0.5500000000000000444 ) ;
#5354 = AXIS2_PLACEMENT_3D ( 'NONE', #6360, #2207, #6396 ) ;
#5353 = PRODUCT_RELATED_PRODUCT_CATEGORY ( 'part', '', ( #549 ) ) ;
#5355 = ADVANCED_FACE ( 'NONE', ( #1850 ), #5530, .F. ) ;
#5356 = CARTESIAN_POINT ( 'NONE',  ( -1.680009069179262848, 2.430009069179262848, 0.4000000000000000222 ) ) ;
#5357 = PLANE ( 'NONE',  #1433 ) ;
#5358 = STYLED_ITEM ( 'NONE', ( #3273 ), #1620 ) ;
#5359 = PLANE ( 'NONE',  #6103 ) ;
#5360 = DIRECTION ( 'NONE',  ( 0.0000000000000000000, 0.0000000000000000000, 1.000000000000000000 ) ) ;
#5361 = ORIENTED_EDGE ( 'NONE', *, *, #2478, .T. ) ;
#5362 = CARTESIAN_POINT ( 'NONE',  ( 0.2103187164337327886, -2.056952929731181712, 0.3500000000000000333 ) ) ;
#5363 = CARTESIAN_POINT ( 'NONE',  ( -2.499117102666011725, 1.200000000000000622, -0.01684668471109857651 ) ) ;
#5364 = ORIENTED_EDGE ( 'NONE', *, *, #4809, .F. ) ;
#5365 =( GEOMETRIC_REPRESENTATION_CONTEXT ( 3 ) GLOBAL_UNCERTAINTY_ASSIGNED_CONTEXT ( ( #1108 ) ) GLOBAL_UNIT_ASSIGNED_CONTEXT ( ( #514, #2127, #6468 ) ) REPRESENTATION_CONTEXT ( 'NONE', 'WORKASPACE' ) );
#5366 = ORIENTED_EDGE ( 'NONE', *, *, #4011, .F. ) ;
#5367 = DIRECTION ( 'NONE',  ( -1.000000000000000000, 0.0000000000000000000, 0.0000000000000000000 ) ) ;
#5368 = ORIENTED_EDGE ( 'NONE', *, *, #6316, .T. ) ;
#5369 = SURFACE_STYLE_USAGE ( .BOTH. , #1143 ) ;
#5370 = MECHANICAL_DESIGN_GEOMETRIC_PRESENTATION_REPRESENTATION (  '', ( #3603 ), #3263 ) ;
#5371 = VERTEX_POINT ( 'NONE', #1814 ) ;
#5372 = SURFACE_SIDE_STYLE ('',( #1481 ) ) ;
#5373 = ADVANCED_FACE ( 'NONE', ( #3950 ), #4042, .F. ) ;
#5374 =( LENGTH_UNIT ( ) NAMED_UNIT ( * ) SI_UNIT ( .MILLI., .METRE. ) );
#5375 = CYLINDRICAL_SURFACE ( 'NONE', #2352, 1.699999999999999956 ) ;
#5376 =( NAMED_UNIT ( * ) SI_UNIT ( $, .STERADIAN. ) SOLID_ANGLE_UNIT ( ) );
#5377 = VERTEX_POINT ( 'NONE', #2627 ) ;
#5378 = STYLED_ITEM ( 'NONE', ( #1013 ), #3188 ) ;
#5379 = PRESENTATION_STYLE_ASSIGNMENT (( #6408 ) ) ;
#5380 = EDGE_CURVE ( 'NONE', #6820, #4671, #1011, .T. ) ;
#5381 = FACE_OUTER_BOUND ( 'NONE', #4909, .T. ) ;
#5382 = DIRECTION ( 'NONE',  ( 1.896992367213331698E-16, -1.000000000000000000, 0.0000000000000000000 ) ) ;
#5383 = CARTESIAN_POINT ( 'NONE',  ( 0.4838201673205150821, 1.116322564166215559, 0.3500000000000000333 ) ) ;
#5384 = ORIENTED_EDGE ( 'NONE', *, *, #3841, .T. ) ;
#5385 = FILL_AREA_STYLE_COLOUR ( '', #5486 ) ;
#5386 = ORIENTED_EDGE ( 'NONE', *, *, #6522, .F. ) ;
#5387 = DIRECTION ( 'NONE',  ( -0.0000000000000000000, -0.0000000000000000000, -1.000000000000000000 ) ) ;
#5388 = FACE_OUTER_BOUND ( 'NONE', #2330, .T. ) ;
#5389 = DIRECTION ( 'NONE',  ( -0.0000000000000000000, -1.000000000000000000, -0.0000000000000000000 ) ) ;
#5390 = VECTOR ( 'NONE', #2189, 1000.000000000000000 ) ;
#5391 = ORIENTED_EDGE ( 'NONE', *, *, #325, .F. ) ;
#5392 = CARTESIAN_POINT ( 'NONE',  ( -0.03316504619021998224, 2.110000814877110997, 0.3500000000000000333 ) ) ;
#5393 =( NAMED_UNIT ( * ) PLANE_ANGLE_UNIT ( ) SI_UNIT ( $, .RADIAN. ) );
#5394 = DIRECTION ( 'NONE',  ( -0.05226442768871396305, 0.05226442768871396305, 0.9972646886342373396 ) ) ;
#5395 = FACE_OUTER_BOUND ( 'NONE', #5099, .T. ) ;
#5396 = CARTESIAN_POINT ( 'NONE',  ( -2.486873320506370000, 2.100000000000000089, -0.2504719656739949341 ) ) ;
#5397 = ORIENTED_EDGE ( 'NONE', *, *, #5309, .F. ) ;
#5398 = DIRECTION ( 'NONE',  ( 1.971276677246371519E-16, 1.000000000000000000, 0.0000000000000000000 ) ) ;
#5399 = PRESENTATION_LAYER_ASSIGNMENT (  '', '', ( #2177 ) ) ;
#5400 = ORIENTED_EDGE ( 'NONE', *, *, #3335, .F. ) ;
#5401 = DIRECTION ( 'NONE',  ( -3.043374519257556424E-15, -0.0000000000000000000, -1.000000000000000000 ) ) ;
#5402 = EDGE_CURVE ( 'NONE', #5174, #1069, #5726, .T. ) ;
#5403 = FILL_AREA_STYLE_COLOUR ( '', #5479 ) ;
#5404 = UNCERTAINTY_MEASURE_WITH_UNIT (LENGTH_MEASURE( 1.000000000000000082E-05 ), #76, 'distance_accuracy_value', 'NONE');
#5405 = EDGE_LOOP ( 'NONE', ( #2487, #4263, #5364, #6702 ) ) ;
#5406 = VECTOR ( 'NONE', #1398, 1000.000000000000000 ) ;
#5407 = LINE ( 'NONE', #747, #5678 ) ;
#5408 = CYLINDRICAL_SURFACE ( 'NONE', #2343, 0.1000000000000002554 ) ;
#5409 = PRESENTATION_STYLE_ASSIGNMENT (( #2829 ) ) ;
#5410 = ADVANCED_FACE ( 'NONE', ( #1556 ), #4107, .T. ) ;
#5411 = FILL_AREA_STYLE ('',( #3291 ) ) ;
#5412 = DIRECTION ( 'NONE',  ( -1.000000000000000000, 0.0000000000000000000, 0.0000000000000000000 ) ) ;
#5413 = SURFACE_SIDE_STYLE ('',( #3297 ) ) ;
#5414 = AXIS2_PLACEMENT_3D ( 'NONE', #5392, #3811, #5918 ) ;
#5415 = SURFACE_STYLE_FILL_AREA ( #1383 ) ;
#5416 = LINE ( 'NONE', #4869, #246 ) ;
#5417 = ORIENTED_EDGE ( 'NONE', *, *, #5912, .F. ) ;
#5418 =( NAMED_UNIT ( * ) PLANE_ANGLE_UNIT ( ) SI_UNIT ( $, .RADIAN. ) );
#5419 = DIRECTION ( 'NONE',  ( 0.0000000000000000000, 0.0000000000000000000, 1.000000000000000000 ) ) ;
#5420 = DIRECTION ( 'NONE',  ( -0.0000000000000000000, -0.0000000000000000000, -1.000000000000000000 ) ) ;
#5421 = VECTOR ( 'NONE', #1632, 1000.000000000000000 ) ;
#5422 =( GEOMETRIC_REPRESENTATION_CONTEXT ( 3 ) GLOBAL_UNCERTAINTY_ASSIGNED_CONTEXT ( ( #3196 ) ) GLOBAL_UNIT_ASSIGNED_CONTEXT ( ( #6764, #2488, #3625 ) ) REPRESENTATION_CONTEXT ( 'NONE', 'WORKASPACE' ) );
#5423 = CARTESIAN_POINT ( 'NONE',  ( -0.9960286258184727348, -0.5332195235787651200, 0.3500000000000000333 ) ) ;
#5424 = PRESENTATION_STYLE_ASSIGNMENT (( #1599 ) ) ;
#5425 = PRESENTATION_LAYER_ASSIGNMENT (  '', '', ( #4877 ) ) ;
#5426 = DIRECTION ( 'NONE',  ( 7.228014483236695175E-15, 0.0000000000000000000, 1.000000000000000000 ) ) ;
#5427 = COLOUR_RGB ( '',0.8980392156862745390, 0.9215686274509803377, 0.9294117647058823817 ) ;
#5428 = ORIENTED_EDGE ( 'NONE', *, *, #3522, .T. ) ;
#5429 = DIRECTION ( 'NONE',  ( -0.0000000000000000000, -0.0000000000000000000, -1.000000000000000000 ) ) ;
#5430 = FILL_AREA_STYLE ('',( #5070 ) ) ;
#5431 = SURFACE_STYLE_USAGE ( .BOTH. , #2814 ) ;
#5432 = ORIENTED_EDGE ( 'NONE', *, *, #2085, .T. ) ;
#5433 = DIRECTION ( 'NONE',  ( -0.0000000000000000000, -1.000000000000000000, -0.0000000000000000000 ) ) ;
#5434 = FACE_OUTER_BOUND ( 'NONE', #6269, .T. ) ;
#5435 = PRESENTATION_LAYER_ASSIGNMENT (  '', '', ( #3553 ) ) ;
#5436 = ORIENTED_EDGE ( 'NONE', *, *, #1664, .F. ) ;
#5437 = DIRECTION ( 'NONE',  ( -0.0000000000000000000, -0.0000000000000000000, -1.000000000000000000 ) ) ;
#5438 = CARTESIAN_POINT ( 'NONE',  ( -1.146028625818473756, 0.6751250982098658815, 0.3500000000000000333 ) ) ;
#5439 = FILL_AREA_STYLE_COLOUR ( '', #2812 ) ;
#5440 = ORIENTED_EDGE ( 'NONE', *, *, #708, .T. ) ;
#5441 = VECTOR ( 'NONE', #162, 1000.000000000000000 ) ;
#5442 = ADVANCED_FACE ( 'NONE', ( #6179 ), #5214, .F. ) ;
#5443 = CARTESIAN_POINT ( 'NONE',  ( -0.03316504619021998224, -2.056952929731181712, 0.3500000000000000333 ) ) ;
#5444 = SURFACE_SIDE_STYLE ('',( #2863 ) ) ;
#5445 = DIRECTION ( 'NONE',  ( -1.000000000000000000, 0.0000000000000000000, 0.0000000000000000000 ) ) ;
#5446 = PRESENTATION_STYLE_ASSIGNMENT (( #3338 ) ) ;
#5447 = DIRECTION ( 'NONE',  ( 0.0000000000000000000, 0.0000000000000000000, -1.000000000000000000 ) ) ;
#5448 = CARTESIAN_POINT ( 'NONE',  ( -2.500000000000000888, 2.100000000000000089, -0.4700000000000001399 ) ) ;
#5449 = ORIENTED_EDGE ( 'NONE', *, *, #2899, .T. ) ;
#5450 =( LENGTH_UNIT ( ) NAMED_UNIT ( * ) SI_UNIT ( .MILLI., .METRE. ) );
#5451 = COLOUR_RGB ( '',1.000000000000000000, 1.000000000000000000, 1.000000000000000000 ) ;
#5452 =( NAMED_UNIT ( * ) SI_UNIT ( $, .STERADIAN. ) SOLID_ANGLE_UNIT ( ) );
#5453 = LINE ( 'NONE', #5383, #6740 ) ;
#5454 = LINE ( 'NONE', #654, #5475 ) ;
#5455 = VERTEX_POINT ( 'NONE', #4179 ) ;
#5457 = AXIS2_PLACEMENT_3D ( 'NONE', #4858, #462, #4823 ) ;
#5456 = CARTESIAN_POINT ( 'NONE',  ( -2.700000000000001066, -1.199999999999999734, -0.4700000000000007505 ) ) ;
#5458 = PLANE ( 'NONE',  #1597 ) ;
#5459 = ORIENTED_EDGE ( 'NONE', *, *, #4847, .F. ) ;
#5460 = EDGE_CURVE ( 'NONE', #6098, #223, #6277, .T. ) ;
#5461 = VECTOR ( 'NONE', #4521, 1000.000000000000114 ) ;
#5462 = CARTESIAN_POINT ( 'NONE',  ( 2.400000000000002132, -1.199999999999999734, -0.2999999999999993783 ) ) ;
#5463 = LINE ( 'NONE', #798, #2332 ) ;
#5464 = DIRECTION ( 'NONE',  ( -2.409338161078899674E-16, 1.000000000000000000, 0.0000000000000000000 ) ) ;
#5465 = DIRECTION ( 'NONE',  ( 1.000000000000000000, -0.0000000000000000000, -0.0000000000000000000 ) ) ;
#5466 = ORIENTED_EDGE ( 'NONE', *, *, #3148, .T. ) ;
#5467 = VECTOR ( 'NONE', #2828, 1000.000000000000000 ) ;
#5468 = PRESENTATION_LAYER_ASSIGNMENT (  '', '', ( #1569 ) ) ;
#5469 = DIRECTION ( 'NONE',  ( 1.000000000000000000, -0.0000000000000000000, -0.0000000000000000000 ) ) ;
#5470 = EDGE_CURVE ( 'NONE', #4265, #502, #4214, .T. ) ;
#5471 = STYLED_ITEM ( 'NONE', ( #3129 ), #2227 ) ;
#5472 = ORIENTED_EDGE ( 'NONE', *, *, #3321, .F. ) ;
#5473 = CARTESIAN_POINT ( 'NONE',  ( 0.0000000000000000000, -1.199999999999999734, -0.5699999999999999512 ) ) ;
#5474 = ORIENTED_EDGE ( 'NONE', *, *, #5155, .F. ) ;
#5475 = VECTOR ( 'NONE', #3908, 1000.000000000000000 ) ;
#5476 = EDGE_LOOP ( 'NONE', ( #5340, #5323, #6466, #4078 ) ) ;
#5477 = COLOUR_RGB ( '',0.8313725490196077761, 0.8392156862745098200, 0.8313725490196077761 ) ;
#5478 = DIRECTION ( 'NONE',  ( -1.000000000000000000, 0.0000000000000000000, -3.252606517456505019E-15 ) ) ;
#5479 = COLOUR_RGB ( '',0.8980392156862745390, 0.9215686274509803377, 0.9294117647058823817 ) ;
#5480 = DIRECTION ( 'NONE',  ( 0.0000000000000000000, 1.000000000000000000, 0.0000000000000000000 ) ) ;
#5481 = FILL_AREA_STYLE_COLOUR ( '', #3445 ) ;
#5482 = FILL_AREA_STYLE_COLOUR ( '', #6486 ) ;
#5483 = ORIENTED_EDGE ( 'NONE', *, *, #3674, .T. ) ;
#5484 =( NAMED_UNIT ( * ) SI_UNIT ( $, .STERADIAN. ) SOLID_ANGLE_UNIT ( ) );
#5485 = FILL_AREA_STYLE_COLOUR ( '', #5451 ) ;
#5486 = COLOUR_RGB ( '',0.0000000000000000000, 0.0000000000000000000, 1.000000000000000000 ) ;
#5487 = COLOUR_RGB ( '',0.8313725490196077761, 0.8392156862745098200, 0.8313725490196077761 ) ;
#5488 = EDGE_CURVE ( 'NONE', #4331, #4827, #2256, .T. ) ;
#5489 = ADVANCED_FACE ( 'NONE', ( #20 ), #6454, .F. ) ;
#5490 = DIRECTION ( 'NONE',  ( 0.0000000000000000000, 1.000000000000000000, 0.0000000000000000000 ) ) ;
#5491 = UNCERTAINTY_MEASURE_WITH_UNIT (LENGTH_MEASURE( 1.000000000000000082E-05 ), #448, 'distance_accuracy_value', 'NONE');
#5492 = CARTESIAN_POINT ( 'NONE',  ( -1.296028625818473667, 0.6751250982098668807, 0.3000000000000000444 ) ) ;
#5493 = MANIFOLD_SOLID_BREP ( '???????-????????5[4]', #2852 ) ;
#5494 = PRESENTATION_LAYER_ASSIGNMENT (  '', '', ( #6695 ) ) ;
#5495 = FILL_AREA_STYLE ('',( #6053 ) ) ;
#5496 = FACE_BOUND ( 'NONE', #3524, .T. ) ;
#5497 = LINE ( 'NONE', #5111, #2762 ) ;
#5498 = CARTESIAN_POINT ( 'NONE',  ( -1.296028625818474778, 0.8251250982098669029, 0.3500000000000000333 ) ) ;
#5499 = ORIENTED_EDGE ( 'NONE', *, *, #2853, .F. ) ;
#5500 =( NAMED_UNIT ( * ) SI_UNIT ( $, .STERADIAN. ) SOLID_ANGLE_UNIT ( ) );
#5501 = ADVANCED_FACE ( 'NONE', ( #4317 ), #2154, .T. ) ;
#5502 = DIRECTION ( 'NONE',  ( 1.971276677246371272E-16, 1.000000000000000000, 0.0000000000000000000 ) ) ;
#5503 = VERTEX_POINT ( 'NONE', #3348 ) ;
#5504 = VECTOR ( 'NONE', #4008, 1000.000000000000000 ) ;
#5505 = VERTEX_POINT ( 'NONE', #609 ) ;
#5506 = DIRECTION ( 'NONE',  ( -0.05233595624294388321, 0.0000000000000000000, -0.9986295347545739443 ) ) ;
#5507 = DIRECTION ( 'NONE',  ( -1.000000000000000000, -0.0000000000000000000, -0.0000000000000000000 ) ) ;
#5508 = AXIS2_PLACEMENT_3D ( 'NONE', #1732, #756, #6409 ) ;
#5509 = ORIENTED_EDGE ( 'NONE', *, *, #95, .T. ) ;
#5510 =( LENGTH_UNIT ( ) NAMED_UNIT ( * ) SI_UNIT ( .MILLI., .METRE. ) );
#5511 = CARTESIAN_POINT ( 'NONE',  ( 0.4838201673205150821, -0.2871897488101240459, 0.4500000000000000666 ) ) ;
#5512 = FACE_OUTER_BOUND ( 'NONE', #4725, .T. ) ;
#5513 = VECTOR ( 'NONE', #1862, 1000.000000000000000 ) ;
#5514 = FILL_AREA_STYLE ('',( #6650 ) ) ;
#5515 = CARTESIAN_POINT ( 'NONE',  ( 2.400000000000002132, -1.199999999999999734, -0.2999999999999993783 ) ) ;
#5516 = LINE ( 'NONE', #3511, #2933 ) ;
#5517 = PLANE ( 'NONE',  #4738 ) ;
#5518 = VECTOR ( 'NONE', #2373, 1000.000000000000000 ) ;
#5519 = CARTESIAN_POINT ( 'NONE',  ( 1.599999999999999867, -2.200000000000000178, -0.5699999999999999512 ) ) ;
#5520 =( GEOMETRIC_REPRESENTATION_CONTEXT ( 3 ) GLOBAL_UNCERTAINTY_ASSIGNED_CONTEXT ( ( #744 ) ) GLOBAL_UNIT_ASSIGNED_CONTEXT ( ( #4448, #1758, #2212 ) ) REPRESENTATION_CONTEXT ( 'NONE', 'WORKASPACE' ) );
#5521 = DIRECTION ( 'NONE',  ( -0.0000000000000000000, -0.0000000000000000000, -1.000000000000000000 ) ) ;
#5522 = SURFACE_STYLE_USAGE ( .BOTH. , #6076 ) ;
#5523 =( LENGTH_UNIT ( ) NAMED_UNIT ( * ) SI_UNIT ( .MILLI., .METRE. ) );
#5524 = CARTESIAN_POINT ( 'NONE',  ( 0.0000000000000000000, 0.0000000000000000000, 0.4500000000000000666 ) ) ;
#5525 = STYLED_ITEM ( 'NONE', ( #2053 ), #5115 ) ;
#5526 = PLANE ( 'NONE',  #5783 ) ;
#5527 = EDGE_CURVE ( 'NONE', #2558, #4937, #4870, .T. ) ;
#5528 = FILL_AREA_STYLE ('',( #697 ) ) ;
#5529 = ORIENTED_EDGE ( 'NONE', *, *, #257, .F. ) ;
#5530 = PLANE ( 'NONE',  #1871 ) ;
#5531 = PRESENTATION_STYLE_ASSIGNMENT (( #4983 ) ) ;
#5532 = VECTOR ( 'NONE', #3661, 1000.000000000000114 ) ;
#5533 = DIRECTION ( 'NONE',  ( 1.000000000000000000, -0.0000000000000000000, -0.0000000000000000000 ) ) ;
#5534 = ORIENTED_EDGE ( 'NONE', *, *, #6557, .T. ) ;
#5535 = AXIS2_PLACEMENT_3D ( 'NONE', #5874, #1160, #3269 ) ;
#5536 = EDGE_CURVE ( 'NONE', #3919, #2850, #4350, .T. ) ;
#5537 = STYLED_ITEM ( 'NONE', ( #4808 ), #5781 ) ;
#5538 = ORIENTED_EDGE ( 'NONE', *, *, #5642, .T. ) ;
#5539 = LINE ( 'NONE', #6610, #500 ) ;
#5540 = DIRECTION ( 'NONE',  ( -0.05233595624294388321, 0.0000000000000000000, 0.9986295347545739443 ) ) ;
#5541 =( NAMED_UNIT ( * ) SI_UNIT ( $, .STERADIAN. ) SOLID_ANGLE_UNIT ( ) );
#5542 = ORIENTED_EDGE ( 'NONE', *, *, #2170, .T. ) ;
#5543 = VECTOR ( 'NONE', #2090, 1000.000000000000000 ) ;
#5544 = VERTEX_POINT ( 'NONE', #5456 ) ;
#5545 = MECHANICAL_DESIGN_GEOMETRIC_PRESENTATION_REPRESENTATION (  '', ( #5762 ), #206 ) ;
#5546 = PRESENTATION_LAYER_ASSIGNMENT (  '', '', ( #207 ) ) ;
#5547 =( LENGTH_UNIT ( ) NAMED_UNIT ( * ) SI_UNIT ( .MILLI., .METRE. ) );
#5548 = CARTESIAN_POINT ( 'NONE',  ( -1.296028625818473667, -0.7287392438591724364, 0.3500000000000000333 ) ) ;
#5549 = COLOUR_RGB ( '',1.000000000000000000, 1.000000000000000000, 1.000000000000000000 ) ;
#5550 = VERTEX_POINT ( 'NONE', #3384 ) ;
#5551 = LINE ( 'NONE', #5679, #1304 ) ;
#5552 = EDGE_CURVE ( 'NONE', #2805, #3041, #6623, .T. ) ;
#5553 = CARTESIAN_POINT ( 'NONE',  ( 2.700000000000000622, -1.199999999999999734, -0.5700000000000006173 ) ) ;
#5554 = ORIENTED_EDGE ( 'NONE', *, *, #3148, .F. ) ;
#5555 = CARTESIAN_POINT ( 'NONE',  ( 1.262305442492821728, 0.6070589046025534063, 0.3500000000000000333 ) ) ;
#5556 = LINE ( 'NONE', #3552, #2937 ) ;
#5557 = VERTEX_POINT ( 'NONE', #3416 ) ;
#5558 = DIRECTION ( 'NONE',  ( 0.0000000000000000000, -0.0000000000000000000, 1.000000000000000000 ) ) ;
#5559 = LINE ( 'NONE', #2295, #1007 ) ;
#5560 = VERTEX_POINT ( 'NONE', #4549 ) ;
#5561 = EDGE_LOOP ( 'NONE', ( #2301, #4097, #2372, #935 ) ) ;
#5562 = EDGE_CURVE ( 'NONE', #1309, #6152, #5012, .T. ) ;
#5563 = PRESENTATION_LAYER_ASSIGNMENT (  '', '', ( #4683 ) ) ;
#5564 = ORIENTED_EDGE ( 'NONE', *, *, #1789, .F. ) ;
#5565 = VECTOR ( 'NONE', #3226, 1000.000000000000000 ) ;
#5566 = AXIS2_PLACEMENT_3D ( 'NONE', #6020, #2848, #201 ) ;
#5567 = CARTESIAN_POINT ( 'NONE',  ( -1.700000000000000400, -2.099999999999999645, -0.7699999999999999067 ) ) ;
#5568 = VERTEX_POINT ( 'NONE', #1361 ) ;
#5569 = EDGE_CURVE ( 'NONE', #6152, #58, #2355, .T. ) ;
#5570 = ADVANCED_FACE ( 'NONE', ( #1769 ), #3972, .T. ) ;
#5571 = VERTEX_POINT ( 'NONE', #5038 ) ;
#5572 = AXIS2_PLACEMENT_3D ( 'NONE', #1691, #1185, #3372 ) ;
#5573 = CARTESIAN_POINT ( 'NONE',  ( 0.4838201673205150821, 1.116322564166215559, 0.4500000000000000666 ) ) ;
#5574 =( NAMED_UNIT ( * ) SI_UNIT ( $, .STERADIAN. ) SOLID_ANGLE_UNIT ( ) );
#5575 = CARTESIAN_POINT ( 'NONE',  ( 2.470127565808668990, 1.099999999999999645, -0.5699999999999999512 ) ) ;
#5576 = COLOUR_RGB ( '',1.000000000000000000, 1.000000000000000000, 1.000000000000000000 ) ;
#5577 = DIRECTION ( 'NONE',  ( -1.000000000000000000, 0.0000000000000000000, 0.0000000000000000000 ) ) ;
#5578 = EDGE_CURVE ( 'NONE', #5782, #5116, #761, .T. ) ;
#5579 = DIRECTION ( 'NONE',  ( 0.0000000000000000000, -1.000000000000000000, -0.0000000000000000000 ) ) ;
#5580 = VECTOR ( 'NONE', #3062, 1000.000000000000000 ) ;
#5581 = LINE ( 'NONE', #2802, #1012 ) ;
#5582 = DIRECTION ( 'NONE',  ( -1.000000000000000000, 0.0000000000000000000, 0.0000000000000000000 ) ) ;
#5583 = ADVANCED_FACE ( 'NONE', ( #260 ), #3940, .F. ) ;
#5584 = CARTESIAN_POINT ( 'NONE',  ( 0.2838201673205150155, 0.4046747618464905383, 0.4500000000000000666 ) ) ;
#5585 = ORIENTED_EDGE ( 'NONE', *, *, #5136, .T. ) ;
#5586 = LINE ( 'NONE', #4912, #5256 ) ;
#5587 = DIRECTION ( 'NONE',  ( 0.0000000000000000000, 1.000000000000000000, 0.0000000000000000000 ) ) ;
#5588 = AXIS2_PLACEMENT_3D ( 'NONE', #6278, #3116, #1128 ) ;
#5589 = AXIS2_PLACEMENT_3D ( 'NONE', #6801, #5321, #6866 ) ;
#5590 = CARTESIAN_POINT ( 'NONE',  ( 2.470127565808668990, -1.199999999999999734, -0.5699999999999999512 ) ) ;
#5591 = VERTEX_POINT ( 'NONE', #6013 ) ;
#5592 = CARTESIAN_POINT ( 'NONE',  ( 0.4838201673205150821, 0.4046747618464905383, 0.4500000000000000666 ) ) ;
#5593 =( NAMED_UNIT ( * ) PLANE_ANGLE_UNIT ( ) SI_UNIT ( $, .RADIAN. ) );
#5594 = VERTEX_POINT ( 'NONE', #2877 ) ;
#5595 = STYLED_ITEM ( 'NONE', ( #11 ), #3478 ) ;
#5596 = VERTEX_POINT ( 'NONE', #6047 ) ;
#5597 = PRESENTATION_LAYER_ASSIGNMENT (  '', '', ( #2710 ) ) ;
#5598 = PRESENTATION_STYLE_ASSIGNMENT (( #5127 ) ) ;
#5599 = ORIENTED_EDGE ( 'NONE', *, *, #1252, .F. ) ;
#5600 = CARTESIAN_POINT ( 'NONE',  ( -2.700000000000001954, -1.199999999999999734, -0.3000000000000003220 ) ) ;
#5601 = ORIENTED_EDGE ( 'NONE', *, *, #5975, .F. ) ;
#5602 = AXIS2_PLACEMENT_3D ( 'NONE', #4976, #613, #4355 ) ;
#5603 = EDGE_CURVE ( 'NONE', #1507, #1945, #287, .T. ) ;
#5604 = ADVANCED_FACE ( 'NONE', ( #6135 ), #6598, .F. ) ;
#5605 = CARTESIAN_POINT ( 'NONE',  ( -1.146028625818473756, -0.7287392438591713262, 0.3500000000000000333 ) ) ;
#5606 = CARTESIAN_POINT ( 'NONE',  ( -0.1415856775653445976, -0.1584055984559433750, 0.4500000000000000666 ) ) ;
#5607 = DIRECTION ( 'NONE',  ( 0.0000000000000000000, -1.000000000000000000, -0.0000000000000000000 ) ) ;
#5608 = FACE_OUTER_BOUND ( 'NONE', #5350, .T. ) ;
#5609 = AXIS2_PLACEMENT_3D ( 'NONE', #2903, #2413, #6110 ) ;
#5610 = STYLED_ITEM ( 'NONE', ( #4417 ), #4135 ) ;
#5611 = FILL_AREA_STYLE ('',( #5761 ) ) ;
#5612 = EDGE_CURVE ( 'NONE', #4116, #5755, #3654, .T. ) ;
#5613 = CARTESIAN_POINT ( 'NONE',  ( 0.0000000000000000000, -2.200000000000000178, -0.6999999999999999556 ) ) ;
#5614 = DIRECTION ( 'NONE',  ( -0.0000000000000000000, 1.000000000000000000, -0.0000000000000000000 ) ) ;
#5615 = AXIS2_PLACEMENT_3D ( 'NONE', #1658, #2827, #2753 ) ;
#5616 = CARTESIAN_POINT ( 'NONE',  ( 0.2103187164337324833, 0.4570589046025521629, 0.3500000000000000333 ) ) ;
#5617 = FACE_OUTER_BOUND ( 'NONE', #4021, .T. ) ;
#5618 = ORIENTED_EDGE ( 'NONE', *, *, #592, .F. ) ;
#5619 =( NAMED_UNIT ( * ) SI_UNIT ( $, .STERADIAN. ) SOLID_ANGLE_UNIT ( ) );
#5620 = EDGE_CURVE ( 'NONE', #989, #6790, #1548, .T. ) ;
#5621 = CARTESIAN_POINT ( 'NONE',  ( -1.296028625818473667, -0.7287392438591724364, 0.3000000000000000444 ) ) ;
#5622 = PLANE ( 'NONE',  #2246 ) ;
#5623 = VERTEX_POINT ( 'NONE', #5239 ) ;
#5624 = SURFACE_STYLE_USAGE ( .BOTH. , #3492 ) ;
#5625 = ORIENTED_EDGE ( 'NONE', *, *, #5884, .T. ) ;
#5626 = ADVANCED_FACE ( 'NONE', ( #317 ), #1972, .F. ) ;
#5627 = EDGE_LOOP ( 'NONE', ( #1078, #6407, #4009, #3293 ) ) ;
#5628 = VECTOR ( 'NONE', #4283, 1000.000000000000000 ) ;
#5629 = MECHANICAL_DESIGN_GEOMETRIC_PRESENTATION_REPRESENTATION (  '', ( #2856 ), #1426 ) ;
#5630 = DIRECTION ( 'NONE',  ( 1.000000000000000000, 0.0000000000000000000, 0.0000000000000000000 ) ) ;
#5631 = SURFACE_STYLE_USAGE ( .BOTH. , #3410 ) ;
#5632 = ORIENTED_EDGE ( 'NONE', *, *, #2271, .F. ) ;
#5633 = FACE_OUTER_BOUND ( 'NONE', #4759, .T. ) ;
#5634 = VECTOR ( 'NONE', #6226, 1000.000000000000000 ) ;
#5635 = CARTESIAN_POINT ( 'NONE',  ( 0.0000000000000000000, 0.0000000000000000000, -0.5699999999999999512 ) ) ;
#5636 = DIRECTION ( 'NONE',  ( -1.896992367213331451E-16, 1.000000000000000000, 0.0000000000000000000 ) ) ;
#5637 = VECTOR ( 'NONE', #5810, 1000.000000000000000 ) ;
#5638 =( NAMED_UNIT ( * ) PLANE_ANGLE_UNIT ( ) SI_UNIT ( $, .RADIAN. ) );
#5639 = CARTESIAN_POINT ( 'NONE',  ( -1.599999999999999867, 1.100000000000000089, -0.5699999999999999512 ) ) ;
#5640 = PRODUCT_DEFINITION ( 'UNKNOWN', '', #3343, #2326 ) ;
#5641 = VECTOR ( 'NONE', #2261, 1000.000000000000114 ) ;
#5642 = EDGE_CURVE ( 'NONE', #2004, #681, #5716, .T. ) ;
#5643 = LINE ( 'NONE', #3390, #2975 ) ;
#5644 = VECTOR ( 'NONE', #2897, 1000.000000000000000 ) ;
#5645 = ORIENTED_EDGE ( 'NONE', *, *, #6753, .F. ) ;
#5646 = ORIENTED_EDGE ( 'NONE', *, *, #2036, .T. ) ;
#5647 = EDGE_CURVE ( 'NONE', #5118, #836, #857, .T. ) ;
#5648 = CARTESIAN_POINT ( 'NONE',  ( -1.971607025033961236, 0.8251250982098667919, 0.3500000000000000333 ) ) ;
#5649 = UNCERTAINTY_MEASURE_WITH_UNIT (LENGTH_MEASURE( 1.000000000000000082E-05 ), #6573, 'distance_accuracy_value', 'NONE');
#5650 = DIRECTION ( 'NONE',  ( 2.409338161078899674E-16, 1.000000000000000000, -0.0000000000000000000 ) ) ;
#5651 = PLANE ( 'NONE',  #5240 ) ;
#5652 = ORIENTED_EDGE ( 'NONE', *, *, #4766, .F. ) ;
#5653 = VECTOR ( 'NONE', #5277, 1000.000000000000000 ) ;
#5654 = DIRECTION ( 'NONE',  ( 0.0000000000000000000, 0.0000000000000000000, -1.000000000000000000 ) ) ;
#5655 = ORIENTED_EDGE ( 'NONE', *, *, #5569, .T. ) ;
#5656 = FACE_OUTER_BOUND ( 'NONE', #4688, .T. ) ;
#5657 = ADVANCED_FACE ( 'NONE', ( #2005 ), #4132, .T. ) ;
#5658 = MECHANICAL_DESIGN_GEOMETRIC_PRESENTATION_REPRESENTATION (  '', ( #1784 ), #3574 ) ;
#5659 = ORIENTED_EDGE ( 'NONE', *, *, #5123, .F. ) ;
#5660 = PRESENTATION_STYLE_ASSIGNMENT (( #444 ) ) ;
#5661 = ORIENTED_EDGE ( 'NONE', *, *, #5460, .T. ) ;
#5662 = CARTESIAN_POINT ( 'NONE',  ( 0.5500000000000000444, -1.049999999999999822, -0.5699999999999999512 ) ) ;
#5663 = PRESENTATION_LAYER_ASSIGNMENT (  '', '', ( #2014 ) ) ;
#5664 = ADVANCED_FACE ( 'NONE', ( #5862 ), #2724, .F. ) ;
#5665 = UNCERTAINTY_MEASURE_WITH_UNIT (LENGTH_MEASURE( 1.000000000000000082E-05 ), #4235, 'distance_accuracy_value', 'NONE');
#5666 = ORIENTED_EDGE ( 'NONE', *, *, #5275, .F. ) ;
#5667 = VECTOR ( 'NONE', #5344, 1000.000000000000114 ) ;
#5668 =( NAMED_UNIT ( * ) SI_UNIT ( $, .STERADIAN. ) SOLID_ANGLE_UNIT ( ) );
#5669 = AXIS2_PLACEMENT_3D ( 'NONE', #2179, #1116, #6402 ) ;
#5670 =( NAMED_UNIT ( * ) PLANE_ANGLE_UNIT ( ) SI_UNIT ( $, .RADIAN. ) );
#5671 = FACE_OUTER_BOUND ( 'NONE', #5973, .T. ) ;
#5672 = CARTESIAN_POINT ( 'NONE',  ( -1.146028625818473756, -0.7287392438591713262, 0.3500000000000000333 ) ) ;
#5673 = ORIENTED_EDGE ( 'NONE', *, *, #4086, .T. ) ;
#5674 = CARTESIAN_POINT ( 'NONE',  ( 2.400000000000002132, 2.100000000000000089, -0.2999999999999993783 ) ) ;
#5675 = DIRECTION ( 'NONE',  ( -3.043374519257556424E-15, -0.0000000000000000000, -1.000000000000000000 ) ) ;
#5676 = CARTESIAN_POINT ( 'NONE',  ( 0.0000000000000000000, 0.0000000000000000000, -0.5699999999999999512 ) ) ;
#5677 = UNCERTAINTY_MEASURE_WITH_UNIT (LENGTH_MEASURE( 1.000000000000000082E-05 ), #741, 'distance_accuracy_value', 'NONE');
#5678 = VECTOR ( 'NONE', #215, 1000.000000000000000 ) ;
#5679 = CARTESIAN_POINT ( 'NONE',  ( 2.463314554501873310, 0.0000000000000000000, -0.6999999999999999556 ) ) ;
#5680 = AXIS2_PLACEMENT_3D ( 'NONE', #816, #4378, #6483 ) ;
#5681 = LINE ( 'NONE', #931, #1015 ) ;
#5682 = LINE ( 'NONE', #1741, #6101 ) ;
#5683 = MECHANICAL_DESIGN_GEOMETRIC_PRESENTATION_REPRESENTATION (  '', ( #2912 ), #3254 ) ;
#5684 = ORIENTED_EDGE ( 'NONE', *, *, #2899, .F. ) ;
#5685 = UNCERTAINTY_MEASURE_WITH_UNIT (LENGTH_MEASURE( 1.000000000000000082E-05 ), #1114, 'distance_accuracy_value', 'NONE');
#5686 = DIRECTION ( 'NONE',  ( 1.000000000000000000, 1.185975313885231567E-16, -0.0000000000000000000 ) ) ;
#5687 = CARTESIAN_POINT ( 'NONE',  ( 2.500000000000001332, 2.100000000000000089, -0.4700000000000001399 ) ) ;
#5688 =( NAMED_UNIT ( * ) PLANE_ANGLE_UNIT ( ) SI_UNIT ( $, .RADIAN. ) );
#5689 = MANIFOLD_SOLID_BREP ( '???????-????????4[2]', #1825 ) ;
#5690 = EDGE_CURVE ( 'NONE', #5927, #5591, #6006, .T. ) ;
#5691 = LINE ( 'NONE', #2689, #5294 ) ;
#5692 = ORIENTED_EDGE ( 'NONE', *, *, #2807, .T. ) ;
#5693 = VERTEX_POINT ( 'NONE', #1189 ) ;
#5694 = MECHANICAL_DESIGN_GEOMETRIC_PRESENTATION_REPRESENTATION (  '', ( #4270 ), #6358 ) ;
#5695 = ORIENTED_EDGE ( 'NONE', *, *, #2134, .T. ) ;
#5696 = ORIENTED_EDGE ( 'NONE', *, *, #5380, .F. ) ;
#5697 = EDGE_CURVE ( 'NONE', #1646, #6147, #4565, .T. ) ;
#5698 =( NAMED_UNIT ( * ) PLANE_ANGLE_UNIT ( ) SI_UNIT ( $, .RADIAN. ) );
#5699 = PRESENTATION_LAYER_ASSIGNMENT (  '', '', ( #5378 ) ) ;
#5700 =( NAMED_UNIT ( * ) PLANE_ANGLE_UNIT ( ) SI_UNIT ( $, .RADIAN. ) );
#5701 = ORIENTED_EDGE ( 'NONE', *, *, #1593, .F. ) ;
#5702 = FILL_AREA_STYLE_COLOUR ( '', #2359 ) ;
#5703 =( GEOMETRIC_REPRESENTATION_CONTEXT ( 3 ) GLOBAL_UNCERTAINTY_ASSIGNED_CONTEXT ( ( #3893 ) ) GLOBAL_UNIT_ASSIGNED_CONTEXT ( ( #4490, #3454, #2419 ) ) REPRESENTATION_CONTEXT ( 'NONE', 'WORKASPACE' ) );
#5704 = CARTESIAN_POINT ( 'NONE',  ( -2.700000000000002842, -2.099999999999999645, -6.982962677686266711E-16 ) ) ;
#5705 = EDGE_CURVE ( 'NONE', #890, #6033, #1224, .T. ) ;
#5706 = FILL_AREA_STYLE ('',( #3094 ) ) ;
#5707 = SURFACE_SIDE_STYLE ('',( #6105 ) ) ;
#5708 = DIRECTION ( 'NONE',  ( -1.000000000000000000, 0.0000000000000000000, 0.0000000000000000000 ) ) ;
#5709 = EDGE_LOOP ( 'NONE', ( #5062, #4423, #4631, #622 ) ) ;
#5710 = LINE ( 'NONE', #4159, #5796 ) ;
#5711 = DIRECTION ( 'NONE',  ( 0.0000000000000000000, 0.0000000000000000000, -1.000000000000000000 ) ) ;
#5712 = AXIS2_PLACEMENT_3D ( 'NONE', #313, #3448, #3411 ) ;
#5713 = PRESENTATION_STYLE_ASSIGNMENT (( #5748 ) ) ;
#5714 = SURFACE_SIDE_STYLE ('',( #1419 ) ) ;
#5715 = EDGE_LOOP ( 'NONE', ( #3079, #3002, #1821, #5027 ) ) ;
#5716 = LINE ( 'NONE', #385, #2319 ) ;
#5717 = SURFACE_STYLE_USAGE ( .BOTH. , #5272 ) ;
#5718 = ORIENTED_EDGE ( 'NONE', *, *, #5647, .F. ) ;
#5719 = CARTESIAN_POINT ( 'NONE',  ( 0.2103187164337327886, -2.056952929731181712, 0.3500000000000000333 ) ) ;
#5720 = CARTESIAN_POINT ( 'NONE',  ( 1.700000000000000622, -1.199999999999999734, -0.7699999999999999067 ) ) ;
#5721 =( GEOMETRIC_REPRESENTATION_CONTEXT ( 3 ) GLOBAL_UNCERTAINTY_ASSIGNED_CONTEXT ( ( #2892 ) ) GLOBAL_UNIT_ASSIGNED_CONTEXT ( ( #6041, #647, #5484 ) ) REPRESENTATION_CONTEXT ( 'NONE', 'WORKASPACE' ) );
#5722 = CARTESIAN_POINT ( 'NONE',  ( 0.4838201673205150821, 0.4046747618464905383, 0.4500000000000000666 ) ) ;
#5723 = SURFACE_STYLE_FILL_AREA ( #1397 ) ;
#5724 = AXIS2_PLACEMENT_3D ( 'NONE', #4231, #6778, #6319 ) ;
#5725 = ORIENTED_EDGE ( 'NONE', *, *, #6753, .T. ) ;
#5726 = LINE ( 'NONE', #1462, #5192 ) ;
#5727 = ORIENTED_EDGE ( 'NONE', *, *, #4999, .T. ) ;
#5728 = VECTOR ( 'NONE', #5848, 1000.000000000000000 ) ;
#5729 = VERTEX_POINT ( 'NONE', #5600 ) ;
#5730 = VERTEX_POINT ( 'NONE', #1760 ) ;
#5731 = CIRCLE ( 'NONE', #746, 0.3000000000000002665 ) ;
#5732 = CYLINDRICAL_SURFACE ( 'NONE', #4543, 0.1500000000000000222 ) ;
#5733 = SURFACE_STYLE_USAGE ( .BOTH. , #2532 ) ;
#5734 = VERTEX_POINT ( 'NONE', #3903 ) ;
#5735 = FILL_AREA_STYLE ('',( #5702 ) ) ;
#5736 = EDGE_CURVE ( 'NONE', #1577, #2333, #722, .T. ) ;
#5737 = AXIS2_PLACEMENT_3D ( 'NONE', #2008, #4171, #6270 ) ;
#5738 = PRESENTATION_LAYER_ASSIGNMENT (  '', '', ( #6399 ) ) ;
#5739 = DIRECTION ( 'NONE',  ( 1.000000000000000000, 2.404031325876694646E-16, 0.0000000000000000000 ) ) ;
#5740 = SURFACE_SIDE_STYLE ('',( #6259 ) ) ;
#5741 = CYLINDRICAL_SURFACE ( 'NONE', #3251, 0.3000000000000000444 ) ;
#5742 = DIRECTION ( 'NONE',  ( 1.445602896647339114E-15, 0.0000000000000000000, 1.000000000000000000 ) ) ;
#5743 = SURFACE_SIDE_STYLE ('',( #580 ) ) ;
#5744 = VECTOR ( 'NONE', #6307, 1000.000000000000000 ) ;
#5745 = CARTESIAN_POINT ( 'NONE',  ( -0.03316504619021998224, -2.056952929731181712, 0.3500000000000000333 ) ) ;
#5746 = UNCERTAINTY_MEASURE_WITH_UNIT (LENGTH_MEASURE( 1.000000000000000082E-05 ), #2884, 'distance_accuracy_value', 'NONE');
#5747 = EDGE_LOOP ( 'NONE', ( #3133, #4739, #627, #4302 ) ) ;
#5748 = SURFACE_STYLE_USAGE ( .BOTH. , #5820 ) ;
#5749 = ADVANCED_FACE ( 'NONE', ( #3532 ), #5161, .F. ) ;
#5750 = PRESENTATION_LAYER_ASSIGNMENT (  '', '', ( #1877 ) ) ;
#5751 = CARTESIAN_POINT ( 'NONE',  ( 0.0000000000000000000, -2.463314554501873310, -0.6999999999999999556 ) ) ;
#5752 = VECTOR ( 'NONE', #4629, 1000.000000000000000 ) ;
#5753 = CARTESIAN_POINT ( 'NONE',  ( -1.599999999999999645, 2.200000000000000178, -0.5699999999999999512 ) ) ;
#5754 = FACE_OUTER_BOUND ( 'NONE', #4109, .T. ) ;
#5755 = VERTEX_POINT ( 'NONE', #2466 ) ;
#5756 = FILL_AREA_STYLE ('',( #2548 ) ) ;
#5757 = UNCERTAINTY_MEASURE_WITH_UNIT (LENGTH_MEASURE( 1.000000000000000082E-05 ), #294, 'distance_accuracy_value', 'NONE');
#5758 =( NAMED_UNIT ( * ) PLANE_ANGLE_UNIT ( ) SI_UNIT ( $, .RADIAN. ) );
#5759 = PRESENTATION_LAYER_ASSIGNMENT (  '', '', ( #4004 ) ) ;
#5760 = EDGE_CURVE ( 'NONE', #2558, #5251, #183, .T. ) ;
#5761 = FILL_AREA_STYLE_COLOUR ( '', #2560 ) ;
#5762 = STYLED_ITEM ( 'NONE', ( #6365 ), #406 ) ;
#5763 = CARTESIAN_POINT ( 'NONE',  ( 2.500000000000002220, -2.430009069179262848, 0.8000000000000000444 ) ) ;
#5764 = ORIENTED_EDGE ( 'NONE', *, *, #6769, .T. ) ;
#5765 = CARTESIAN_POINT ( 'NONE',  ( 2.500000000000002220, 2.100000000000000089, 0.0000000000000000000 ) ) ;
#5766 = EDGE_LOOP ( 'NONE', ( #709, #2180, #5764, #2520 ) ) ;
#5767 = AXIS2_PLACEMENT_3D ( 'NONE', #678, #3337, #5445 ) ;
#5768 = VERTEX_POINT ( 'NONE', #1792 ) ;
#5769 = SURFACE_STYLE_FILL_AREA ( #1498 ) ;
#5770 = LINE ( 'NONE', #3123, #4435 ) ;
#5771 = EDGE_CURVE ( 'NONE', #5948, #2045, #2952, .T. ) ;
#5772 = ORIENTED_EDGE ( 'NONE', *, *, #694, .F. ) ;
#5773 = DIRECTION ( 'NONE',  ( -1.000000000000000000, 0.0000000000000000000, 0.0000000000000000000 ) ) ;
#5774 = DIRECTION ( 'NONE',  ( 3.043374519257556424E-15, -0.0000000000000000000, -1.000000000000000000 ) ) ;
#5775 =( LENGTH_UNIT ( ) NAMED_UNIT ( * ) SI_UNIT ( .MILLI., .METRE. ) );
#5776 = LINE ( 'NONE', #2100, #6564 ) ;
#5777 = LINE ( 'NONE', #1539, #3664 ) ;
#5778 = VERTEX_POINT ( 'NONE', #1441 ) ;
#5780 = EDGE_CURVE ( 'NONE', #5976, #2774, #3567, .T. ) ;
#5779 = CIRCLE ( 'NONE', #5457, 0.1000000000000002554 ) ;
#5781 = ADVANCED_FACE ( 'NONE', ( #2123 ), #5732, .T. ) ;
#5782 = VERTEX_POINT ( 'NONE', #6219 ) ;
#5783 = AXIS2_PLACEMENT_3D ( 'NONE', #1844, #232, #696 ) ;
#5784 = FILL_AREA_STYLE_COLOUR ( '', #1561 ) ;
#5785 = CARTESIAN_POINT ( 'NONE',  ( -2.500000000000001776, 2.100000000000000089, -0.2999999999999997113 ) ) ;
#5786 = DIRECTION ( 'NONE',  ( 0.05233595624294388321, -0.0000000000000000000, -0.9986295347545739443 ) ) ;
#5787 = EDGE_CURVE ( 'NONE', #3223, #507, #2640, .T. ) ;
#5788 = SURFACE_STYLE_FILL_AREA ( #5338 ) ;
#5789 = ORIENTED_EDGE ( 'NONE', *, *, #2417, .F. ) ;
#5790 = COLOUR_RGB ( '',0.8313725490196077761, 0.8392156862745098200, 0.8313725490196077761 ) ;
#5791 = LINE ( 'NONE', #2006, #265 ) ;
#5792 = ORIENTED_EDGE ( 'NONE', *, *, #2595, .F. ) ;
#5793 = DIRECTION ( 'NONE',  ( -0.0000000000000000000, -0.0000000000000000000, -1.000000000000000000 ) ) ;
#5794 = FILL_AREA_STYLE_COLOUR ( '', #3409 ) ;
#5795 = CARTESIAN_POINT ( 'NONE',  ( -2.500000000000002220, 1.680009069179262626, 0.0000000000000000000 ) ) ;
#5796 = VECTOR ( 'NONE', #3539, 1000.000000000000000 ) ;
#5797 = DIRECTION ( 'NONE',  ( 0.0000000000000000000, -1.000000000000000000, 0.0000000000000000000 ) ) ;
#5798 = LINE ( 'NONE', #2185, #5532 ) ;
#5799 = ADVANCED_FACE ( 'NONE', ( #3088 ), #6868, .T. ) ;
#5800 = SURFACE_SIDE_STYLE ('',( #2592 ) ) ;
#5801 = ORIENTED_EDGE ( 'NONE', *, *, #4811, .T. ) ;
#5802 = SURFACE_STYLE_USAGE ( .BOTH. , #4732 ) ;
#5803 = CARTESIAN_POINT ( 'NONE',  ( -2.500000000000002220, -2.500000000000002220, 0.0000000000000000000 ) ) ;
#5804 = EDGE_LOOP ( 'NONE', ( #1563, #3068, #2106, #55 ) ) ;
#5805 = MECHANICAL_DESIGN_GEOMETRIC_PRESENTATION_REPRESENTATION (  '', ( #5471 ), #2801 ) ;
#5806 =( NAMED_UNIT ( * ) SI_UNIT ( $, .STERADIAN. ) SOLID_ANGLE_UNIT ( ) );
#5807 = CARTESIAN_POINT ( 'NONE',  ( -1.700000000000000622, 2.100000000000000089, -0.7699999999999999067 ) ) ;
#5808 =( NAMED_UNIT ( * ) SI_UNIT ( $, .STERADIAN. ) SOLID_ANGLE_UNIT ( ) );
#5809 = ORIENTED_EDGE ( 'NONE', *, *, #892, .T. ) ;
#5810 = DIRECTION ( 'NONE',  ( -0.0000000000000000000, -0.0000000000000000000, -1.000000000000000000 ) ) ;
#5811 =( NAMED_UNIT ( * ) PLANE_ANGLE_UNIT ( ) SI_UNIT ( $, .RADIAN. ) );
#5812 = DIRECTION ( 'NONE',  ( 1.000000000000000000, 0.0000000000000000000, 0.0000000000000000000 ) ) ;
#5813 = PLANE ( 'NONE',  #3375 ) ;
#5814 = VERTEX_POINT ( 'NONE', #6773 ) ;
#5815 = VECTOR ( 'NONE', #2838, 1000.000000000000000 ) ;
#5816 = MECHANICAL_DESIGN_GEOMETRIC_PRESENTATION_REPRESENTATION (  '', ( #1047 ), #2159 ) ;
#5817 = DIRECTION ( 'NONE',  ( -4.822120870246893339E-16, 1.000000000000000000, -0.0000000000000000000 ) ) ;
#5818 = DIRECTION ( 'NONE',  ( 0.0000000000000000000, 0.0000000000000000000, -1.000000000000000000 ) ) ;
#5819 = ORIENTED_EDGE ( 'NONE', *, *, #6372, .T. ) ;
#5820 = SURFACE_SIDE_STYLE ('',( #3720 ) ) ;
#5821 = AXIS2_PLACEMENT_3D ( 'NONE', #5966, #1793, #2833 ) ;
#5822 = EDGE_CURVE ( 'NONE', #3738, #6497, #1107, .T. ) ;
#5823 = EDGE_CURVE ( 'NONE', #6432, #4389, #5261, .T. ) ;
#5824 = FACE_OUTER_BOUND ( 'NONE', #1001, .T. ) ;
#5825 = FILL_AREA_STYLE_COLOUR ( '', #2098 ) ;
#5826 = LINE ( 'NONE', #4787, #178 ) ;
#5827 = FILL_AREA_STYLE ('',( #1036 ) ) ;
#5828 = AXIS2_PLACEMENT_3D ( 'NONE', #3475, #6710, #5577 ) ;
#5829 = VERTEX_POINT ( 'NONE', #4742 ) ;
#5830 = SURFACE_STYLE_USAGE ( .BOTH. , #4276 ) ;
#5831 = ORIENTED_EDGE ( 'NONE', *, *, #3583, .F. ) ;
#5832 = ADVANCED_FACE ( 'NONE', ( #4669 ), #4224, .F. ) ;
#5833 = DIRECTION ( 'NONE',  ( -1.000000000000000000, 2.710505431213759113E-16, -0.0000000000000000000 ) ) ;
#5834 = DIRECTION ( 'NONE',  ( 1.000000000000000000, 0.0000000000000000000, 0.0000000000000000000 ) ) ;
#5835 = CARTESIAN_POINT ( 'NONE',  ( 0.0000000000000000000, 0.0000000000000000000, -0.5699999999999999512 ) ) ;
#5836 = EDGE_LOOP ( 'NONE', ( #5328, #5789, #1499, #1102 ) ) ;
#5837 = DIRECTION ( 'NONE',  ( -1.000000000000000000, -0.0000000000000000000, -0.0000000000000000000 ) ) ;
#5838 = STYLED_ITEM ( 'NONE', ( #5713 ), #4228 ) ;
#5839 = DIRECTION ( 'NONE',  ( 0.0000000000000000000, -0.0000000000000000000, 1.000000000000000000 ) ) ;
#5840 = EDGE_CURVE ( 'NONE', #5693, #3580, #4424, .T. ) ;
#5841 = PLANE ( 'NONE',  #464 ) ;
#5842 = ORIENTED_EDGE ( 'NONE', *, *, #2337, .F. ) ;
#5843 = DIRECTION ( 'NONE',  ( 0.0000000000000000000, -1.000000000000000000, 0.0000000000000000000 ) ) ;
#5844 = ORIENTED_EDGE ( 'NONE', *, *, #5527, .F. ) ;
#5845 = LINE ( 'NONE', #1095, #2917 ) ;
#5846 = EDGE_CURVE ( 'NONE', #5280, #3564, #1137, .T. ) ;
#5847 = ORIENTED_EDGE ( 'NONE', *, *, #6354, .T. ) ;
#5848 = DIRECTION ( 'NONE',  ( -0.0000000000000000000, -1.000000000000000000, -0.0000000000000000000 ) ) ;
#5849 = DIRECTION ( 'NONE',  ( 0.05233595624294388321, -0.0000000000000000000, 0.9986295347545739443 ) ) ;
#5850 = COLOUR_RGB ( '',0.8313725490196077761, 0.8392156862745098200, 0.8313725490196077761 ) ;
#5851 = ORIENTED_EDGE ( 'NONE', *, *, #2054, .T. ) ;
#5852 = PLANE ( 'NONE',  #1701 ) ;
#5853 = ORIENTED_EDGE ( 'NONE', *, *, #3388, .F. ) ;
#5854 =( NAMED_UNIT ( * ) SI_UNIT ( $, .STERADIAN. ) SOLID_ANGLE_UNIT ( ) );
#5855 = VECTOR ( 'NONE', #3560, 1000.000000000000000 ) ;
#5856 =( NAMED_UNIT ( * ) SI_UNIT ( $, .STERADIAN. ) SOLID_ANGLE_UNIT ( ) );
#5857 = DIRECTION ( 'NONE',  ( -0.0000000000000000000, -0.0000000000000000000, -1.000000000000000000 ) ) ;
#5858 = CARTESIAN_POINT ( 'NONE',  ( -2.500000000000001776, -2.099999999999999645, -0.2999999999999997113 ) ) ;
#5859 = SURFACE_STYLE_FILL_AREA ( #2611 ) ;
#5860 = VECTOR ( 'NONE', #5469, 1000.000000000000000 ) ;
#5861 = MECHANICAL_DESIGN_GEOMETRIC_PRESENTATION_REPRESENTATION (  '', ( #2964 ), #5101 ) ;
#5863 = EDGE_CURVE ( 'NONE', #5927, #3803, #1779, .T. ) ;
#5862 = FACE_OUTER_BOUND ( 'NONE', #5836, .T. ) ;
#5864 = FACE_OUTER_BOUND ( 'NONE', #3100, .T. ) ;
#5865 = ORIENTED_EDGE ( 'NONE', *, *, #3472, .T. ) ;
#5866 = LINE ( 'NONE', #2253, #3432 ) ;
#5867 =( NAMED_UNIT ( * ) SI_UNIT ( $, .STERADIAN. ) SOLID_ANGLE_UNIT ( ) );
#5868 = STYLED_ITEM ( 'NONE', ( #4825 ), #6701 ) ;
#5869 = CARTESIAN_POINT ( 'NONE',  ( 2.500000000000002220, -2.200000000000000622, 0.0000000000000000000 ) ) ;
#5870 = LINE ( 'NONE', #1123, #2632 ) ;
#5871 = AXIS2_PLACEMENT_3D ( 'NONE', #4221, #1201, #3199 ) ;
#5872 =( NAMED_UNIT ( * ) SI_UNIT ( $, .STERADIAN. ) SOLID_ANGLE_UNIT ( ) );
#5873 = ORIENTED_EDGE ( 'NONE', *, *, #2498, .F. ) ;
#5874 = CARTESIAN_POINT ( 'NONE',  ( -2.500000000000002220, -2.500000000000002220, 0.0000000000000000000 ) ) ;
#5875 = EDGE_CURVE ( 'NONE', #4770, #5550, #400, .T. ) ;
#5876 = CARTESIAN_POINT ( 'NONE',  ( -1.043697599916538765, 0.4413501301401799304, 0.4500000000000000666 ) ) ;
#5877 = AXIS2_PLACEMENT_3D ( 'NONE', #6024, #4400, #3814 ) ;
#5878 = VECTOR ( 'NONE', #4394, 1000.000000000000000 ) ;
#5879 = SURFACE_SIDE_STYLE ('',( #1676 ) ) ;
#5880 = PLANE ( 'NONE',  #3081 ) ;
#5881 = ORIENTED_EDGE ( 'NONE', *, *, #1464, .T. ) ;
#5882 = LINE ( 'NONE', #546, #2507 ) ;
#5883 = CARTESIAN_POINT ( 'NONE',  ( 0.5500000000000001554, 2.254834989607331863, -0.5699999999999999512 ) ) ;
#5884 = EDGE_CURVE ( 'NONE', #2985, #3350, #1170, .T. ) ;
#5885 = DIRECTION ( 'NONE',  ( -0.0000000000000000000, -0.0000000000000000000, 1.000000000000000000 ) ) ;
#5886 = ORIENTED_EDGE ( 'NONE', *, *, #4485, .F. ) ;
#5887 = DIRECTION ( 'NONE',  ( 0.0000000000000000000, 0.0000000000000000000, 1.000000000000000000 ) ) ;
#5888 = FILL_AREA_STYLE_COLOUR ( '', #3776 ) ;
#5889 = LINE ( 'NONE', #5953, #3012 ) ;
#5890 = ORIENTED_EDGE ( 'NONE', *, *, #6051, .T. ) ;
#5891 = VERTEX_POINT ( 'NONE', #3279 ) ;
#5892 = CARTESIAN_POINT ( 'NONE',  ( -1.680009069179262848, 2.465004534589632978, 0.4000000000000000222 ) ) ;
#5893 = ADVANCED_FACE ( 'NONE', ( #5395 ), #623, .T. ) ;
#5894 = ORIENTED_EDGE ( 'NONE', *, *, #2221, .F. ) ;
#5895 = LINE ( 'NONE', #4927, #3419 ) ;
#5896 = MECHANICAL_DESIGN_GEOMETRIC_PRESENTATION_REPRESENTATION (  '', ( #2551 ), #225 ) ;
#5897 = DIRECTION ( 'NONE',  ( -0.0000000000000000000, -0.0000000000000000000, -1.000000000000000000 ) ) ;
#5898 = SURFACE_STYLE_FILL_AREA ( #3829 ) ;
#5899 =( LENGTH_UNIT ( ) NAMED_UNIT ( * ) SI_UNIT ( .MILLI., .METRE. ) );
#5900 = ORIENTED_EDGE ( 'NONE', *, *, #4646, .T. ) ;
#5901 = UNCERTAINTY_MEASURE_WITH_UNIT (LENGTH_MEASURE( 1.000000000000000082E-05 ), #4752, 'distance_accuracy_value', 'NONE');
#5902 =( NAMED_UNIT ( * ) PLANE_ANGLE_UNIT ( ) SI_UNIT ( $, .RADIAN. ) );
#5903 = CARTESIAN_POINT ( 'NONE',  ( 1.600000000000000533, 2.200000000000000178, -0.5699999999999999512 ) ) ;
#5904 = VECTOR ( 'NONE', #6159, 1000.000000000000000 ) ;
#5905 = FILL_AREA_STYLE_COLOUR ( '', #4460 ) ;
#5906 = LINE ( 'NONE', #2151, #5628 ) ;
#5907 = ORIENTED_EDGE ( 'NONE', *, *, #6237, .F. ) ;
#5908 = DIRECTION ( 'NONE',  ( 1.000000000000000000, 0.0000000000000000000, 0.0000000000000000000 ) ) ;
#5909 = VECTOR ( 'NONE', #782, 1000.000000000000000 ) ;
#5910 = SURFACE_STYLE_FILL_AREA ( #6458 ) ;
#5911 = EDGE_CURVE ( 'NONE', #5116, #6830, #1526, .T. ) ;
#5912 = EDGE_CURVE ( 'NONE', #6308, #1087, #2324, .T. ) ;
#5913 = CARTESIAN_POINT ( 'NONE',  ( 0.2838201673205150710, -0.2871897488101240459, 0.3500000000000000333 ) ) ;
#5914 = DIRECTION ( 'NONE',  ( 0.0000000000000000000, 0.0000000000000000000, 1.000000000000000000 ) ) ;
#5915 = SURFACE_STYLE_USAGE ( .BOTH. , #731 ) ;
#5916 = ORIENTED_EDGE ( 'NONE', *, *, #2308, .T. ) ;
#5917 = MECHANICAL_DESIGN_GEOMETRIC_PRESENTATION_REPRESENTATION (  '', ( #4376 ), #4022 ) ;
#5918 = DIRECTION ( 'NONE',  ( 0.0000000000000000000, -0.0000000000000000000, -1.000000000000000000 ) ) ;
#5919 = CARTESIAN_POINT ( 'NONE',  ( -2.430009069179262848, 1.680009069179262848, 0.4000000000000000222 ) ) ;
#5920 = CARTESIAN_POINT ( 'NONE',  ( 1.700000000000000622, 2.100000000000000089, -0.7699999999999999067 ) ) ;
#5921 = LINE ( 'NONE', #5951, #5969 ) ;
#5922 = ORIENTED_EDGE ( 'NONE', *, *, #6252, .F. ) ;
#5923 = COLOUR_RGB ( '',1.000000000000000000, 1.000000000000000000, 1.000000000000000000 ) ;
#5924 = EDGE_CURVE ( 'NONE', #1319, #711, #1803, .T. ) ;
#5925 = ORIENTED_EDGE ( 'NONE', *, *, #6410, .T. ) ;
#5926 = CARTESIAN_POINT ( 'NONE',  ( 2.500000000000000444, 2.100000000000000089, -0.5699999999999999512 ) ) ;
#5927 = VERTEX_POINT ( 'NONE', #5616 ) ;
#5928 = VECTOR ( 'NONE', #5711, 1000.000000000000000 ) ;
#5929 = ADVANCED_FACE ( 'NONE', ( #4458 ), #1875, .F. ) ;
#5930 = VECTOR ( 'NONE', #5502, 1000.000000000000000 ) ;
#5931 = DIRECTION ( 'NONE',  ( 0.0000000000000000000, 1.000000000000000000, 0.0000000000000000000 ) ) ;
#5932 = SURFACE_SIDE_STYLE ('',( #3139 ) ) ;
#5933 = LINE ( 'NONE', #2758, #2431 ) ;
#5934 = PLANE ( 'NONE',  #3818 ) ;
#5935 = DIRECTION ( 'NONE',  ( -1.000000000000000000, 1.971276677246371272E-16, 0.0000000000000000000 ) ) ;
#5936 = VERTEX_POINT ( 'NONE', #5207 ) ;
#5937 = CARTESIAN_POINT ( 'NONE',  ( 0.2103187164337327886, -2.056952929731181712, 0.3000000000000000444 ) ) ;
#5938 = FILL_AREA_STYLE_COLOUR ( '', #2543 ) ;
#5939 = VECTOR ( 'NONE', #6368, 1000.000000000000000 ) ;
#5940 = DIRECTION ( 'NONE',  ( 0.05226442768871396305, 0.05226442768871396305, 0.9972646886342373396 ) ) ;
#5941 = ORIENTED_EDGE ( 'NONE', *, *, #2085, .F. ) ;
#5942 = DIRECTION ( 'NONE',  ( 1.000000000000000000, 0.0000000000000000000, 0.0000000000000000000 ) ) ;
#5943 = ORIENTED_EDGE ( 'NONE', *, *, #1833, .T. ) ;
#5944 = LINE ( 'NONE', #6050, #4403 ) ;
#5945 = CYLINDRICAL_SURFACE ( 'NONE', #6297, 0.3000000000000003775 ) ;
#5946 = PLANE ( 'NONE',  #1209 ) ;
#5947 = VECTOR ( 'NONE', #5420, 1000.000000000000000 ) ;
#5948 = VERTEX_POINT ( 'NONE', #2618 ) ;
#5949 = CARTESIAN_POINT ( 'NONE',  ( 2.430009069179262848, -2.430009069179262848, 0.8000000000000000444 ) ) ;
#5950 = VERTEX_POINT ( 'NONE', #3585 ) ;
#5951 = CARTESIAN_POINT ( 'NONE',  ( -2.500000000000001332, -2.099999999999999645, -0.4700000000000001399 ) ) ;
#5952 = ADVANCED_FACE ( 'NONE', ( #4099 ), #6791, .F. ) ;
#5953 = CARTESIAN_POINT ( 'NONE',  ( -1.700000000000000400, -2.099999999999999645, -0.7699999999999999067 ) ) ;
#5954 = VECTOR ( 'NONE', #4311, 1000.000000000000000 ) ;
#5955 = VERTEX_POINT ( 'NONE', #1456 ) ;
#5956 = LINE ( 'NONE', #5438, #5033 ) ;
#5957 = ORIENTED_EDGE ( 'NONE', *, *, #2002, .T. ) ;
#5958 = AXIS2_PLACEMENT_3D ( 'NONE', #1285, #3403, #2406 ) ;
#5959 = EDGE_CURVE ( 'NONE', #4293, #581, #5145, .T. ) ;
#5960 = ORIENTED_EDGE ( 'NONE', *, *, #2144, .F. ) ;
#5961 = CARTESIAN_POINT ( 'NONE',  ( -1.600000000000000089, -1.099999999999999645, -0.6999999999999999556 ) ) ;
#5962 = VECTOR ( 'NONE', #1312, 1000.000000000000000 ) ;
#5963 = CARTESIAN_POINT ( 'NONE',  ( -0.1831650461902210314, -0.2870056143358111211, 0.3500000000000000333 ) ) ;
#5964 =( NAMED_UNIT ( * ) SI_UNIT ( $, .STERADIAN. ) SOLID_ANGLE_UNIT ( ) );
#5965 = FILL_AREA_STYLE ('',( #6482 ) ) ;
#5966 = CARTESIAN_POINT ( 'NONE',  ( -1.700000000000000400, 1.200000000000000622, -0.7699999999999999067 ) ) ;
#5967 = VERTEX_POINT ( 'NONE', #389 ) ;
#5968 = STYLED_ITEM ( 'NONE', ( #5446 ), #5114 ) ;
#5969 = VECTOR ( 'NONE', #6542, 1000.000000000000000 ) ;
#5970 = SURFACE_SIDE_STYLE ('',( #6487 ) ) ;
#5971 = FACE_OUTER_BOUND ( 'NONE', #1038, .T. ) ;
#5972 = CARTESIAN_POINT ( 'NONE',  ( -2.500000000000002220, 2.100000000000000089, 0.0000000000000000000 ) ) ;
#5973 = EDGE_LOOP ( 'NONE', ( #5483, #3170, #3159, #3491 ) ) ;
#5974 = DIRECTION ( 'NONE',  ( 0.0000000000000000000, -1.000000000000000000, -0.0000000000000000000 ) ) ;
#5975 = EDGE_CURVE ( 'NONE', #811, #3301, #354, .T. ) ;
#5976 = VERTEX_POINT ( 'NONE', #972 ) ;
#5977 = VECTOR ( 'NONE', #3089, 1000.000000000000000 ) ;
#5978 =( GEOMETRIC_REPRESENTATION_CONTEXT ( 3 ) GLOBAL_UNCERTAINTY_ASSIGNED_CONTEXT ( ( #4390 ) ) GLOBAL_UNIT_ASSIGNED_CONTEXT ( ( #3193, #3302, #3840 ) ) REPRESENTATION_CONTEXT ( 'NONE', 'WORKASPACE' ) );
#5979 = CARTESIAN_POINT ( 'NONE',  ( 1.930905544980987321, -0.8360159872360372058, 0.3000000000000000444 ) ) ;
#5980 = LINE ( 'NONE', #728, #2424 ) ;
#5981 = VECTOR ( 'NONE', #5636, 1000.000000000000000 ) ;
#5982 = FILL_AREA_STYLE_COLOUR ( '', #4690 ) ;
#5983 = COLOUR_RGB ( '',1.000000000000000000, 1.000000000000000000, 1.000000000000000000 ) ;
#5984 = ORIENTED_EDGE ( 'NONE', *, *, #4900, .F. ) ;
#5985 = LINE ( 'NONE', #6498, #401 ) ;
#5986 = FILL_AREA_STYLE_COLOUR ( '', #1773 ) ;
#5987 = CARTESIAN_POINT ( 'NONE',  ( -1.600000000000000089, -1.099999999999999645, -0.5699999999999999512 ) ) ;
#5988 = EDGE_LOOP ( 'NONE', ( #6185, #3573, #2208, #5907 ) ) ;
#5989 = DIRECTION ( 'NONE',  ( -0.0000000000000000000, -0.0000000000000000000, -1.000000000000000000 ) ) ;
#5990 = MECHANICAL_DESIGN_GEOMETRIC_PRESENTATION_REPRESENTATION (  '', ( #4104 ), #4654 ) ;
#5991 = AXIS2_PLACEMENT_3D ( 'NONE', #4966, #720, #3795 ) ;
#5992 = EDGE_LOOP ( 'NONE', ( #1016, #2637, #4153, #6684 ) ) ;
#5993 = ORIENTED_EDGE ( 'NONE', *, *, #4963, .T. ) ;
#5994 = SURFACE_SIDE_STYLE ('',( #3957 ) ) ;
#5995 = CARTESIAN_POINT ( 'NONE',  ( -1.680009069179262848, 2.430009069179262848, 0.8000000000000000444 ) ) ;
#5996 = ORIENTED_EDGE ( 'NONE', *, *, #5924, .F. ) ;
#5997 = EDGE_LOOP ( 'NONE', ( #733, #2307, #5326, #5022, #1763, #2173 ) ) ;
#5998 =( GEOMETRIC_REPRESENTATION_CONTEXT ( 3 ) GLOBAL_UNCERTAINTY_ASSIGNED_CONTEXT ( ( #4170 ) ) GLOBAL_UNIT_ASSIGNED_CONTEXT ( ( #975, #4696, #3039 ) ) REPRESENTATION_CONTEXT ( 'NONE', 'WORKASPACE' ) );
#5999 = LINE ( 'NONE', #5963, #910 ) ;
#6000 = ADVANCED_FACE ( 'NONE', ( #4652 ), #6759, .F. ) ;
#6001 = ADVANCED_FACE ( 'NONE', ( #3145 ), #4133, .F. ) ;
#6002 = SURFACE_STYLE_FILL_AREA ( #1790 ) ;
#6003 = CARTESIAN_POINT ( 'NONE',  ( -2.700000000000001954, -2.099999999999999645, -0.3000000000000003220 ) ) ;
#6004 = FILL_AREA_STYLE_COLOUR ( '', #804 ) ;
#6005 = DIRECTION ( 'NONE',  ( -0.0000000000000000000, 1.000000000000000000, -0.0000000000000000000 ) ) ;
#6006 = LINE ( 'NONE', #6153, #5752 ) ;
#6007 = FACE_OUTER_BOUND ( 'NONE', #5715, .T. ) ;
#6008 = EDGE_LOOP ( 'NONE', ( #2697, #6437, #1273, #1817 ) ) ;
#6009 = PRESENTATION_LAYER_ASSIGNMENT (  '', '', ( #6663 ) ) ;
#6010 = ADVANCED_FACE ( 'NONE', ( #2585 ), #6519, .F. ) ;
#6011 = SURFACE_STYLE_USAGE ( .BOTH. , #5413 ) ;
#6012 = CARTESIAN_POINT ( 'NONE',  ( 0.2103187164337326220, 2.110000814877110997, 0.3500000000000000333 ) ) ;
#6014 = VECTOR ( 'NONE', #1994, 1000.000000000000000 ) ;
#6013 = CARTESIAN_POINT ( 'NONE',  ( 0.2103187164337324833, 0.4570589046025521629, 0.3000000000000000444 ) ) ;
#6015 = LINE ( 'NONE', #4872, #5947 ) ;
#6016 = DIRECTION ( 'NONE',  ( 1.000000000000000000, 0.0000000000000000000, -3.252606517456505019E-15 ) ) ;
#6017 = VECTOR ( 'NONE', #5465, 1000.000000000000000 ) ;
#6018 = CARTESIAN_POINT ( 'NONE',  ( -1.971607025033961236, 0.8251250982098667919, 0.3000000000000000444 ) ) ;
#6019 = CARTESIAN_POINT ( 'NONE',  ( 2.400000000000002132, 2.100000000000000089, -0.2999999999999993783 ) ) ;
#6020 = CARTESIAN_POINT ( 'NONE',  ( 0.0000000000000000000, 0.0000000000000000000, -0.7699999999999999067 ) ) ;
#6021 = DIRECTION ( 'NONE',  ( -1.971276677246371519E-16, -1.000000000000000000, 0.0000000000000000000 ) ) ;
#6022 = CARTESIAN_POINT ( 'NONE',  ( 1.599999999999999867, -2.200000000000000178, -0.6999999999999999556 ) ) ;
#6023 = VERTEX_POINT ( 'NONE', #6446 ) ;
#6025 = STYLED_ITEM ( 'NONE', ( #5029 ), #2073 ) ;
#6024 = CARTESIAN_POINT ( 'NONE',  ( -0.9960286258184738450, -0.6832195235787650311, 0.3500000000000000333 ) ) ;
#6026 = COLOUR_RGB ( '',0.8313725490196077761, 0.8392156862745098200, 0.8313725490196077761 ) ;
#6027 = LINE ( 'NONE', #66, #4537 ) ;
#6028 = VECTOR ( 'NONE', #2058, 1000.000000000000000 ) ;
#6029 = CIRCLE ( 'NONE', #6231, 0.5500000000000000444 ) ;
#6030 = ORIENTED_EDGE ( 'NONE', *, *, #6460, .T. ) ;
#6031 = ADVANCED_BREP_SHAPE_REPRESENTATION ( '9289C514-7562-4D4A-A72F-304848487F06', ( #3440, #1120, #5689, #1144, #3430, #3188, #3162, #3417, #5493, #1666 ), #5212 ) ;
#6032 = VECTOR ( 'NONE', #4295, 1000.000000000000000 ) ;
#6033 = VERTEX_POINT ( 'NONE', #1588 ) ;
#6034 = FILL_AREA_STYLE ('',( #3827 ) ) ;
#6035 = CARTESIAN_POINT ( 'NONE',  ( -0.1831650461902210869, -0.2870056143358111767, 0.3000000000000000444 ) ) ;
#6036 = DIRECTION ( 'NONE',  ( 0.0000000000000000000, -0.08715574274765820750, -0.9961946980917455452 ) ) ;
#6037 = CARTESIAN_POINT ( 'NONE',  ( -1.043697599916538765, 0.4413501301401799304, 0.4500000000000000666 ) ) ;
#6038 = CARTESIAN_POINT ( 'NONE',  ( 0.5500000000000000444, -1.049999999999999822, -0.6999999999999999556 ) ) ;
#6039 = SURFACE_STYLE_FILL_AREA ( #3222 ) ;
#6040 = EDGE_LOOP ( 'NONE', ( #6575, #6696, #2966, #4940 ) ) ;
#6041 =( LENGTH_UNIT ( ) NAMED_UNIT ( * ) SI_UNIT ( .MILLI., .METRE. ) );
#6042 = EDGE_CURVE ( 'NONE', #4389, #1572, #2765, .T. ) ;
#6043 = EDGE_CURVE ( 'NONE', #4937, #5976, #5866, .T. ) ;
#6044 = VECTOR ( 'NONE', #5885, 1000.000000000000000 ) ;
#6045 = COLOUR_RGB ( '',0.003921568627450980338, 0.0000000000000000000, 0.3372549019607843368 ) ;
#6046 = ORIENTED_EDGE ( 'NONE', *, *, #5620, .F. ) ;
#6047 = CARTESIAN_POINT ( 'NONE',  ( -0.5500000000000000444, 0.0000000000000000000, -0.5699999999999999512 ) ) ;
#6048 = CARTESIAN_POINT ( 'NONE',  ( 0.5500000000000001554, 2.254834989607331863, -0.6999999999999999556 ) ) ;
#6049 = SURFACE_SIDE_STYLE ('',( #3941 ) ) ;
#6050 = CARTESIAN_POINT ( 'NONE',  ( 2.500000000000002220, -1.199999999999999734, 0.0000000000000000000 ) ) ;
#6051 = EDGE_CURVE ( 'NONE', #3976, #2825, #3294, .T. ) ;
#6052 = STYLED_ITEM ( 'NONE', ( #3584 ), #3464 ) ;
#6053 = FILL_AREA_STYLE_COLOUR ( '', #4356 ) ;
#6054 = CARTESIAN_POINT ( 'NONE',  ( -2.400000000000001243, -1.199999999999999734, -0.4699999999999998068 ) ) ;
#6055 = CARTESIAN_POINT ( 'NONE',  ( -2.463314554501873754, -1.099999999999999645, -0.6999999999999999556 ) ) ;
#6056 = FACE_OUTER_BOUND ( 'NONE', #6694, .T. ) ;
#6057 = ORIENTED_EDGE ( 'NONE', *, *, #4342, .F. ) ;
#6058 = ORIENTED_EDGE ( 'NONE', *, *, #37, .T. ) ;
#6059 = PRESENTATION_LAYER_ASSIGNMENT (  '', '', ( #6488 ) ) ;
#6060 = PRESENTATION_LAYER_ASSIGNMENT (  '', '', ( #4290 ) ) ;
#6061 = ORIENTED_EDGE ( 'NONE', *, *, #1354, .T. ) ;
#6062 = CARTESIAN_POINT ( 'NONE',  ( 1.700000000000000622, -1.199999999999999734, -0.5699999999999999512 ) ) ;
#6063 = CARTESIAN_POINT ( 'NONE',  ( 0.5500000000000000444, 6.735557395310442516E-17, -0.6999999999999999556 ) ) ;
#6064 = EDGE_CURVE ( 'NONE', #4398, #1934, #4863, .T. ) ;
#6065 = AXIS2_PLACEMENT_3D ( 'NONE', #6712, #1928, #6164 ) ;
#6066 = ORIENTED_EDGE ( 'NONE', *, *, #1916, .F. ) ;
#6067 = CARTESIAN_POINT ( 'NONE',  ( 0.2103187164337327886, 0.9751250982098678133, 0.3500000000000000333 ) ) ;
#6068 = PRESENTATION_STYLE_ASSIGNMENT (( #179 ) ) ;
#6069 = PRESENTATION_LAYER_ASSIGNMENT (  '', '', ( #3754 ) ) ;
#6070 = SURFACE_STYLE_USAGE ( .BOTH. , #2992 ) ;
#6071 = CARTESIAN_POINT ( 'NONE',  ( 0.2103187164337327886, -2.056952929731181712, 0.3500000000000000333 ) ) ;
#6072 = STYLED_ITEM ( 'NONE', ( #5660 ), #4748 ) ;
#6073 = COLOUR_RGB ( '',0.8313725490196077761, 0.8392156862745098200, 0.8313725490196077761 ) ;
#6074 = DIRECTION ( 'NONE',  ( -0.0000000000000000000, -1.000000000000000000, -0.0000000000000000000 ) ) ;
#6075 = ORIENTED_EDGE ( 'NONE', *, *, #3639, .T. ) ;
#6076 = SURFACE_SIDE_STYLE ('',( #2934 ) ) ;
#6077 =( NAMED_UNIT ( * ) SI_UNIT ( $, .STERADIAN. ) SOLID_ANGLE_UNIT ( ) );
#6078 = ORIENTED_EDGE ( 'NONE', *, *, #3055, .F. ) ;
#6079 = PRESENTATION_LAYER_ASSIGNMENT (  '', '', ( #2197 ) ) ;
#6080 = CARTESIAN_POINT ( 'NONE',  ( -1.700000000000000622, -1.199999999999999734, -0.7699999999999999067 ) ) ;
#6081 = CARTESIAN_POINT ( 'NONE',  ( -0.1831650461902210314, -0.2870056143358111211, 0.3000000000000000444 ) ) ;
#6082 = UNCERTAINTY_MEASURE_WITH_UNIT (LENGTH_MEASURE( 1.000000000000000082E-05 ), #2540, 'distance_accuracy_value', 'NONE');
#6083 = ADVANCED_FACE ( 'NONE', ( #534 ), #13, .F. ) ;
#6084 = EDGE_CURVE ( 'NONE', #3976, #681, #6350, .T. ) ;
#6085 = ORIENTED_EDGE ( 'NONE', *, *, #3292, .F. ) ;
#6086 = FACE_OUTER_BOUND ( 'NONE', #4192, .T. ) ;
#6087 = AXIS2_PLACEMENT_3D ( 'NONE', #5188, #4190, #4294 ) ;
#6088 = DIRECTION ( 'NONE',  ( 0.0000000000000000000, -1.000000000000000000, 0.0000000000000000000 ) ) ;
#6089 = ORIENTED_EDGE ( 'NONE', *, *, #4457, .T. ) ;
#6090 = VECTOR ( 'NONE', #3581, 1000.000000000000000 ) ;
#6091 = ORIENTED_EDGE ( 'NONE', *, *, #1807, .T. ) ;
#6092 = VECTOR ( 'NONE', #5940, 1000.000000000000000 ) ;
#6093 =( GEOMETRIC_REPRESENTATION_CONTEXT ( 3 ) GLOBAL_UNCERTAINTY_ASSIGNED_CONTEXT ( ( #2559 ) ) GLOBAL_UNIT_ASSIGNED_CONTEXT ( ( #2761, #3142, #4789 ) ) REPRESENTATION_CONTEXT ( 'NONE', 'WORKASPACE' ) );
#6094 = ORIENTED_EDGE ( 'NONE', *, *, #1916, .T. ) ;
#6095 = ADVANCED_FACE ( 'NONE', ( #2126 ), #5223, .T. ) ;
#6096 = CARTESIAN_POINT ( 'NONE',  ( -2.500000000000002220, 2.200000000000000178, 0.0000000000000000000 ) ) ;
#6097 = FACE_OUTER_BOUND ( 'NONE', #5476, .T. ) ;
#6098 = VERTEX_POINT ( 'NONE', #1093 ) ;
#6099 = AXIS2_PLACEMENT_3D ( 'NONE', #1730, #6589, #3862 ) ;
#6100 = FILL_AREA_STYLE_COLOUR ( '', #1629 ) ;
#6101 = VECTOR ( 'NONE', #5141, 1000.000000000000000 ) ;
#6102 =( LENGTH_UNIT ( ) NAMED_UNIT ( * ) SI_UNIT ( .MILLI., .METRE. ) );
#6103 = AXIS2_PLACEMENT_3D ( 'NONE', #5091, #705, #1368 ) ;
#6104 = EDGE_CURVE ( 'NONE', #1572, #3259, #4670, .T. ) ;
#6105 = SURFACE_STYLE_FILL_AREA ( #1411 ) ;
#6106 = PLANE ( 'NONE',  #871 ) ;
#6107 =( NAMED_UNIT ( * ) SI_UNIT ( $, .STERADIAN. ) SOLID_ANGLE_UNIT ( ) );
#6108 =( NAMED_UNIT ( * ) PLANE_ANGLE_UNIT ( ) SI_UNIT ( $, .RADIAN. ) );
#6109 = AXIS2_PLACEMENT_3D ( 'NONE', #6707, #5607, #4478 ) ;
#6110 = DIRECTION ( 'NONE',  ( -3.043374519257556424E-15, 0.0000000000000000000, -1.000000000000000000 ) ) ;
#6111 = EDGE_LOOP ( 'NONE', ( #6619, #5534, #5652, #2468, #2946, #2188, #6758, #770, #2113, #5368 ) ) ;
#6112 = SURFACE_STYLE_FILL_AREA ( #825 ) ;
#6113 = DIRECTION ( 'NONE',  ( -0.0000000000000000000, -1.000000000000000000, -0.0000000000000000000 ) ) ;
#6114 =( GEOMETRIC_REPRESENTATION_CONTEXT ( 3 ) GLOBAL_UNCERTAINTY_ASSIGNED_CONTEXT ( ( #4651 ) ) GLOBAL_UNIT_ASSIGNED_CONTEXT ( ( #5202, #6201, #6133 ) ) REPRESENTATION_CONTEXT ( 'NONE', 'WORKASPACE' ) );
#6115 = EDGE_LOOP ( 'NONE', ( #4985, #21, #176, #6075, #1512, #4960, #5925, #1429, #5054 ) ) ;
#6116 =( GEOMETRIC_REPRESENTATION_CONTEXT ( 3 ) GLOBAL_UNCERTAINTY_ASSIGNED_CONTEXT ( ( #2218 ) ) GLOBAL_UNIT_ASSIGNED_CONTEXT ( ( #375, #4088, #885 ) ) REPRESENTATION_CONTEXT ( 'NONE', 'WORKASPACE' ) );
#6117 = ADVANCED_FACE ( 'NONE', ( #5262 ), #3164, .T. ) ;
#6118 = VERTEX_POINT ( 'NONE', #1503 ) ;
#6119 = VECTOR ( 'NONE', #1203, 1000.000000000000000 ) ;
#6120 = DIRECTION ( 'NONE',  ( 2.710505431213761578E-16, -1.000000000000000000, 0.0000000000000000000 ) ) ;
#6121 = VERTEX_POINT ( 'NONE', #484 ) ;
#6122 = EDGE_CURVE ( 'NONE', #5768, #2713, #1055, .T. ) ;
#6123 = VECTOR ( 'NONE', #3897, 1000.000000000000000 ) ;
#6124 = VECTOR ( 'NONE', #3644, 1000.000000000000114 ) ;
#6125 = FACE_OUTER_BOUND ( 'NONE', #5747, .T. ) ;
#6126 = UNCERTAINTY_MEASURE_WITH_UNIT (LENGTH_MEASURE( 1.000000000000000082E-05 ), #1002, 'distance_accuracy_value', 'NONE');
#6127 = CARTESIAN_POINT ( 'NONE',  ( 0.2838201673205150710, 0.2046747618464905827, 0.4500000000000000666 ) ) ;
#6128 = FACE_OUTER_BOUND ( 'NONE', #5988, .T. ) ;
#6129 = SURFACE_STYLE_USAGE ( .BOTH. , #3997 ) ;
#6130 = PRESENTATION_LAYER_ASSIGNMENT (  '', '', ( #2360 ) ) ;
#6131 = DIRECTION ( 'NONE',  ( -0.0000000000000000000, -1.000000000000000000, -0.0000000000000000000 ) ) ;
#6132 = AXIS2_PLACEMENT_3D ( 'NONE', #5349, #1126, #2733 ) ;
#6133 =( NAMED_UNIT ( * ) SI_UNIT ( $, .STERADIAN. ) SOLID_ANGLE_UNIT ( ) );
#6134 = ORIENTED_EDGE ( 'NONE', *, *, #773, .F. ) ;
#6135 = FACE_OUTER_BOUND ( 'NONE', #6646, .T. ) ;
#6136 = ORIENTED_EDGE ( 'NONE', *, *, #6314, .F. ) ;
#6137 = FILL_AREA_STYLE_COLOUR ( '', #3284 ) ;
#6138 = ORIENTED_EDGE ( 'NONE', *, *, #3472, .F. ) ;
#6139 =( NAMED_UNIT ( * ) SI_UNIT ( $, .STERADIAN. ) SOLID_ANGLE_UNIT ( ) );
#6140 = PRESENTATION_LAYER_ASSIGNMENT (  '', '', ( #938 ) ) ;
#6141 =( GEOMETRIC_REPRESENTATION_CONTEXT ( 3 ) GLOBAL_UNCERTAINTY_ASSIGNED_CONTEXT ( ( #5746 ) ) GLOBAL_UNIT_ASSIGNED_CONTEXT ( ( #2884, #2265, #1816 ) ) REPRESENTATION_CONTEXT ( 'NONE', 'WORKASPACE' ) );
#6142 = DIRECTION ( 'NONE',  ( -0.0000000000000000000, -0.0000000000000000000, 1.000000000000000000 ) ) ;
#6143 = DIRECTION ( 'NONE',  ( 0.0000000000000000000, 0.0000000000000000000, 1.000000000000000000 ) ) ;
#6144 = EDGE_LOOP ( 'NONE', ( #6150, #6682, #1294, #5819 ) ) ;
#6145 = FILL_AREA_STYLE_COLOUR ( '', #292 ) ;
#6146 = CARTESIAN_POINT ( 'NONE',  ( -2.700000000000003286, -3.299999999999998490, -8.306732565912526210E-15 ) ) ;
#6147 = VERTEX_POINT ( 'NONE', #5288 ) ;
#6148 = PRESENTATION_STYLE_ASSIGNMENT (( #4141 ) ) ;
#6149 = MECHANICAL_DESIGN_GEOMETRIC_PRESENTATION_REPRESENTATION (  '', ( #6052 ), #3734 ) ;
#6150 = ORIENTED_EDGE ( 'NONE', *, *, #4866, .T. ) ;
#6151 = CARTESIAN_POINT ( 'NONE',  ( -2.500000000000001332, 1.200000000000000400, -0.4700000000000001399 ) ) ;
#6152 = VERTEX_POINT ( 'NONE', #2674 ) ;
#6153 = CARTESIAN_POINT ( 'NONE',  ( 0.2103187164337324833, 0.4570589046025521629, 0.3500000000000000333 ) ) ;
#6154 = UNCERTAINTY_MEASURE_WITH_UNIT (LENGTH_MEASURE( 1.000000000000000082E-05 ), #723, 'distance_accuracy_value', 'NONE');
#6155 = ORIENTED_EDGE ( 'NONE', *, *, #5318, .F. ) ;
#6156 = DIRECTION ( 'NONE',  ( -1.000000000000000000, 0.0000000000000000000, 0.0000000000000000000 ) ) ;
#6157 = STYLED_ITEM ( 'NONE', ( #3118 ), #3851 ) ;
#6158 = DIRECTION ( 'NONE',  ( -0.0000000000000000000, 0.0000000000000000000, 1.000000000000000000 ) ) ;
#6159 = DIRECTION ( 'NONE',  ( 1.000000000000000000, 0.0000000000000000000, 0.0000000000000000000 ) ) ;
#6160 =( LENGTH_UNIT ( ) NAMED_UNIT ( * ) SI_UNIT ( .MILLI., .METRE. ) );
#6161 = DIRECTION ( 'NONE',  ( -0.0000000000000000000, -0.0000000000000000000, -1.000000000000000000 ) ) ;
#6162 = EDGE_CURVE ( 'NONE', #842, #2786, #6387, .T. ) ;
#6163 = FILL_AREA_STYLE_COLOUR ( '', #2596 ) ;
#6164 = DIRECTION ( 'NONE',  ( -1.000000000000000000, 0.0000000000000000000, 0.0000000000000000000 ) ) ;
#6165 = FILL_AREA_STYLE ('',( #4129 ) ) ;
#6166 = CARTESIAN_POINT ( 'NONE',  ( -1.699999999999999956, 2.081899558550500280E-16, 0.3000000000000000444 ) ) ;
#6167 = EDGE_CURVE ( 'NONE', #2338, #5936, #2166, .T. ) ;
#6168 = VERTEX_POINT ( 'NONE', #2602 ) ;
#6169 = DIRECTION ( 'NONE',  ( -0.0000000000000000000, 0.0000000000000000000, -1.000000000000000000 ) ) ;
#6170 = VERTEX_POINT ( 'NONE', #450 ) ;
#6171 = VECTOR ( 'NONE', #1349, 1000.000000000000114 ) ;
#6172 = LINE ( 'NONE', #5043, #3043 ) ;
#6173 =( LENGTH_UNIT ( ) NAMED_UNIT ( * ) SI_UNIT ( .MILLI., .METRE. ) );
#6174 = COLOUR_RGB ( '',1.000000000000000000, 1.000000000000000000, 1.000000000000000000 ) ;
#6176 = ADVANCED_FACE ( 'NONE', ( #2091 ), #1648, .F. ) ;
#6175 = CARTESIAN_POINT ( 'NONE',  ( -2.486342147991858376, -2.486342147991857487, -0.2606073410281599112 ) ) ;
#6177 = FACE_OUTER_BOUND ( 'NONE', #1010, .T. ) ;
#6178 = ORIENTED_EDGE ( 'NONE', *, *, #639, .T. ) ;
#6179 = FACE_OUTER_BOUND ( 'NONE', #2145, .T. ) ;
#6180 = SURFACE_STYLE_FILL_AREA ( #1947 ) ;
#6181 = VERTEX_POINT ( 'NONE', #6835 ) ;
#6182 =( NAMED_UNIT ( * ) SI_UNIT ( $, .STERADIAN. ) SOLID_ANGLE_UNIT ( ) );
#6183 = AXIS2_PLACEMENT_3D ( 'NONE', #2672, #1019, #1054 ) ;
#6184 =( GEOMETRIC_REPRESENTATION_CONTEXT ( 3 ) GLOBAL_UNCERTAINTY_ASSIGNED_CONTEXT ( ( #4234 ) ) GLOBAL_UNIT_ASSIGNED_CONTEXT ( ( #135, #2779, #3875 ) ) REPRESENTATION_CONTEXT ( 'NONE', 'WORKASPACE' ) );
#6185 = ORIENTED_EDGE ( 'NONE', *, *, #2336, .F. ) ;
#6186 = ORIENTED_EDGE ( 'NONE', *, *, #6236, .F. ) ;
#6187 = VECTOR ( 'NONE', #5433, 1000.000000000000000 ) ;
#6188 = CARTESIAN_POINT ( 'NONE',  ( -2.400000000000002132, -2.099999999999999645, -0.2999999999999993783 ) ) ;
#6189 = PRESENTATION_LAYER_ASSIGNMENT (  '', '', ( #3546 ) ) ;
#6190 = ORIENTED_EDGE ( 'NONE', *, *, #1049, .T. ) ;
#6191 = PRESENTATION_LAYER_ASSIGNMENT (  '', '', ( #5868 ) ) ;
#6192 = COLOUR_RGB ( '',0.0000000000000000000, 1.000000000000000000, 0.0000000000000000000 ) ;
#6193 = COLOUR_RGB ( '',1.000000000000000000, 1.000000000000000000, 1.000000000000000000 ) ;
#6194 = ORIENTED_EDGE ( 'NONE', *, *, #3237, .T. ) ;
#6195 = CIRCLE ( 'NONE', #2524, 0.3000000000000000444 ) ;
#6196 = PRESENTATION_LAYER_ASSIGNMENT (  '', '', ( #6412 ) ) ;
#6197 = SURFACE_STYLE_FILL_AREA ( #2930 ) ;
#6198 = AXIS2_PLACEMENT_3D ( 'NONE', #6681, #3913, #855 ) ;
#6199 = ADVANCED_FACE ( 'NONE', ( #4225 ), #6315, .F. ) ;
#6200 = EDGE_CURVE ( 'NONE', #1702, #6453, #1171, .T. ) ;
#6201 =( NAMED_UNIT ( * ) PLANE_ANGLE_UNIT ( ) SI_UNIT ( $, .RADIAN. ) );
#6202 = DIRECTION ( 'NONE',  ( 1.000000000000000000, 0.0000000000000000000, 0.0000000000000000000 ) ) ;
#6203 =( GEOMETRIC_REPRESENTATION_CONTEXT ( 3 ) GLOBAL_UNCERTAINTY_ASSIGNED_CONTEXT ( ( #3484 ) ) GLOBAL_UNIT_ASSIGNED_CONTEXT ( ( #6160, #887, #2957 ) ) REPRESENTATION_CONTEXT ( 'NONE', 'WORKASPACE' ) );
#6204 = EDGE_LOOP ( 'NONE', ( #1717, #588, #1711, #922 ) ) ;
#6205 = CARTESIAN_POINT ( 'NONE',  ( -1.919276727925023351, -0.8787392438591723476, 0.3500000000000000333 ) ) ;
#6206 = DIRECTION ( 'NONE',  ( 0.0000000000000000000, 1.000000000000000000, 0.0000000000000000000 ) ) ;
#6207 = STYLED_ITEM ( 'NONE', ( #1340 ), #544 ) ;
#6208 = EDGE_CURVE ( 'NONE', #6168, #1813, #4436, .T. ) ;
#6209 = LINE ( 'NONE', #3038, #1146 ) ;
#6210 = SURFACE_STYLE_USAGE ( .BOTH. , #4070 ) ;
#6211 = CARTESIAN_POINT ( 'NONE',  ( 2.400000000000002132, 2.100000000000000089, -0.2999999999999993783 ) ) ;
#6212 = ORIENTED_EDGE ( 'NONE', *, *, #5875, .F. ) ;
#6214 =( GEOMETRIC_REPRESENTATION_CONTEXT ( 3 ) GLOBAL_UNCERTAINTY_ASSIGNED_CONTEXT ( ( #3034 ) ) GLOBAL_UNIT_ASSIGNED_CONTEXT ( ( #5035, #4385, #3479 ) ) REPRESENTATION_CONTEXT ( 'NONE', 'WORKASPACE' ) );
#6213 = DIRECTION ( 'NONE',  ( -1.000000000000000000, 4.818676322157797375E-16, -3.043374519257556424E-15 ) ) ;
#6215 = ORIENTED_EDGE ( 'NONE', *, *, #3238, .T. ) ;
#6216 = ORIENTED_EDGE ( 'NONE', *, *, #6421, .F. ) ;
#6217 = CARTESIAN_POINT ( 'NONE',  ( -1.043697599916538765, 0.4413501301401799304, 0.4500000000000000666 ) ) ;
#6218 = DIRECTION ( 'NONE',  ( 0.0000000000000000000, 0.0000000000000000000, 1.000000000000000000 ) ) ;
#6219 = CARTESIAN_POINT ( 'NONE',  ( 2.500000000000001776, -2.099999999999999645, -0.2999999999999997113 ) ) ;
#6220 = ORIENTED_EDGE ( 'NONE', *, *, #3194, .F. ) ;
#6221 = LINE ( 'NONE', #1474, #2135 ) ;
#6222 =( GEOMETRIC_REPRESENTATION_CONTEXT ( 3 ) GLOBAL_UNCERTAINTY_ASSIGNED_CONTEXT ( ( #1723 ) ) GLOBAL_UNIT_ASSIGNED_CONTEXT ( ( #1458, #3005, #5619 ) ) REPRESENTATION_CONTEXT ( 'NONE', 'WORKASPACE' ) );
#6223 = CARTESIAN_POINT ( 'NONE',  ( 2.470127565808668990, 2.500000000000002220, -0.5699999999999999512 ) ) ;
#6224 = PRESENTATION_LAYER_ASSIGNMENT (  '', '', ( #4027 ) ) ;
#6225 = CARTESIAN_POINT ( 'NONE',  ( 0.2838201673205150710, 0.9163225641662154919, 0.4500000000000000666 ) ) ;
#6226 = DIRECTION ( 'NONE',  ( -0.0000000000000000000, -0.0000000000000000000, -1.000000000000000000 ) ) ;
#6227 = CARTESIAN_POINT ( 'NONE',  ( 2.700000000000001954, -1.199999999999999734, -0.3000000000000003220 ) ) ;
#6228 =( NAMED_UNIT ( * ) PLANE_ANGLE_UNIT ( ) SI_UNIT ( $, .RADIAN. ) );
#6229 = DIRECTION ( 'NONE',  ( 1.000000000000000000, 0.0000000000000000000, 0.0000000000000000000 ) ) ;
#6230 = DIRECTION ( 'NONE',  ( 0.0000000000000000000, -1.000000000000000000, 0.0000000000000000000 ) ) ;
#6231 = AXIS2_PLACEMENT_3D ( 'NONE', #4850, #6294, #2103 ) ;
#6232 = CARTESIAN_POINT ( 'NONE',  ( 1.700000000000000400, -2.099999999999999645, -0.7699999999999999067 ) ) ;
#6233 = SURFACE_STYLE_FILL_AREA ( #4645 ) ;
#6234 = ORIENTED_EDGE ( 'NONE', *, *, #6372, .F. ) ;
#6236 = EDGE_CURVE ( 'NONE', #1319, #5330, #6027, .T. ) ;
#6235 = CARTESIAN_POINT ( 'NONE',  ( -1.919276727925023351, -0.8787392438591723476, 0.3500000000000000333 ) ) ;
#6237 = EDGE_CURVE ( 'NONE', #4381, #2744, #1096, .T. ) ;
#6238 = CARTESIAN_POINT ( 'NONE',  ( 0.0000000000000000000, 0.0000000000000000000, 0.3500000000000000333 ) ) ;
#6239 = DIRECTION ( 'NONE',  ( 1.000000000000000000, 4.818676322157797375E-16, -3.047392128993071134E-15 ) ) ;
#6240 = SURFACE_SIDE_STYLE ('',( #3075 ) ) ;
#6241 = DIRECTION ( 'NONE',  ( -0.0000000000000000000, -0.0000000000000000000, -1.000000000000000000 ) ) ;
#6242 = CARTESIAN_POINT ( 'NONE',  ( 2.400000000000001243, 2.100000000000000089, -0.7700000000000000178 ) ) ;
#6243 =( LENGTH_UNIT ( ) NAMED_UNIT ( * ) SI_UNIT ( .MILLI., .METRE. ) );
#6244 = ORIENTED_EDGE ( 'NONE', *, *, #4569, .T. ) ;
#6245 = EDGE_CURVE ( 'NONE', #5623, #482, #2202, .T. ) ;
#6246 = SURFACE_SIDE_STYLE ('',( #5253 ) ) ;
#6247 = ORIENTED_EDGE ( 'NONE', *, *, #4944, .F. ) ;
#6248 = DIRECTION ( 'NONE',  ( -0.0000000000000000000, 1.000000000000000000, -0.0000000000000000000 ) ) ;
#6249 = ORIENTED_EDGE ( 'NONE', *, *, #230, .F. ) ;
#6250 = DIRECTION ( 'NONE',  ( 0.0000000000000000000, 0.0000000000000000000, 1.000000000000000000 ) ) ;
#6251 = LINE ( 'NONE', #3670, #2411 ) ;
#6252 = EDGE_CURVE ( 'NONE', #6527, #4671, #3849, .T. ) ;
#6253 = SURFACE_SIDE_STYLE ('',( #1986 ) ) ;
#6254 = ORIENTED_EDGE ( 'NONE', *, *, #5705, .T. ) ;
#6255 =( NAMED_UNIT ( * ) SI_UNIT ( $, .STERADIAN. ) SOLID_ANGLE_UNIT ( ) );
#6256 = ORIENTED_EDGE ( 'NONE', *, *, #161, .F. ) ;
#6257 = CARTESIAN_POINT ( 'NONE',  ( 1.930905544980987543, -2.056952929731181268, 0.3500000000000000333 ) ) ;
#6258 = LINE ( 'NONE', #5290, #241 ) ;
#6259 = SURFACE_STYLE_FILL_AREA ( #5706 ) ;
#6260 = CARTESIAN_POINT ( 'NONE',  ( 2.463314554501873754, -2.463314554501873754, -0.6999999999999999556 ) ) ;
#6261 = ORIENTED_EDGE ( 'NONE', *, *, #362, .T. ) ;
#6262 = FACE_OUTER_BOUND ( 'NONE', #739, .T. ) ;
#6263 = EDGE_CURVE ( 'NONE', #3839, #2764, #5921, .T. ) ;
#6264 = LINE ( 'NONE', #3939, #1818 ) ;
#6265 = DIRECTION ( 'NONE',  ( -4.818676322157797375E-16, 1.000000000000000000, 0.0000000000000000000 ) ) ;
#6266 = PRESENTATION_STYLE_ASSIGNMENT (( #6680 ) ) ;
#6267 = PRESENTATION_LAYER_ASSIGNMENT (  '', '', ( #373 ) ) ;
#6268 = DIRECTION ( 'NONE',  ( 0.0000000000000000000, -1.000000000000000000, 0.0000000000000000000 ) ) ;
#6269 = EDGE_LOOP ( 'NONE', ( #4707, #2629, #4243, #109 ) ) ;
#6270 = DIRECTION ( 'NONE',  ( 1.000000000000000000, 0.0000000000000000000, 0.0000000000000000000 ) ) ;
#6271 = DIRECTION ( 'NONE',  ( -0.0000000000000000000, 0.0000000000000000000, -1.000000000000000000 ) ) ;
#6272 = LINE ( 'NONE', #3659, #4911 ) ;
#6273 = EDGE_CURVE ( 'NONE', #6362, #6527, #2708, .T. ) ;
#6274 = DIRECTION ( 'NONE',  ( 1.000000000000000000, 0.0000000000000000000, 0.0000000000000000000 ) ) ;
#6275 = VECTOR ( 'NONE', #6872, 1000.000000000000000 ) ;
#6276 = VERTEX_POINT ( 'NONE', #5396 ) ;
#6277 = LINE ( 'NONE', #1525, #3074 ) ;
#6278 = CARTESIAN_POINT ( 'NONE',  ( 2.400000000000001243, 1.200000000000000622, -0.4699999999999998068 ) ) ;
#6279 = VERTEX_POINT ( 'NONE', #5363 ) ;
#6280 = COLOUR_RGB ( '',1.000000000000000000, 1.000000000000000000, 1.000000000000000000 ) ;
#6281 = ADVANCED_FACE ( 'NONE', ( #624 ), #2784, .F. ) ;
#6282 = ADVANCED_FACE ( 'NONE', ( #5278 ), #1523, .F. ) ;
#6283 = DIRECTION ( 'NONE',  ( 1.000000000000000000, 0.0000000000000000000, -3.252606517456519613E-15 ) ) ;
#6284 = PLANE ( 'NONE',  #4418 ) ;
#6285 = LINE ( 'NONE', #3241, #6017 ) ;
#6286 = CARTESIAN_POINT ( 'NONE',  ( -2.400000000000001243, 2.100000000000000089, -0.4699999999999998068 ) ) ;
#6287 =( NAMED_UNIT ( * ) PLANE_ANGLE_UNIT ( ) SI_UNIT ( $, .RADIAN. ) );
#6288 = CARTESIAN_POINT ( 'NONE',  ( -2.400000000000002132, -1.199999999999999734, -0.2999999999999993783 ) ) ;
#6289 = PRESENTATION_LAYER_ASSIGNMENT (  '', '', ( #2855 ) ) ;
#6290 = EDGE_CURVE ( 'NONE', #3301, #2921, #1076, .T. ) ;
#6291 = FILL_AREA_STYLE ('',( #6839 ) ) ;
#6292 = DIRECTION ( 'NONE',  ( 0.0000000000000000000, 0.0000000000000000000, 1.000000000000000000 ) ) ;
#6293 = ORIENTED_EDGE ( 'NONE', *, *, #4600, .T. ) ;
#6294 = DIRECTION ( 'NONE',  ( 0.0000000000000000000, 0.0000000000000000000, -1.000000000000000000 ) ) ;
#6295 = VECTOR ( 'NONE', #2225, 1000.000000000000000 ) ;
#6296 = VERTEX_POINT ( 'NONE', #499 ) ;
#6297 = AXIS2_PLACEMENT_3D ( 'NONE', #6423, #2229, #2737 ) ;
#6298 = FACE_OUTER_BOUND ( 'NONE', #754, .T. ) ;
#6299 = FACE_OUTER_BOUND ( 'NONE', #2782, .T. ) ;
#6300 = VERTEX_POINT ( 'NONE', #4697 ) ;
#6301 = AXIS2_PLACEMENT_3D ( 'NONE', #4720, #3103, #5173 ) ;
#6302 = LINE ( 'NONE', #1551, #5954 ) ;
#6303 = MECHANICAL_DESIGN_GEOMETRIC_PRESENTATION_REPRESENTATION (  '', ( #3451 ), #6534 ) ;
#6304 = LINE ( 'NONE', #5869, #1795 ) ;
#6305 = CIRCLE ( 'NONE', #5767, 0.1500000000000000222 ) ;
#6306 = LINE ( 'NONE', #2150, #2228 ) ;
#6307 = DIRECTION ( 'NONE',  ( -0.0000000000000000000, -0.0000000000000000000, -1.000000000000000000 ) ) ;
#6308 = VERTEX_POINT ( 'NONE', #3265 ) ;
#6309 = ORIENTED_EDGE ( 'NONE', *, *, #5846, .F. ) ;
#6310 = CARTESIAN_POINT ( 'NONE',  ( 0.2103187164337327886, -2.056952929731181712, 0.3500000000000000333 ) ) ;
#6311 = FILL_AREA_STYLE_COLOUR ( '', #6193 ) ;
#6312 = FILL_AREA_STYLE_COLOUR ( '', #5487 ) ;
#6313 = CARTESIAN_POINT ( 'NONE',  ( -2.400000000000002132, -1.199999999999999734, -0.2999999999999993783 ) ) ;
#6314 = EDGE_CURVE ( 'NONE', #2446, #3415, #5798, .T. ) ;
#6315 = PLANE ( 'NONE',  #4984 ) ;
#6316 = EDGE_CURVE ( 'NONE', #5121, #6772, #3111, .T. ) ;
#6317 = CARTESIAN_POINT ( 'NONE',  ( -1.971607025033961236, 2.110000814877110997, 0.3500000000000000333 ) ) ;
#6318 = AXIS2_PLACEMENT_3D ( 'NONE', #5519, #822, #758 ) ;
#6319 = DIRECTION ( 'NONE',  ( -1.000000000000000000, 0.0000000000000000000, 0.0000000000000000000 ) ) ;
#6320 = LINE ( 'NONE', #1059, #1263 ) ;
#6321 = EDGE_LOOP ( 'NONE', ( #6541, #5218, #3884, #6091 ) ) ;
#6322 = PRESENTATION_STYLE_ASSIGNMENT (( #1413 ) ) ;
#6323 = ORIENTED_EDGE ( 'NONE', *, *, #461, .F. ) ;
#6324 = DIRECTION ( 'NONE',  ( 0.0000000000000000000, 0.05233595624294388321, 0.9986295347545739443 ) ) ;
#6325 = VECTOR ( 'NONE', #6630, 1000.000000000000000 ) ;
#6326 = CARTESIAN_POINT ( 'NONE',  ( 0.3603187164337338100, 0.8251250982098667919, 0.3500000000000000333 ) ) ;
#6327 = DIRECTION ( 'NONE',  ( 1.000000000000000000, -1.522241498270670007E-16, 0.0000000000000000000 ) ) ;
#6328 = VECTOR ( 'NONE', #3931, 1000.000000000000000 ) ;
#6329 = ORIENTED_EDGE ( 'NONE', *, *, #5275, .T. ) ;
#6330 = FACE_OUTER_BOUND ( 'NONE', #2224, .T. ) ;
#6331 = VERTEX_POINT ( 'NONE', #4211 ) ;
#6332 =( NAMED_UNIT ( * ) SI_UNIT ( $, .STERADIAN. ) SOLID_ANGLE_UNIT ( ) );
#6333 = VECTOR ( 'NONE', #4196, 1000.000000000000000 ) ;
#6334 = DIRECTION ( 'NONE',  ( -1.000000000000000000, -1.896992367213331698E-16, 0.0000000000000000000 ) ) ;
#6335 = CARTESIAN_POINT ( 'NONE',  ( 0.3603187164337324777, 0.4570589046025532176, 0.3500000000000000333 ) ) ;
#6336 = VERTEX_POINT ( 'NONE', #2554 ) ;
#6337 = SURFACE_STYLE_FILL_AREA ( #4252 ) ;
#6338 = DIRECTION ( 'NONE',  ( -0.0000000000000000000, -0.0000000000000000000, -1.000000000000000000 ) ) ;
#6339 = EDGE_CURVE ( 'NONE', #6331, #3053, #2044, .T. ) ;
#6340 = ORIENTED_EDGE ( 'NONE', *, *, #3930, .T. ) ;
#6341 =( GEOMETRIC_REPRESENTATION_CONTEXT ( 3 ) GLOBAL_UNCERTAINTY_ASSIGNED_CONTEXT ( ( #3615 ) ) GLOBAL_UNIT_ASSIGNED_CONTEXT ( ( #6243, #1801, #5872 ) ) REPRESENTATION_CONTEXT ( 'NONE', 'WORKASPACE' ) );
#6342 = STYLED_ITEM ( 'NONE', ( #2172 ), #2694 ) ;
#6343 = DIRECTION ( 'NONE',  ( -3.043374519257556424E-15, 0.0000000000000000000, -1.000000000000000000 ) ) ;
#6344 = SURFACE_STYLE_USAGE ( .BOTH. , #4146 ) ;
#6345 = ORIENTED_EDGE ( 'NONE', *, *, #422, .F. ) ;
#6346 = CARTESIAN_POINT ( 'NONE',  ( -1.700000000000000622, 2.100000000000000089, -0.7699999999999999067 ) ) ;
#6347 = CARTESIAN_POINT ( 'NONE',  ( 2.500000000000002220, -1.199999999999999734, 0.0000000000000000000 ) ) ;
#6348 = EDGE_LOOP ( 'NONE', ( #2979, #3527, #3859, #1649 ) ) ;
#6349 = DIRECTION ( 'NONE',  ( -1.000000000000000000, 0.0000000000000000000, 0.0000000000000000000 ) ) ;
#6350 = LINE ( 'NONE', #3636, #2511 ) ;
#6351 = VECTOR ( 'NONE', #5533, 1000.000000000000000 ) ;
#6352 = CARTESIAN_POINT ( 'NONE',  ( 2.400000000000001243, -2.099999999999999645, -0.5700000000000000622 ) ) ;
#6353 = DIRECTION ( 'NONE',  ( 0.0000000000000000000, 1.000000000000000000, 0.0000000000000000000 ) ) ;
#6354 = EDGE_CURVE ( 'NONE', #3985, #3013, #2662, .T. ) ;
#6355 = ORIENTED_EDGE ( 'NONE', *, *, #1970, .T. ) ;
#6356 = CARTESIAN_POINT ( 'NONE',  ( 2.470127565808668990, -1.100000000000000089, -0.5699999999999999512 ) ) ;
#6357 = PRESENTATION_LAYER_ASSIGNMENT (  '', '', ( #2477 ) ) ;
#6358 =( GEOMETRIC_REPRESENTATION_CONTEXT ( 3 ) GLOBAL_UNCERTAINTY_ASSIGNED_CONTEXT ( ( #4236 ) ) GLOBAL_UNIT_ASSIGNED_CONTEXT ( ( #3672, #3710, #5808 ) ) REPRESENTATION_CONTEXT ( 'NONE', 'WORKASPACE' ) );
#6359 = VERTEX_POINT ( 'NONE', #6415 ) ;
#6360 = CARTESIAN_POINT ( 'NONE',  ( -1.296028625818473667, 0.6751250982098668807, 0.3500000000000000333 ) ) ;
#6361 = UNCERTAINTY_MEASURE_WITH_UNIT (LENGTH_MEASURE( 1.000000000000000082E-05 ), #1430, 'distance_accuracy_value', 'NONE');
#6362 = VERTEX_POINT ( 'NONE', #474 ) ;
#6363 = CARTESIAN_POINT ( 'NONE',  ( 2.500000000000001332, 1.200000000000000400, -0.4700000000000001399 ) ) ;
#6364 = EDGE_CURVE ( 'NONE', #4937, #1646, #3735, .T. ) ;
#6365 = PRESENTATION_STYLE_ASSIGNMENT (( #1545 ) ) ;
#6366 = DIRECTION ( 'NONE',  ( 0.0000000000000000000, 0.0000000000000000000, 1.000000000000000000 ) ) ;
#6367 = DIRECTION ( 'NONE',  ( -0.0000000000000000000, -0.0000000000000000000, -1.000000000000000000 ) ) ;
#6368 = DIRECTION ( 'NONE',  ( -0.0000000000000000000, 1.000000000000000000, -0.0000000000000000000 ) ) ;
#6369 = ORIENTED_EDGE ( 'NONE', *, *, #1681, .T. ) ;
#6370 = DIRECTION ( 'NONE',  ( 0.0000000000000000000, 0.0000000000000000000, 1.000000000000000000 ) ) ;
#6371 = CARTESIAN_POINT ( 'NONE',  ( -2.500000000000001776, -1.199999999999999734, -0.2999999999999997113 ) ) ;
#6372 = EDGE_CURVE ( 'NONE', #5976, #6147, #570, .T. ) ;
#6373 =( NAMED_UNIT ( * ) SI_UNIT ( $, .STERADIAN. ) SOLID_ANGLE_UNIT ( ) );
#6374 = CARTESIAN_POINT ( 'NONE',  ( -2.400000000000001243, 2.100000000000000089, -0.7700000000000000178 ) ) ;
#6375 = ORIENTED_EDGE ( 'NONE', *, *, #5823, .T. ) ;
#6376 = DIRECTION ( 'NONE',  ( 0.0000000000000000000, -1.000000000000000000, 0.0000000000000000000 ) ) ;
#6377 = ORIENTED_EDGE ( 'NONE', *, *, #6471, .T. ) ;
#6378 = VECTOR ( 'NONE', #3262, 1000.000000000000000 ) ;
#6379 = SURFACE_STYLE_FILL_AREA ( #2050 ) ;
#6380 =( NAMED_UNIT ( * ) SI_UNIT ( $, .STERADIAN. ) SOLID_ANGLE_UNIT ( ) );
#6381 = ADVANCED_FACE ( 'NONE', ( #2591 ), #1554, .T. ) ;
#6382 = DIRECTION ( 'NONE',  ( 1.000000000000000000, 0.0000000000000000000, 0.0000000000000000000 ) ) ;
#6383 = LINE ( 'NONE', #3240, #2845 ) ;
#6384 = EDGE_LOOP ( 'NONE', ( #5618, #1162, #4533, #4566, #981 ) ) ;
#6385 = SURFACE_STYLE_FILL_AREA ( #4292 ) ;
#6386 = DIRECTION ( 'NONE',  ( 0.0000000000000000000, 0.0000000000000000000, -1.000000000000000000 ) ) ;
#6387 = LINE ( 'NONE', #4810, #5977 ) ;
#6388 = CIRCLE ( 'NONE', #6515, 0.3000000000000000444 ) ;
#6389 = VERTEX_POINT ( 'NONE', #3697 ) ;
#6390 = CARTESIAN_POINT ( 'NONE',  ( 0.5500000000000000444, -2.240667692902679420, -0.5699999999999999512 ) ) ;
#6391 = VERTEX_POINT ( 'NONE', #2698 ) ;
#6392 = CARTESIAN_POINT ( 'NONE',  ( -1.296028625818473667, 0.6751250982098668807, 0.3500000000000000333 ) ) ;
#6393 = LINE ( 'NONE', #2683, #3577 ) ;
#6394 = CIRCLE ( 'NONE', #1417, 0.1000000000000000194 ) ;
#6395 = ORIENTED_EDGE ( 'NONE', *, *, #1360, .T. ) ;
#6396 = DIRECTION ( 'NONE',  ( -1.000000000000000000, 0.0000000000000000000, 0.0000000000000000000 ) ) ;
#6397 = VERTEX_POINT ( 'NONE', #2112 ) ;
#6398 = VECTOR ( 'NONE', #1191, 1000.000000000000000 ) ;
#6399 = STYLED_ITEM ( 'NONE', ( #4559 ), #5373 ) ;
#6400 = PLANE ( 'NONE',  #5991 ) ;
#6401 = SURFACE_STYLE_FILL_AREA ( #4307 ) ;
#6402 = DIRECTION ( 'NONE',  ( -1.000000000000000000, 0.0000000000000000000, 0.0000000000000000000 ) ) ;
#6403 =( GEOMETRIC_REPRESENTATION_CONTEXT ( 3 ) GLOBAL_UNCERTAINTY_ASSIGNED_CONTEXT ( ( #1958 ) ) GLOBAL_UNIT_ASSIGNED_CONTEXT ( ( #2658, #4245, #602 ) ) REPRESENTATION_CONTEXT ( 'NONE', 'WORKASPACE' ) );
#6404 =( NAMED_UNIT ( * ) SI_UNIT ( $, .STERADIAN. ) SOLID_ANGLE_UNIT ( ) );
#6405 = AXIS2_PLACEMENT_3D ( 'NONE', #2291, #1298, #5582 ) ;
#6406 = PLANE ( 'NONE',  #945 ) ;
#6407 = ORIENTED_EDGE ( 'NONE', *, *, #4330, .T. ) ;
#6408 = SURFACE_STYLE_USAGE ( .BOTH. , #118 ) ;
#6409 = DIRECTION ( 'NONE',  ( -9.105833465946933014E-17, -1.000000000000000000, 0.0000000000000000000 ) ) ;
#6410 = EDGE_CURVE ( 'NONE', #2236, #4770, #4831, .T. ) ;
#6411 = EDGE_CURVE ( 'NONE', #6296, #5927, #3877, .T. ) ;
#6412 = STYLED_ITEM ( 'NONE', ( #3796 ), #5657 ) ;
#6413 = SURFACE_STYLE_FILL_AREA ( #4313 ) ;
#6414 = SURFACE_STYLE_USAGE ( .BOTH. , #3770 ) ;
#6415 = CARTESIAN_POINT ( 'NONE',  ( -2.486873320506370000, -2.099999999999999645, -0.2504719656739949341 ) ) ;
#6416 = CARTESIAN_POINT ( 'NONE',  ( 0.4838201673205150821, 0.4046747618464905383, 0.3500000000000000333 ) ) ;
#6417 = CIRCLE ( 'NONE', #6099, 0.3000000000000002665 ) ;
#6418 = LINE ( 'NONE', #1198, #5047 ) ;
#6419 = ORIENTED_EDGE ( 'NONE', *, *, #1347, .F. ) ;
#6420 = DIRECTION ( 'NONE',  ( 0.0000000000000000000, 0.0000000000000000000, 1.000000000000000000 ) ) ;
#6421 = EDGE_CURVE ( 'NONE', #3793, #5829, #4754, .T. ) ;
#6422 = AXIS2_PLACEMENT_3D ( 'NONE', #7, #3617, #3758 ) ;
#6423 = CARTESIAN_POINT ( 'NONE',  ( -2.400000000000001243, -1.199999999999999734, -0.4699999999999998068 ) ) ;
#6424 = SURFACE_STYLE_USAGE ( .BOTH. , #4839 ) ;
#6425 =( NAMED_UNIT ( * ) PLANE_ANGLE_UNIT ( ) SI_UNIT ( $, .RADIAN. ) );
#6426 = SURFACE_SIDE_STYLE ('',( #3276 ) ) ;
#6427 = DIRECTION ( 'NONE',  ( -1.000000000000000000, 0.0000000000000000000, 0.0000000000000000000 ) ) ;
#6428 = ORIENTED_EDGE ( 'NONE', *, *, #5289, .F. ) ;
#6429 = DIRECTION ( 'NONE',  ( -1.000000000000000000, 0.0000000000000000000, 0.0000000000000000000 ) ) ;
#6430 = EDGE_CURVE ( 'NONE', #3580, #5782, #5906, .T. ) ;
#6431 =( GEOMETRIC_REPRESENTATION_CONTEXT ( 3 ) GLOBAL_UNCERTAINTY_ASSIGNED_CONTEXT ( ( #2146 ) ) GLOBAL_UNIT_ASSIGNED_CONTEXT ( ( #1591, #1156, #1631 ) ) REPRESENTATION_CONTEXT ( 'NONE', 'WORKASPACE' ) );
#6432 = VERTEX_POINT ( 'NONE', #6374 ) ;
#6433 = LINE ( 'NONE', #4816, #1077 ) ;
#6434 = DIRECTION ( 'NONE',  ( -0.0000000000000000000, -1.000000000000000000, -0.0000000000000000000 ) ) ;
#6435 = FILL_AREA_STYLE ('',( #5403 ) ) ;
#6436 = STYLED_ITEM ( 'NONE', ( #4029 ), #832 ) ;
#6437 = ORIENTED_EDGE ( 'NONE', *, *, #4176, .T. ) ;
#6438 =( NAMED_UNIT ( * ) SI_UNIT ( $, .STERADIAN. ) SOLID_ANGLE_UNIT ( ) );
#6439 = CARTESIAN_POINT ( 'NONE',  ( 0.0000000000000000000, -2.099999999999999645, -0.5699999999999999512 ) ) ;
#6440 = PLANE ( 'NONE',  #2444 ) ;
#6441 = CARTESIAN_POINT ( 'NONE',  ( -0.03316504619021998224, 2.110000814877110997, 0.3000000000000000444 ) ) ;
#6442 = SURFACE_STYLE_FILL_AREA ( #5965 ) ;
#6443 = FILL_AREA_STYLE ('',( #5481 ) ) ;
#6444 = SURFACE_STYLE_FILL_AREA ( #2214 ) ;
#6445 = EDGE_LOOP ( 'NONE', ( #4444, #2450, #174, #1596 ) ) ;
#6446 = CARTESIAN_POINT ( 'NONE',  ( 2.499117102666011725, 2.100000000000000089, -0.01684668471109857651 ) ) ;
#6447 = AXIS2_PLACEMENT_3D ( 'NONE', #1281, #3400, #4995 ) ;
#6448 = SURFACE_SIDE_STYLE ('',( #2287 ) ) ;
#6449 = CARTESIAN_POINT ( 'NONE',  ( -1.599999999999999867, 1.100000000000000089, -0.5699999999999999512 ) ) ;
#6450 = VECTOR ( 'NONE', #17, 1000.000000000000000 ) ;
#6451 = CARTESIAN_POINT ( 'NONE',  ( -2.470127565808668990, 2.500000000000002220, -0.5699999999999999512 ) ) ;
#6452 = CARTESIAN_POINT ( 'NONE',  ( 2.500000000000002220, 2.465004534589632978, 0.4000000000000000222 ) ) ;
#6453 = VERTEX_POINT ( 'NONE', #3772 ) ;
#6454 = PLANE ( 'NONE',  #2636 ) ;
#6455 = LINE ( 'NONE', #2323, #5815 ) ;
#6456 = FACE_OUTER_BOUND ( 'NONE', #2771, .T. ) ;
#6457 = PRESENTATION_LAYER_ASSIGNMENT (  '', '', ( #4136 ) ) ;
#6458 = FILL_AREA_STYLE ('',( #3198 ) ) ;
#6459 = DIRECTION ( 'NONE',  ( 1.000000000000000000, 0.0000000000000000000, 0.0000000000000000000 ) ) ;
#6460 = EDGE_CURVE ( 'NONE', #5730, #5948, #5870, .T. ) ;
#6461 = CARTESIAN_POINT ( 'NONE',  ( 2.400000000000002132, 1.200000000000000622, -0.2999999999999993783 ) ) ;
#6462 = ORIENTED_EDGE ( 'NONE', *, *, #6290, .F. ) ;
#6463 = PRESENTATION_LAYER_ASSIGNMENT (  '', '', ( #2570 ) ) ;
#6464 = DIRECTION ( 'NONE',  ( -0.0000000000000000000, -1.000000000000000000, -0.0000000000000000000 ) ) ;
#6465 = FILL_AREA_STYLE_COLOUR ( '', #1390 ) ;
#6466 = ORIENTED_EDGE ( 'NONE', *, *, #863, .T. ) ;
#6467 =( NAMED_UNIT ( * ) PLANE_ANGLE_UNIT ( ) SI_UNIT ( $, .RADIAN. ) );
#6468 =( NAMED_UNIT ( * ) SI_UNIT ( $, .STERADIAN. ) SOLID_ANGLE_UNIT ( ) );
#6469 = VECTOR ( 'NONE', #6526, 1000.000000000000000 ) ;
#6470 = EDGE_LOOP ( 'NONE', ( #2165, #5542 ) ) ;
#6471 = EDGE_CURVE ( 'NONE', #1722, #3978, #5347, .T. ) ;
#6472 = LINE ( 'NONE', #2205, #5728 ) ;
#6473 = ORIENTED_EDGE ( 'NONE', *, *, #3820, .T. ) ;
#6474 = DIRECTION ( 'NONE',  ( -1.000000000000000000, 0.0000000000000000000, 0.0000000000000000000 ) ) ;
#6475 = CARTESIAN_POINT ( 'NONE',  ( -2.500000000000001332, -1.199999999999999734, -0.4700000000000001399 ) ) ;
#6476 = VECTOR ( 'NONE', #1374, 1000.000000000000000 ) ;
#6477 = AXIS2_PLACEMENT_3D ( 'NONE', #6491, #657, #5942 ) ;
#6478 = DIRECTION ( 'NONE',  ( 0.0000000000000000000, 0.0000000000000000000, 1.000000000000000000 ) ) ;
#6479 = ADVANCED_FACE ( 'NONE', ( #688 ), #4903, .T. ) ;
#6480 = DIRECTION ( 'NONE',  ( -1.000000000000000000, -8.998760675425412313E-17, 0.0000000000000000000 ) ) ;
#6481 =( NAMED_UNIT ( * ) SI_UNIT ( $, .STERADIAN. ) SOLID_ANGLE_UNIT ( ) );
#6482 = FILL_AREA_STYLE_COLOUR ( '', #5850 ) ;
#6483 = DIRECTION ( 'NONE',  ( -1.000000000000000000, 0.0000000000000000000, 0.0000000000000000000 ) ) ;
#6484 = CARTESIAN_POINT ( 'NONE',  ( 1.930905544980987543, 2.110000814877110997, 0.3500000000000000333 ) ) ;
#6485 = ORIENTED_EDGE ( 'NONE', *, *, #5552, .F. ) ;
#6486 = COLOUR_RGB ( '',1.000000000000000000, 1.000000000000000000, 1.000000000000000000 ) ;
#6487 = SURFACE_STYLE_FILL_AREA ( #258 ) ;
#6488 = STYLED_ITEM ( 'NONE', ( #4482 ), #3593 ) ;
#6489 = LINE ( 'NONE', #6451, #2422 ) ;
#6490 = SURFACE_SIDE_STYLE ('',( #6337 ) ) ;
#6491 = CARTESIAN_POINT ( 'NONE',  ( -1.296028625818473667, -0.7287392438591724364, 0.3500000000000000333 ) ) ;
#6492 = EDGE_CURVE ( 'NONE', #305, #3630, #4571, .T. ) ;
#6493 =( NAMED_UNIT ( * ) SI_UNIT ( $, .STERADIAN. ) SOLID_ANGLE_UNIT ( ) );
#6494 = CARTESIAN_POINT ( 'NONE',  ( -2.400000000000002132, -1.199999999999999734, -0.2999999999999993783 ) ) ;
#6495 =( NAMED_UNIT ( * ) PLANE_ANGLE_UNIT ( ) SI_UNIT ( $, .RADIAN. ) );
#6496 =( GEOMETRIC_REPRESENTATION_CONTEXT ( 3 ) GLOBAL_UNCERTAINTY_ASSIGNED_CONTEXT ( ( #245 ) ) GLOBAL_UNIT_ASSIGNED_CONTEXT ( ( #2476, #4575, #789 ) ) REPRESENTATION_CONTEXT ( 'NONE', 'WORKASPACE' ) );
#6497 = VERTEX_POINT ( 'NONE', #4934 ) ;
#6498 = CARTESIAN_POINT ( 'NONE',  ( 2.486342147991857487, -2.486342147991858376, -0.2606073410281599112 ) ) ;
#6499 = PRESENTATION_STYLE_ASSIGNMENT (( #998 ) ) ;
#6500 = DIRECTION ( 'NONE',  ( 1.000000000000000000, 0.0000000000000000000, -3.252606517456519613E-15 ) ) ;
#6501 = ORIENTED_EDGE ( 'NONE', *, *, #1149, .F. ) ;
#6502 = SURFACE_SIDE_STYLE ('',( #3881 ) ) ;
#6503 = ADVANCED_FACE ( 'NONE', ( #6128 ), #3864, .T. ) ;
#6504 = EDGE_CURVE ( 'NONE', #5377, #5814, #6489, .T. ) ;
#6505 =( GEOMETRIC_REPRESENTATION_CONTEXT ( 3 ) GLOBAL_UNCERTAINTY_ASSIGNED_CONTEXT ( ( #1180 ) ) GLOBAL_UNIT_ASSIGNED_CONTEXT ( ( #1993, #374, #3169 ) ) REPRESENTATION_CONTEXT ( 'NONE', 'WORKASPACE' ) );
#6506 = ORIENTED_EDGE ( 'NONE', *, *, #6122, .F. ) ;
#6507 = CARTESIAN_POINT ( 'NONE',  ( 1.699999999999999956, 0.0000000000000000000, 0.3000000000000000444 ) ) ;
#6508 = FILL_AREA_STYLE ('',( #669 ) ) ;
#6509 = LINE ( 'NONE', #5567, #4152 ) ;
#6510 = CIRCLE ( 'NONE', #2729, 0.1000000000000000194 ) ;
#6511 = UNCERTAINTY_MEASURE_WITH_UNIT (LENGTH_MEASURE( 1.000000000000000082E-05 ), #5523, 'distance_accuracy_value', 'NONE');
#6512 = VERTEX_POINT ( 'NONE', #5606 ) ;
#6513 = LINE ( 'NONE', #1251, #5283 ) ;
#6514 = EDGE_CURVE ( 'NONE', #328, #3919, #5453, .T. ) ;
#6515 = AXIS2_PLACEMENT_3D ( 'NONE', #6188, #2087, #3598 ) ;
#6516 = LINE ( 'NONE', #4855, #3371 ) ;
#6517 = FILL_AREA_STYLE_COLOUR ( '', #5132 ) ;
#6518 = CARTESIAN_POINT ( 'NONE',  ( 0.2103187164337327886, 0.9751250982098678133, 0.3500000000000000333 ) ) ;
#6519 = CONICAL_SURFACE ( 'NONE', #2506, 1.699999999999999956, 0.5410520681182429126 ) ;
#6520 = FILL_AREA_STYLE ('',( #2216 ) ) ;
#6521 = DIRECTION ( 'NONE',  ( 1.000000000000000000, 0.0000000000000000000, 0.0000000000000000000 ) ) ;
#6522 = EDGE_CURVE ( 'NONE', #4237, #2893, #4386, .T. ) ;
#6523 = VECTOR ( 'NONE', #4868, 1000.000000000000000 ) ;
#6524 =( LENGTH_UNIT ( ) NAMED_UNIT ( * ) SI_UNIT ( .MILLI., .METRE. ) );
#6525 = STYLED_ITEM ( 'NONE', ( #3242 ), #5247 ) ;
#6526 = DIRECTION ( 'NONE',  ( -3.043374519257556424E-15, 0.0000000000000000000, 1.000000000000000000 ) ) ;
#6527 = VERTEX_POINT ( 'NONE', #848 ) ;
#6528 = SURFACE_STYLE_USAGE ( .BOTH. , #2806 ) ;
#6529 = UNCERTAINTY_MEASURE_WITH_UNIT (LENGTH_MEASURE( 1.000000000000000082E-05 ), #115, 'distance_accuracy_value', 'NONE');
#6530 =( NAMED_UNIT ( * ) SI_UNIT ( $, .STERADIAN. ) SOLID_ANGLE_UNIT ( ) );
#6531 = VECTOR ( 'NONE', #1127, 1000.000000000000000 ) ;
#6532 = CARTESIAN_POINT ( 'NONE',  ( 2.400000000000001243, 2.100000000000000089, -0.4699999999999998068 ) ) ;
#6533 = CARTESIAN_POINT ( 'NONE',  ( -0.5500000000000001554, 2.254834989607331863, -0.5699999999999999512 ) ) ;
#6534 =( GEOMETRIC_REPRESENTATION_CONTEXT ( 3 ) GLOBAL_UNCERTAINTY_ASSIGNED_CONTEXT ( ( #5227 ) ) GLOBAL_UNIT_ASSIGNED_CONTEXT ( ( #4025, #850, #4639 ) ) REPRESENTATION_CONTEXT ( 'NONE', 'WORKASPACE' ) );
#6535 = FILL_AREA_STYLE_COLOUR ( '', #6280 ) ;
#6536 = AXIS2_PLACEMENT_3D ( 'NONE', #2286, #2832, #4969 ) ;
#6537 = ORIENTED_EDGE ( 'NONE', *, *, #2537, .F. ) ;
#6538 = CARTESIAN_POINT ( 'NONE',  ( 2.000000000000002220, 0.0000000000000000000, 0.8000000000000000444 ) ) ;
#6539 = LINE ( 'NONE', #296, #4226 ) ;
#6540 = CARTESIAN_POINT ( 'NONE',  ( 0.4838201673205150821, -0.4871897488101240015, 0.4500000000000000666 ) ) ;
#6541 = ORIENTED_EDGE ( 'NONE', *, *, #2891, .T. ) ;
#6542 = DIRECTION ( 'NONE',  ( 4.818676322157797375E-16, 1.000000000000000000, 0.0000000000000000000 ) ) ;
#6543 = VECTOR ( 'NONE', #6268, 1000.000000000000000 ) ;
#6544 = ORIENTED_EDGE ( 'NONE', *, *, #1222, .F. ) ;
#6545 = ADVANCED_FACE ( 'NONE', ( #5971 ), #6649, .F. ) ;
#6546 =( NAMED_UNIT ( * ) PLANE_ANGLE_UNIT ( ) SI_UNIT ( $, .RADIAN. ) );
#6547 = ADVANCED_FACE ( 'NONE', ( #3346 ), #6106, .F. ) ;
#6548 = PRESENTATION_STYLE_ASSIGNMENT (( #2374 ) ) ;
#6549 = ORIENTED_EDGE ( 'NONE', *, *, #3639, .F. ) ;
#6550 = PLANE ( 'NONE',  #5958 ) ;
#6551 = MECHANICAL_DESIGN_GEOMETRIC_PRESENTATION_REPRESENTATION (  '', ( #2653 ), #6431 ) ;
#6552 = CARTESIAN_POINT ( 'NONE',  ( 0.5500000000000000444, -1.049999999999999822, -0.5699999999999999512 ) ) ;
#6553 = DIRECTION ( 'NONE',  ( 8.998760675425412313E-17, -1.000000000000000000, 0.0000000000000000000 ) ) ;
#6554 = FACE_OUTER_BOUND ( 'NONE', #6115, .T. ) ;
#6555 = MECHANICAL_DESIGN_GEOMETRIC_PRESENTATION_REPRESENTATION (  '', ( #2660 ), #672 ) ;
#6556 = DIRECTION ( 'NONE',  ( -0.0000000000000000000, -0.0000000000000000000, -1.000000000000000000 ) ) ;
#6557 = EDGE_CURVE ( 'NONE', #6336, #5950, #5134, .T. ) ;
#6558 = DIRECTION ( 'NONE',  ( 1.000000000000000000, -0.0000000000000000000, -0.0000000000000000000 ) ) ;
#6559 = ORIENTED_EDGE ( 'NONE', *, *, #4563, .T. ) ;
#6560 = LINE ( 'NONE', #603, #6378 ) ;
#6561 = FACE_OUTER_BOUND ( 'NONE', #4233, .T. ) ;
#6562 = PRESENTATION_STYLE_ASSIGNMENT (( #4455 ) ) ;
#6564 = VECTOR ( 'NONE', #1538, 1000.000000000000000 ) ;
#6563 = DIRECTION ( 'NONE',  ( -0.0000000000000000000, -1.000000000000000000, -0.0000000000000000000 ) ) ;
#6565 = DIRECTION ( 'NONE',  ( 0.0000000000000000000, 0.0000000000000000000, -1.000000000000000000 ) ) ;
#6566 = VERTEX_POINT ( 'NONE', #6809 ) ;
#6567 = AXIS2_PLACEMENT_3D ( 'NONE', #6532, #1772, #6016 ) ;
#6568 = DIRECTION ( 'NONE',  ( 0.0000000000000000000, 1.000000000000000000, 0.0000000000000000000 ) ) ;
#6570 = EDGE_CURVE ( 'NONE', #3961, #5936, #5264, .T. ) ;
#6569 =( LENGTH_UNIT ( ) NAMED_UNIT ( * ) SI_UNIT ( .MILLI., .METRE. ) );
#6571 = CARTESIAN_POINT ( 'NONE',  ( 1.700000000000000400, 1.200000000000000622, -0.7699999999999999067 ) ) ;
#6572 = DIRECTION ( 'NONE',  ( -0.0000000000000000000, 0.0000000000000000000, 1.000000000000000000 ) ) ;
#6573 =( LENGTH_UNIT ( ) NAMED_UNIT ( * ) SI_UNIT ( .MILLI., .METRE. ) );
#6574 = LINE ( 'NONE', #2232, #3502 ) ;
#6575 = ORIENTED_EDGE ( 'NONE', *, *, #301, .F. ) ;
#6576 = VECTOR ( 'NONE', #6704, 1000.000000000000000 ) ;
#6577 = PRESENTATION_LAYER_ASSIGNMENT (  '', '', ( #3006 ) ) ;
#6578 = PLANE ( 'NONE',  #949 ) ;
#6579 = EDGE_LOOP ( 'NONE', ( #2244, #2583, #3699, #2049 ) ) ;
#6580 = SURFACE_STYLE_USAGE ( .BOTH. , #5994 ) ;
#6581 =( NAMED_UNIT ( * ) SI_UNIT ( $, .STERADIAN. ) SOLID_ANGLE_UNIT ( ) );
#6582 = ORIENTED_EDGE ( 'NONE', *, *, #4548, .F. ) ;
#6583 = MECHANICAL_DESIGN_GEOMETRIC_PRESENTATION_REPRESENTATION (  '', ( #2365 ), #22 ) ;
#6584 = ORIENTED_EDGE ( 'NONE', *, *, #1707, .F. ) ;
#6585 = LINE ( 'NONE', #812, #5513 ) ;
#6586 = EDGE_CURVE ( 'NONE', #6599, #4611, #4158, .T. ) ;
#6587 = DIRECTION ( 'NONE',  ( -0.0000000000000000000, -0.0000000000000000000, -1.000000000000000000 ) ) ;
#6588 = CIRCLE ( 'NONE', #1589, 0.3000000000000002665 ) ;
#6589 = DIRECTION ( 'NONE',  ( -0.0000000000000000000, -1.000000000000000000, -0.0000000000000000000 ) ) ;
#6590 = VERTEX_POINT ( 'NONE', #1995 ) ;
#6591 = UNCERTAINTY_MEASURE_WITH_UNIT (LENGTH_MEASURE( 1.000000000000000082E-05 ), #3933, 'distance_accuracy_value', 'NONE');
#6592 = CARTESIAN_POINT ( 'NONE',  ( 2.400000000000001243, 1.200000000000000622, -0.4699999999999998068 ) ) ;
#6593 = AXIS2_PLACEMENT_3D ( 'NONE', #5286, #5220, #5360 ) ;
#6594 = EDGE_CURVE ( 'NONE', #3985, #3689, #5229, .T. ) ;
#6595 = CARTESIAN_POINT ( 'NONE',  ( -2.500000000000002220, 2.500000000000002220, 0.0000000000000000000 ) ) ;
#6596 = VECTOR ( 'NONE', #6766, 1000.000000000000000 ) ;
#6597 =( NAMED_UNIT ( * ) SI_UNIT ( $, .STERADIAN. ) SOLID_ANGLE_UNIT ( ) );
#6598 = PLANE ( 'NONE',  #3778 ) ;
#6599 = VERTEX_POINT ( 'NONE', #1477 ) ;
#6600 = ORIENTED_EDGE ( 'NONE', *, *, #2384, .T. ) ;
#6601 = EDGE_CURVE ( 'NONE', #6359, #3793, #457, .T. ) ;
#6602 =( GEOMETRIC_REPRESENTATION_CONTEXT ( 3 ) GLOBAL_UNCERTAINTY_ASSIGNED_CONTEXT ( ( #3470 ) ) GLOBAL_UNIT_ASSIGNED_CONTEXT ( ( #4517, #6626, #1874 ) ) REPRESENTATION_CONTEXT ( 'NONE', 'WORKASPACE' ) );
#6603 =( NAMED_UNIT ( * ) PLANE_ANGLE_UNIT ( ) SI_UNIT ( $, .RADIAN. ) );
#6604 = SURFACE_STYLE_FILL_AREA ( #5528 ) ;
#6605 = ORIENTED_EDGE ( 'NONE', *, *, #582, .F. ) ;
#6606 = CARTESIAN_POINT ( 'NONE',  ( -2.500000000000001332, 2.100000000000000089, -0.4700000000000001399 ) ) ;
#6607 = ORIENTED_EDGE ( 'NONE', *, *, #5470, .F. ) ;
#6608 = EDGE_CURVE ( 'NONE', #5121, #2199, #886, .T. ) ;
#6609 = VERTEX_POINT ( 'NONE', #6260 ) ;
#6610 = CARTESIAN_POINT ( 'NONE',  ( -0.9960286258184727348, -0.5332195235787651200, 0.3500000000000000333 ) ) ;
#6611 = LINE ( 'NONE', #2890, #2148 ) ;
#6612 = EDGE_LOOP ( 'NONE', ( #205, #1351, #5345, #1348 ) ) ;
#6613 = EDGE_LOOP ( 'NONE', ( #916, #3971, #71, #1336 ) ) ;
#6614 = DIRECTION ( 'NONE',  ( 0.0000000000000000000, 0.0000000000000000000, 1.000000000000000000 ) ) ;
#6615 = CARTESIAN_POINT ( 'NONE',  ( 1.930905544980987543, 0.8251250982098667919, 0.3500000000000000333 ) ) ;
#6616 = SURFACE_STYLE_FILL_AREA ( #4964 ) ;
#6617 = VECTOR ( 'NONE', #2571, 1000.000000000000000 ) ;
#6618 = DIRECTION ( 'NONE',  ( -0.0000000000000000000, -0.0000000000000000000, -1.000000000000000000 ) ) ;
#6619 = ORIENTED_EDGE ( 'NONE', *, *, #301, .T. ) ;
#6620 = FACE_OUTER_BOUND ( 'NONE', #3022, .T. ) ;
#6621 = AXIS2_PLACEMENT_3D ( 'NONE', #617, #1600, #5914 ) ;
#6622 = VECTOR ( 'NONE', #8, 1000.000000000000000 ) ;
#6624 = EDGE_CURVE ( 'NONE', #65, #5116, #5777, .T. ) ;
#6623 = LINE ( 'NONE', #5555, #645 ) ;
#6625 = EDGE_CURVE ( 'NONE', #2463, #3662, #2572, .T. ) ;
#6626 =( NAMED_UNIT ( * ) PLANE_ANGLE_UNIT ( ) SI_UNIT ( $, .RADIAN. ) );
#6627 = PLANE ( 'NONE',  #2392 ) ;
#6628 = ORIENTED_EDGE ( 'NONE', *, *, #2603, .T. ) ;
#6629 = AXIS2_PLACEMENT_3D ( 'NONE', #5492, #2840, #5013 ) ;
#6630 = DIRECTION ( 'NONE',  ( -1.000000000000000000, 0.0000000000000000000, 0.0000000000000000000 ) ) ;
#6631 = LINE ( 'NONE', #4555, #2432 ) ;
#6632 =( NAMED_UNIT ( * ) PLANE_ANGLE_UNIT ( ) SI_UNIT ( $, .RADIAN. ) );
#6633 =( NAMED_UNIT ( * ) PLANE_ANGLE_UNIT ( ) SI_UNIT ( $, .RADIAN. ) );
#6634 = ORIENTED_EDGE ( 'NONE', *, *, #2011, .T. ) ;
#6635 = DIRECTION ( 'NONE',  ( 0.0000000000000000000, 0.0000000000000000000, 1.000000000000000000 ) ) ;
#6636 = EDGE_CURVE ( 'NONE', #6590, #581, #4123, .T. ) ;
#6637 = PRESENTATION_STYLE_ASSIGNMENT (( #2981 ) ) ;
#6638 = ORIENTED_EDGE ( 'NONE', *, *, #6245, .F. ) ;
#6639 = VECTOR ( 'NONE', #3868, 1000.000000000000000 ) ;
#6640 = DIRECTION ( 'NONE',  ( 1.000000000000000000, 0.0000000000000000000, -0.0000000000000000000 ) ) ;
#6641 =( GEOMETRIC_REPRESENTATION_CONTEXT ( 3 ) GLOBAL_UNCERTAINTY_ASSIGNED_CONTEXT ( ( #3641 ) ) GLOBAL_UNIT_ASSIGNED_CONTEXT ( ( #6851, #1517, #5376 ) ) REPRESENTATION_CONTEXT ( 'NONE', 'WORKASPACE' ) );
#6642 = VERTEX_POINT ( 'NONE', #4676 ) ;
#6643 = VERTEX_POINT ( 'NONE', #3021 ) ;
#6644 = VECTOR ( 'NONE', #1258, 1000.000000000000000 ) ;
#6645 = UNCERTAINTY_MEASURE_WITH_UNIT (LENGTH_MEASURE( 1.000000000000000082E-05 ), #5450, 'distance_accuracy_value', 'NONE');
#6646 = EDGE_LOOP ( 'NONE', ( #398, #2748, #2530, #6355 ) ) ;
#6647 = PLANE ( 'NONE',  #4475 ) ;
#6648 = DIRECTION ( 'NONE',  ( -0.0000000000000000000, -1.000000000000000000, -0.0000000000000000000 ) ) ;
#6649 = PLANE ( 'NONE',  #3882 ) ;
#6650 = FILL_AREA_STYLE_COLOUR ( '', #3678 ) ;
#6651 = LINE ( 'NONE', #1898, #6697 ) ;
#6652 = UNCERTAINTY_MEASURE_WITH_UNIT (LENGTH_MEASURE( 1.000000000000000082E-05 ), #5547, 'distance_accuracy_value', 'NONE');
#6653 = DIRECTION ( 'NONE',  ( 0.0000000000000000000, 0.0000000000000000000, 1.000000000000000000 ) ) ;
#6654 =( GEOMETRIC_REPRESENTATION_CONTEXT ( 3 ) GLOBAL_UNCERTAINTY_ASSIGNED_CONTEXT ( ( #895 ) ) GLOBAL_UNIT_ASSIGNED_CONTEXT ( ( #2013, #2976, #6139 ) ) REPRESENTATION_CONTEXT ( 'NONE', 'WORKASPACE' ) );
#6655 = EDGE_LOOP ( 'NONE', ( #6756, #166, #655, #6066 ) ) ;
#6656 = CARTESIAN_POINT ( 'NONE',  ( 2.700000000000001954, -3.299999999999998490, -0.4700000000000007505 ) ) ;
#6657 =( NAMED_UNIT ( * ) SI_UNIT ( $, .STERADIAN. ) SOLID_ANGLE_UNIT ( ) );
#6658 = AXIS2_PLACEMENT_3D ( 'NONE', #536, #6334, #5382 ) ;
#6659 = VERTEX_POINT ( 'NONE', #2471 ) ;
#6660 = ADVANCED_FACE ( 'NONE', ( #6780 ), #3572, .F. ) ;
#6661 = EDGE_CURVE ( 'NONE', #4148, #4349, #3537, .T. ) ;
#6662 = SURFACE_SIDE_STYLE ('',( #6604 ) ) ;
#6663 = STYLED_ITEM ( 'NONE', ( #6266 ), #845 ) ;
#6664 = SURFACE_STYLE_FILL_AREA ( #4560 ) ;
#6665 = EDGE_LOOP ( 'NONE', ( #1652, #5696, #6549, #1989 ) ) ;
#6666 = AXIS2_PLACEMENT_3D ( 'NONE', #486, #6873, #70 ) ;
#6667 = ORIENTED_EDGE ( 'NONE', *, *, #2576, .T. ) ;
#6668 = VECTOR ( 'NONE', #3536, 1000.000000000000000 ) ;
#6669 = ORIENTED_EDGE ( 'NONE', *, *, #6636, .F. ) ;
#6670 = DIRECTION ( 'NONE',  ( -0.0000000000000000000, -1.000000000000000000, -0.0000000000000000000 ) ) ;
#6671 = CIRCLE ( 'NONE', #3486, 2.000000000000002220 ) ;
#6672 = VECTOR ( 'NONE', #1541, 1000.000000000000000 ) ;
#6673 = ADVANCED_FACE ( 'NONE', ( #1960 ), #4089, .F. ) ;
#6674 = DIRECTION ( 'NONE',  ( -0.0000000000000000000, -0.0000000000000000000, -1.000000000000000000 ) ) ;
#6675 = UNCERTAINTY_MEASURE_WITH_UNIT (LENGTH_MEASURE( 1.000000000000000082E-05 ), #1608, 'distance_accuracy_value', 'NONE');
#6676 = FILL_AREA_STYLE_COLOUR ( '', #1697 ) ;
#6677 = LINE ( 'NONE', #3510, #2318 ) ;
#6678 = ADVANCED_FACE ( 'NONE', ( #4333 ), #3323, .F. ) ;
#6679 = COLOUR_RGB ( '',1.000000000000000000, 1.000000000000000000, 1.000000000000000000 ) ;
#6680 = SURFACE_STYLE_USAGE ( .BOTH. , #4608 ) ;
#6681 = CARTESIAN_POINT ( 'NONE',  ( -2.400000000000002132, 2.100000000000000089, -0.2999999999999993783 ) ) ;
#6682 = ORIENTED_EDGE ( 'NONE', *, *, #4607, .F. ) ;
#6683 = PRESENTATION_STYLE_ASSIGNMENT (( #2482 ) ) ;
#6684 = ORIENTED_EDGE ( 'NONE', *, *, #6624, .T. ) ;
#6685 = DIRECTION ( 'NONE',  ( 0.0000000000000000000, 1.000000000000000000, 0.0000000000000000000 ) ) ;
#6686 = ORIENTED_EDGE ( 'NONE', *, *, #4556, .T. ) ;
#6687 = DIRECTION ( 'NONE',  ( 1.000000000000000000, 4.818676322157797375E-16, 0.0000000000000000000 ) ) ;
#6688 = SURFACE_STYLE_USAGE ( .BOTH. , #1521 ) ;
#6689 = VECTOR ( 'NONE', #5183, 1000.000000000000000 ) ;
#6690 = LINE ( 'NONE', #1460, #630 ) ;
#6691 = DIRECTION ( 'NONE',  ( 2.409338161078899674E-16, 1.000000000000000000, 0.0000000000000000000 ) ) ;
#6692 = ORIENTED_EDGE ( 'NONE', *, *, #3321, .T. ) ;
#6693 =( LENGTH_UNIT ( ) NAMED_UNIT ( * ) SI_UNIT ( .MILLI., .METRE. ) );
#6694 = EDGE_LOOP ( 'NONE', ( #12, #6419, #3500, #4926 ) ) ;
#6695 = STYLED_ITEM ( 'NONE', ( #1225 ), #3563 ) ;
#6696 = ORIENTED_EDGE ( 'NONE', *, *, #3353, .F. ) ;
#6697 = VECTOR ( 'NONE', #6131, 1000.000000000000000 ) ;
#6698 = CARTESIAN_POINT ( 'NONE',  ( 1.700000000000000622, -1.199999999999999734, -0.7699999999999999067 ) ) ;
#6699 = EDGE_LOOP ( 'NONE', ( #2102, #2778, #1175, #5268 ) ) ;
#6700 = EDGE_CURVE ( 'NONE', #4204, #328, #2109, .T. ) ;
#6701 = ADVANCED_FACE ( 'NONE', ( #5754 ), #1546, .F. ) ;
#6702 = ORIENTED_EDGE ( 'NONE', *, *, #708, .F. ) ;
#6703 = MECHANICAL_DESIGN_GEOMETRIC_PRESENTATION_REPRESENTATION (  '', ( #6157 ), #2717 ) ;
#6704 = DIRECTION ( 'NONE',  ( -0.0000000000000000000, -0.0000000000000000000, -1.000000000000000000 ) ) ;
#6705 =( NAMED_UNIT ( * ) PLANE_ANGLE_UNIT ( ) SI_UNIT ( $, .RADIAN. ) );
#6706 = DIRECTION ( 'NONE',  ( -1.000000000000000000, -2.353123974012615088E-15, 0.0000000000000000000 ) ) ;
#6707 = CARTESIAN_POINT ( 'NONE',  ( -2.430009069179262848, 1.680009069179262848, 0.4000000000000000222 ) ) ;
#6708 = LINE ( 'NONE', #1963, #2680 ) ;
#6709 = VECTOR ( 'NONE', #4728, 1000.000000000000114 ) ;
#6710 = DIRECTION ( 'NONE',  ( 0.0000000000000000000, 0.0000000000000000000, 1.000000000000000000 ) ) ;
#6711 = ADVANCED_FACE ( 'NONE', ( #3141 ), #5270, .T. ) ;
#6712 = CARTESIAN_POINT ( 'NONE',  ( 0.0000000000000000000, 0.0000000000000000000, -0.5699999999999999512 ) ) ;
#6713 = VECTOR ( 'NONE', #4375, 1000.000000000000000 ) ;
#6714 = DIRECTION ( 'NONE',  ( 3.043374519257556424E-15, -0.0000000000000000000, 1.000000000000000000 ) ) ;
#6715 = ORIENTED_EDGE ( 'NONE', *, *, #4910, .F. ) ;
#6716 = DIRECTION ( 'NONE',  ( 0.0000000000000000000, -0.0000000000000000000, -1.000000000000000000 ) ) ;
#6717 = PLANE ( 'NONE',  #3278 ) ;
#6718 = EDGE_CURVE ( 'NONE', #443, #5729, #6195, .T. ) ;
#6719 = ORIENTED_EDGE ( 'NONE', *, *, #391, .F. ) ;
#6720 = MECHANICAL_DESIGN_GEOMETRIC_PRESENTATION_REPRESENTATION (  '', ( #1316 ), #1961 ) ;
#6721 = UNCERTAINTY_MEASURE_WITH_UNIT (LENGTH_MEASURE( 1.000000000000000082E-05 ), #2074, 'distance_accuracy_value', 'NONE');
#6722 = PRESENTATION_STYLE_ASSIGNMENT (( #3551 ) ) ;
#6723 = DIRECTION ( 'NONE',  ( 1.000000000000000000, 0.0000000000000000000, 0.0000000000000000000 ) ) ;
#6724 = FACE_OUTER_BOUND ( 'NONE', #4637, .T. ) ;
#6725 = COLOUR_RGB ( '',0.8313725490196077761, 0.8392156862745098200, 0.8313725490196077761 ) ;
#6726 = DIRECTION ( 'NONE',  ( 0.0000000000000000000, 1.000000000000000000, 0.0000000000000000000 ) ) ;
#6727 = EDGE_LOOP ( 'NONE', ( #5466, #3394, #5307, #4599 ) ) ;
#6728 = DIRECTION ( 'NONE',  ( 3.043374519257556424E-15, 0.0000000000000000000, -1.000000000000000000 ) ) ;
#6729 = FACE_OUTER_BOUND ( 'NONE', #2953, .T. ) ;
#6730 = ORIENTED_EDGE ( 'NONE', *, *, #1506, .F. ) ;
#6731 = CARTESIAN_POINT ( 'NONE',  ( 0.2103187164337327886, 0.9751250982098678133, 0.3000000000000000444 ) ) ;
#6732 = AXIS2_PLACEMENT_3D ( 'NONE', #6238, #1520, #3656 ) ;
#6733 = PRESENTATION_LAYER_ASSIGNMENT (  '', '', ( #74 ) ) ;
#6734 = VERTEX_POINT ( 'NONE', #3374 ) ;
#6735 = ORIENTED_EDGE ( 'NONE', *, *, #2497, .F. ) ;
#6736 = AXIS2_PLACEMENT_3D ( 'NONE', #3880, #3149, #2076 ) ;
#6737 = CARTESIAN_POINT ( 'NONE',  ( -2.500000000000002220, -2.500000000000002220, 0.0000000000000000000 ) ) ;
#6738 = EDGE_LOOP ( 'NONE', ( #2274, #2204, #1585, #3143 ) ) ;
#6739 = DIRECTION ( 'NONE',  ( -0.0000000000000000000, 0.0000000000000000000, -1.000000000000000000 ) ) ;
#6740 = VECTOR ( 'NONE', #2378, 1000.000000000000000 ) ;
#6741 = UNCERTAINTY_MEASURE_WITH_UNIT (LENGTH_MEASURE( 1.000000000000000082E-05 ), #4366, 'distance_accuracy_value', 'NONE');
#6742 = EDGE_CURVE ( 'NONE', #223, #273, #2312, .T. ) ;
#6743 = PRESENTATION_LAYER_ASSIGNMENT (  '', '', ( #648 ) ) ;
#6744 = EDGE_CURVE ( 'NONE', #5544, #6152, #6417, .T. ) ;
#6745 = CARTESIAN_POINT ( 'NONE',  ( 0.4838201673205150821, 0.4046747618464905383, 0.4500000000000000666 ) ) ;
#6746 = CARTESIAN_POINT ( 'NONE',  ( 0.3603187164337324777, 0.4570589046025532176, 0.3500000000000000333 ) ) ;
#6747 = CARTESIAN_POINT ( 'NONE',  ( 0.0000000000000000000, 1.200000000000000622, -0.5699999999999999512 ) ) ;
#6748 = ORIENTED_EDGE ( 'NONE', *, *, #35, .F. ) ;
#6749 = CIRCLE ( 'NONE', #4546, 0.3000000000000000444 ) ;
#6750 = VECTOR ( 'NONE', #2783, 1000.000000000000000 ) ;
#6751 = DIRECTION ( 'NONE',  ( 0.0000000000000000000, 0.0000000000000000000, 1.000000000000000000 ) ) ;
#6752 =( GEOMETRIC_REPRESENTATION_CONTEXT ( 3 ) GLOBAL_UNCERTAINTY_ASSIGNED_CONTEXT ( ( #2940 ) ) GLOBAL_UNIT_ASSIGNED_CONTEXT ( ( #2705, #5393, #3876 ) ) REPRESENTATION_CONTEXT ( 'NONE', 'WORKASPACE' ) );
#6753 = EDGE_CURVE ( 'NONE', #3017, #1133, #1223, .T. ) ;
#6754 =( NAMED_UNIT ( * ) SI_UNIT ( $, .STERADIAN. ) SOLID_ANGLE_UNIT ( ) );
#6755 = LINE ( 'NONE', #4130, #3211 ) ;
#6756 = ORIENTED_EDGE ( 'NONE', *, *, #4452, .T. ) ;
#6757 = DIRECTION ( 'NONE',  ( 1.000000000000000000, 0.0000000000000000000, 0.0000000000000000000 ) ) ;
#6758 = ORIENTED_EDGE ( 'NONE', *, *, #2345, .T. ) ;
#6759 = PLANE ( 'NONE',  #5737 ) ;
#6760 = DIRECTION ( 'NONE',  ( 0.0000000000000000000, -1.000000000000000000, 0.0000000000000000000 ) ) ;
#6761 = VECTOR ( 'NONE', #6241, 1000.000000000000000 ) ;
#6762 = FACE_OUTER_BOUND ( 'NONE', #1099, .T. ) ;
#6763 = FACE_OUTER_BOUND ( 'NONE', #2925, .T. ) ;
#6765 = AXIS2_PLACEMENT_3D ( 'NONE', #791, #3970, #3383 ) ;
#6764 =( LENGTH_UNIT ( ) NAMED_UNIT ( * ) SI_UNIT ( .MILLI., .METRE. ) );
#6766 = DIRECTION ( 'NONE',  ( 1.000000000000000000, 0.0000000000000000000, 0.0000000000000000000 ) ) ;
#6767 = VERTEX_POINT ( 'NONE', #6037 ) ;
#6768 =( LENGTH_UNIT ( ) NAMED_UNIT ( * ) SI_UNIT ( .MILLI., .METRE. ) );
#6769 = EDGE_CURVE ( 'NONE', #4407, #4185, #1291, .T. ) ;
#6770 = ORIENTED_EDGE ( 'NONE', *, *, #382, .T. ) ;
#6771 = DIRECTION ( 'NONE',  ( -2.409338161078899674E-16, 1.000000000000000000, 0.0000000000000000000 ) ) ;
#6772 = VERTEX_POINT ( 'NONE', #3408 ) ;
#6773 = CARTESIAN_POINT ( 'NONE',  ( -2.470127565808668990, 2.100000000000000089, -0.5699999999999999512 ) ) ;
#6774 = STYLED_ITEM ( 'NONE', ( #4540 ), #1000 ) ;
#6775 = EDGE_LOOP ( 'NONE', ( #3749, #5916 ) ) ;
#6776 = MECHANICAL_DESIGN_GEOMETRIC_PRESENTATION_REPRESENTATION (  '', ( #3119 ), #1905 ) ;
#6777 = FACE_OUTER_BOUND ( 'NONE', #5561, .T. ) ;
#6778 = DIRECTION ( 'NONE',  ( 0.0000000000000000000, 0.0000000000000000000, -1.000000000000000000 ) ) ;
#6779 =( LENGTH_UNIT ( ) NAMED_UNIT ( * ) SI_UNIT ( .MILLI., .METRE. ) );
#6780 = FACE_OUTER_BOUND ( 'NONE', #1849, .T. ) ;
#6781 = CARTESIAN_POINT ( 'NONE',  ( -1.700000000000000622, -1.199999999999999734, -0.5699999999999999512 ) ) ;
#6782 = CARTESIAN_POINT ( 'NONE',  ( 0.2838201673205150710, 0.2046747618464905827, 0.3500000000000000333 ) ) ;
#6783 = SURFACE_STYLE_USAGE ( .BOTH. , #3063 ) ;
#6784 = COLOUR_RGB ( '',0.8980392156862745390, 0.9215686274509803377, 0.9294117647058823817 ) ;
#6785 = EDGE_CURVE ( 'NONE', #2971, #2597, #6749, .T. ) ;
#6786 = DIRECTION ( 'NONE',  ( -0.0000000000000000000, -0.0000000000000000000, -1.000000000000000000 ) ) ;
#6787 = PRESENTATION_LAYER_ASSIGNMENT (  '', '', ( #2912 ) ) ;
#6788 = SURFACE_STYLE_FILL_AREA ( #5057 ) ;
#6789 = SURFACE_STYLE_USAGE ( .BOTH. , #432 ) ;
#6790 = VERTEX_POINT ( 'NONE', #220 ) ;
#6791 = PLANE ( 'NONE',  #5191 ) ;
#6792 = EDGE_CURVE ( 'NONE', #3803, #4116, #3965, .T. ) ;
#6793 = CARTESIAN_POINT ( 'NONE',  ( -1.043697599916538765, -0.1584055984559433750, 0.3500000000000000333 ) ) ;
#6794 = ORIENTED_EDGE ( 'NONE', *, *, #628, .T. ) ;
#6795 = FILL_AREA_STYLE ('',( #4699 ) ) ;
#6796 = UNCERTAINTY_MEASURE_WITH_UNIT (LENGTH_MEASURE( 1.000000000000000082E-05 ), #5243, 'distance_accuracy_value', 'NONE');
#6797 = DIRECTION ( 'NONE',  ( -0.0000000000000000000, 0.0000000000000000000, -1.000000000000000000 ) ) ;
#6798 = ADVANCED_FACE ( 'NONE', ( #2723 ), #312, .F. ) ;
#6799 = COLOUR_RGB ( '',1.000000000000000000, 0.0000000000000000000, 0.0000000000000000000 ) ;
#6800 = LINE ( 'NONE', #5126, #2523 ) ;
#6801 = CARTESIAN_POINT ( 'NONE',  ( 1.700000000000000400, -2.099999999999999645, -0.7699999999999999067 ) ) ;
#6802 = EDGE_LOOP ( 'NONE', ( #5260, #1063, #6309, #4369 ) ) ;
#6803 = VECTOR ( 'NONE', #1362, 1000.000000000000000 ) ;
#6804 =( LENGTH_UNIT ( ) NAMED_UNIT ( * ) SI_UNIT ( .MILLI., .METRE. ) );
#6805 = DIRECTION ( 'NONE',  ( -4.818676322157797375E-16, -1.000000000000000000, -1.466503673540475756E-30 ) ) ;
#6806 = EDGE_CURVE ( 'NONE', #1239, #3719, #6677, .T. ) ;
#6807 = AXIS2_PLACEMENT_3D ( 'NONE', #1576, #965, #6229 ) ;
#6808 = CARTESIAN_POINT ( 'NONE',  ( 2.500000000000001332, -2.099999999999999645, -0.4700000000000001399 ) ) ;
#6809 = CARTESIAN_POINT ( 'NONE',  ( 1.930905544980987543, 2.110000814877110997, 0.3000000000000000444 ) ) ;
#6810 = ORIENTED_EDGE ( 'NONE', *, *, #391, .T. ) ;
#6811 = DIRECTION ( 'NONE',  ( 0.0000000000000000000, 0.0000000000000000000, -1.000000000000000000 ) ) ;
#6812 = LINE ( 'NONE', #997, #1272 ) ;
#6813 = FACE_OUTER_BOUND ( 'NONE', #3854, .T. ) ;
#6814 = AXIS2_PLACEMENT_3D ( 'NONE', #281, #2410, #5106 ) ;
#6815 = EDGE_LOOP ( 'NONE', ( #5159, #3819, #5391, #1838 ) ) ;
#6816 = FILL_AREA_STYLE ('',( #4484 ) ) ;
#6817 = VECTOR ( 'NONE', #4792, 1000.000000000000000 ) ;
#6818 = CARTESIAN_POINT ( 'NONE',  ( -2.463314554501873310, 0.0000000000000000000, -0.6999999999999999556 ) ) ;
#6819 = DIRECTION ( 'NONE',  ( -1.000000000000000000, -2.404031325876694646E-16, 0.0000000000000000000 ) ) ;
#6820 = VERTEX_POINT ( 'NONE', #4056 ) ;
#6821 = DIRECTION ( 'NONE',  ( 0.0000000000000000000, -1.000000000000000000, 0.0000000000000000000 ) ) ;
#6822 = FILL_AREA_STYLE ('',( #4727 ) ) ;
#6823 =( LENGTH_UNIT ( ) NAMED_UNIT ( * ) SI_UNIT ( .MILLI., .METRE. ) );
#6824 = VECTOR ( 'NONE', #4829, 1000.000000000000000 ) ;
#6825 = ADVANCED_FACE ( 'NONE', ( #4604 ), #3613, .F. ) ;
#6826 = ADVANCED_FACE ( 'NONE', ( #2474 ), #3999, .F. ) ;
#6827 = AXIS2_PLACEMENT_3D ( 'NONE', #1320, #4051, #6156 ) ;
#6828 = EDGE_LOOP ( 'NONE', ( #476, #4750, #6748, #159 ) ) ;
#6829 = DIRECTION ( 'NONE',  ( -1.000000000000000000, 0.0000000000000000000, 0.0000000000000000000 ) ) ;
#6830 = VERTEX_POINT ( 'NONE', #1135 ) ;
#6831 = DIRECTION ( 'NONE',  ( 1.000000000000000000, -4.818676322157797375E-16, 0.0000000000000000000 ) ) ;
#6832 = ADVANCED_FACE ( 'NONE', ( #6813 ), #662, .F. ) ;
#6833 = DIRECTION ( 'NONE',  ( 0.0000000000000000000, -1.000000000000000000, 0.0000000000000000000 ) ) ;
#6834 = SURFACE_SIDE_STYLE ('',( #2164 ) ) ;
#6835 = CARTESIAN_POINT ( 'NONE',  ( 0.4838201673205150821, 0.2046747618464905827, 0.3500000000000000333 ) ) ;
#6836 = PLANE ( 'NONE',  #1267 ) ;
#6837 = AXIS2_PLACEMENT_3D ( 'NONE', #3246, #4329, #6429 ) ;
#6838 = MECHANICAL_DESIGN_GEOMETRIC_PRESENTATION_REPRESENTATION (  '', ( #6399 ), #1327 ) ;
#6839 = FILL_AREA_STYLE_COLOUR ( '', #2569 ) ;
#6840 = DIRECTION ( 'NONE',  ( 1.000000000000000000, 2.710505431213761578E-16, -0.0000000000000000000 ) ) ;
#6841 = ORIENTED_EDGE ( 'NONE', *, *, #3096, .F. ) ;
#6842 = CARTESIAN_POINT ( 'NONE',  ( 1.930905544980987543, 0.8251250982098667919, 0.3000000000000000444 ) ) ;
#6843 = MECHANICAL_DESIGN_GEOMETRIC_PRESENTATION_REPRESENTATION (  '', ( #1877 ), #4989 ) ;
#6844 = STYLED_ITEM ( 'NONE', ( #4168 ), #5626 ) ;
#6845 = UNCERTAINTY_MEASURE_WITH_UNIT (LENGTH_MEASURE( 1.000000000000000082E-05 ), #4780, 'distance_accuracy_value', 'NONE');
#6846 = ORIENTED_EDGE ( 'NONE', *, *, #5822, .F. ) ;
#6847 = CARTESIAN_POINT ( 'NONE',  ( -1.599999999999999645, 2.200000000000000178, -0.6999999999999999556 ) ) ;
#6848 = MECHANICAL_DESIGN_GEOMETRIC_PRESENTATION_REPRESENTATION (  '', ( #1337 ), #6641 ) ;
#6849 =( NAMED_UNIT ( * ) PLANE_ANGLE_UNIT ( ) SI_UNIT ( $, .RADIAN. ) );
#6850 = CARTESIAN_POINT ( 'NONE',  ( -1.699999999999999956, 2.081899558550500280E-16, 0.3007161552948416916 ) ) ;
#6851 =( LENGTH_UNIT ( ) NAMED_UNIT ( * ) SI_UNIT ( .MILLI., .METRE. ) );
#6852 = ORIENTED_EDGE ( 'NONE', *, *, #1377, .T. ) ;
#6853 = VECTOR ( 'NONE', #5464, 1000.000000000000000 ) ;
#6854 = DIRECTION ( 'NONE',  ( 0.0000000000000000000, 0.0000000000000000000, -1.000000000000000000 ) ) ;
#6855 = FILL_AREA_STYLE ('',( #4066 ) ) ;
#6856 = DIRECTION ( 'NONE',  ( -0.0000000000000000000, -0.0000000000000000000, -1.000000000000000000 ) ) ;
#6857 =( NAMED_UNIT ( * ) PLANE_ANGLE_UNIT ( ) SI_UNIT ( $, .RADIAN. ) );
#6858 = CARTESIAN_POINT ( 'NONE',  ( 0.0000000000000000000, 0.0000000000000000000, -0.7699999999999999067 ) ) ;
#6859 = PRESENTATION_STYLE_ASSIGNMENT (( #2625 ) ) ;
#6860 = ORIENTED_EDGE ( 'NONE', *, *, #267, .T. ) ;
#6861 = LINE ( 'NONE', #2115, #4841 ) ;
#6862 = ADVANCED_FACE ( 'NONE', ( #1643 ), #5359, .F. ) ;
#6863 = PLANE ( 'NONE',  #3110 ) ;
#6864 =( NAMED_UNIT ( * ) SI_UNIT ( $, .STERADIAN. ) SOLID_ANGLE_UNIT ( ) );
#6865 = FACE_OUTER_BOUND ( 'NONE', #6699, .T. ) ;
#6866 = DIRECTION ( 'NONE',  ( -1.000000000000000000, 2.710505431213759113E-16, 0.0000000000000000000 ) ) ;
#6867 = EDGE_LOOP ( 'NONE', ( #2726, #274, #1504, #6057, #745, #1555, #1284, #1159, #1819, #517 ) ) ;
#6868 = CYLINDRICAL_SURFACE ( 'NONE', #4990, 0.1499999999999999667 ) ;
#6869 = EDGE_CURVE ( 'NONE', #1945, #5455, #6539, .T. ) ;
#6870 = CARTESIAN_POINT ( 'NONE',  ( -1.600000000000000311, -2.199999999999999734, -0.5699999999999999512 ) ) ;
#6871 = EDGE_LOOP ( 'NONE', ( #3252, #4623, #4098, #4849 ) ) ;
#6872 = DIRECTION ( 'NONE',  ( -0.0000000000000000000, -0.0000000000000000000, -1.000000000000000000 ) ) ;
#6873 = DIRECTION ( 'NONE',  ( -0.0000000000000000000, -0.0000000000000000000, -1.000000000000000000 ) ) ;
#6874 = ORIENTED_EDGE ( 'NONE', *, *, #1707, .T. ) ;
ENDSEC;
END-ISO-10303-21;
