ISO-10303-21;
HEADER;
/* Generated by software containing ST-Developer
 * from STEP Tools, Inc. (www.steptools.com) 
 */

FILE_DESCRIPTION(
/* description */ ('STEP AP214'),
/* implementation_level */ '2;1');

FILE_NAME(
/* name */ 'SMT6PinHeader_HLE-103-02-S-DV-BE-K-TR.step',
/* time_stamp */ '2026-06-30T19:13:34+12:00',
/* author */ (''),
/* organization */ (''),
/* preprocessor_version */ 'ST-DEVELOPER v20.1',
/* originating_system */ 'Autodesk Translation Framework v15.8.0.0',
/* authorisation */ '');

FILE_SCHEMA (('AUTOMOTIVE_DESIGN { 1 0 10303 214 3 1 1 }'));
ENDSEC;

DATA;
#10=MECHANICAL_DESIGN_GEOMETRIC_PRESENTATION_REPRESENTATION('',(#65,#66,
#67),#7445);
#11=ITEM_DEFINED_TRANSFORMATION($,$,#4721,#4978);
#12=ITEM_DEFINED_TRANSFORMATION($,$,#4756,#4979);
#13=ITEM_DEFINED_TRANSFORMATION($,$,#4915,#4980);
#14=(
REPRESENTATION_RELATIONSHIP($,$,#7465,#7464)
REPRESENTATION_RELATIONSHIP_WITH_TRANSFORMATION(#11)
SHAPE_REPRESENTATION_RELATIONSHIP()
);
#15=(
REPRESENTATION_RELATIONSHIP($,$,#7466,#7464)
REPRESENTATION_RELATIONSHIP_WITH_TRANSFORMATION(#12)
SHAPE_REPRESENTATION_RELATIONSHIP()
);
#16=(
REPRESENTATION_RELATIONSHIP($,$,#7467,#7464)
REPRESENTATION_RELATIONSHIP_WITH_TRANSFORMATION(#13)
SHAPE_REPRESENTATION_RELATIONSHIP()
);
#17=CONTEXT_DEPENDENT_SHAPE_REPRESENTATION(#14,#7461);
#18=CONTEXT_DEPENDENT_SHAPE_REPRESENTATION(#15,#7462);
#19=CONTEXT_DEPENDENT_SHAPE_REPRESENTATION(#16,#7463);
#20=NEXT_ASSEMBLY_USAGE_OCCURRENCE('HLE-103-02-DV_socket:1',
'HLE-103-02-DV_socket:1','HLE-103-02-DV_socket:1',#7469,#7470,
'HLE-103-02-DV_socket:1');
#21=NEXT_ASSEMBLY_USAGE_OCCURRENCE('C-132-12-03-S-DV:1',
'C-132-12-03-S-DV:1','C-132-12-03-S-DV:1',#7469,#7471,
'C-132-12-03-S-DV:1');
#22=NEXT_ASSEMBLY_USAGE_OCCURRENCE('C-132-12-03-F-DV2:1',
'C-132-12-03-F-DV2:1','C-132-12-03-F-DV2:1',#7469,#7472,
'C-132-12-03-F-DV2:1');
#23=CIRCLE('',#4830,0.012);
#24=CIRCLE('',#4831,0.012);
#25=CIRCLE('',#4833,0.012);
#26=CIRCLE('',#4834,0.012);
#27=CIRCLE('',#4836,0.012);
#28=CIRCLE('',#4837,0.012);
#29=CIRCLE('',#4845,0.00499999999999998);
#30=CIRCLE('',#4846,0.00499999999999998);
#31=CIRCLE('',#4848,0.00499999999999998);
#32=CIRCLE('',#4849,0.00499999999999998);
#33=CIRCLE('',#4851,0.00499999999999998);
#34=CIRCLE('',#4852,0.00499999999999998);
#35=CIRCLE('',#4866,0.012);
#36=CIRCLE('',#4867,0.012);
#37=CIRCLE('',#4869,0.012);
#38=CIRCLE('',#4870,0.012);
#39=CIRCLE('',#4872,0.012);
#40=CIRCLE('',#4873,0.012);
#41=CIRCLE('',#4884,0.00499999999999999);
#42=CIRCLE('',#4885,0.00499999999999999);
#43=CIRCLE('',#4887,0.00499999999999999);
#44=CIRCLE('',#4888,0.00499999999999999);
#45=CIRCLE('',#4890,0.00499999999999999);
#46=CIRCLE('',#4891,0.00499999999999999);
#47=CYLINDRICAL_SURFACE('',#4829,0.012);
#48=CYLINDRICAL_SURFACE('',#4832,0.012);
#49=CYLINDRICAL_SURFACE('',#4835,0.012);
#50=CYLINDRICAL_SURFACE('',#4844,0.00499999999999998);
#51=CYLINDRICAL_SURFACE('',#4847,0.00499999999999998);
#52=CYLINDRICAL_SURFACE('',#4850,0.00499999999999998);
#53=CYLINDRICAL_SURFACE('',#4865,0.012);
#54=CYLINDRICAL_SURFACE('',#4868,0.012);
#55=CYLINDRICAL_SURFACE('',#4871,0.012);
#56=CYLINDRICAL_SURFACE('',#4883,0.00499999999999999);
#57=CYLINDRICAL_SURFACE('',#4886,0.00499999999999999);
#58=CYLINDRICAL_SURFACE('',#4889,0.00499999999999999);
#59=SHAPE_REPRESENTATION_RELATIONSHIP('SRR','None',#7465,#62);
#60=SHAPE_REPRESENTATION_RELATIONSHIP('SRR','None',#7466,#63);
#61=SHAPE_REPRESENTATION_RELATIONSHIP('SRR','None',#7467,#64);
#62=ADVANCED_BREP_SHAPE_REPRESENTATION('',(#68),#7442);
#63=ADVANCED_BREP_SHAPE_REPRESENTATION('',(#69),#7443);
#64=ADVANCED_BREP_SHAPE_REPRESENTATION('',(#70),#7444);
#65=STYLED_ITEM('',(#7489),#68);
#66=STYLED_ITEM('',(#7490),#69);
#67=STYLED_ITEM('',(#7491),#70);
#68=MANIFOLD_SOLID_BREP('Body1',#4683);
#69=MANIFOLD_SOLID_BREP('Body1',#4684);
#70=MANIFOLD_SOLID_BREP('Body1',#4685);
#71=FACE_BOUND('',#346,.T.);
#72=FACE_BOUND('',#347,.T.);
#73=FACE_BOUND('',#348,.T.);
#74=FACE_BOUND('',#349,.T.);
#75=FACE_BOUND('',#350,.T.);
#76=FACE_BOUND('',#351,.T.);
#77=FACE_BOUND('',#383,.T.);
#78=FACE_BOUND('',#384,.T.);
#79=FACE_BOUND('',#385,.T.);
#80=FACE_BOUND('',#386,.T.);
#81=FACE_BOUND('',#387,.T.);
#82=FACE_BOUND('',#388,.T.);
#83=FACE_BOUND('',#512,.T.);
#84=FACE_BOUND('',#513,.T.);
#85=FACE_BOUND('',#514,.T.);
#86=FACE_BOUND('',#515,.T.);
#87=FACE_BOUND('',#516,.T.);
#88=FACE_BOUND('',#517,.T.);
#89=FACE_BOUND('',#518,.T.);
#90=FACE_BOUND('',#519,.T.);
#91=FACE_BOUND('',#533,.T.);
#92=FACE_BOUND('',#534,.T.);
#93=FACE_BOUND('',#535,.T.);
#94=FACE_BOUND('',#536,.T.);
#95=FACE_BOUND('',#537,.T.);
#96=FACE_BOUND('',#538,.T.);
#97=FACE_BOUND('',#539,.T.);
#98=FACE_BOUND('',#540,.T.);
#99=FACE_BOUND('',#602,.T.);
#100=FACE_BOUND('',#603,.T.);
#101=FACE_BOUND('',#604,.T.);
#102=FACE_BOUND('',#605,.T.);
#103=FACE_BOUND('',#606,.T.);
#104=FACE_BOUND('',#607,.T.);
#105=FACE_BOUND('',#608,.T.);
#106=FACE_BOUND('',#609,.T.);
#107=FACE_BOUND('',#611,.T.);
#108=FACE_BOUND('',#612,.T.);
#109=FACE_BOUND('',#613,.T.);
#110=FACE_BOUND('',#614,.T.);
#111=FACE_BOUND('',#615,.T.);
#112=FACE_BOUND('',#616,.T.);
#113=FACE_BOUND('',#617,.T.);
#114=FACE_BOUND('',#618,.T.);
#115=FACE_OUTER_BOUND('',#345,.T.);
#116=FACE_OUTER_BOUND('',#352,.T.);
#117=FACE_OUTER_BOUND('',#353,.T.);
#118=FACE_OUTER_BOUND('',#354,.T.);
#119=FACE_OUTER_BOUND('',#355,.T.);
#120=FACE_OUTER_BOUND('',#356,.T.);
#121=FACE_OUTER_BOUND('',#357,.T.);
#122=FACE_OUTER_BOUND('',#358,.T.);
#123=FACE_OUTER_BOUND('',#359,.T.);
#124=FACE_OUTER_BOUND('',#360,.T.);
#125=FACE_OUTER_BOUND('',#361,.T.);
#126=FACE_OUTER_BOUND('',#362,.T.);
#127=FACE_OUTER_BOUND('',#363,.T.);
#128=FACE_OUTER_BOUND('',#364,.T.);
#129=FACE_OUTER_BOUND('',#365,.T.);
#130=FACE_OUTER_BOUND('',#366,.T.);
#131=FACE_OUTER_BOUND('',#367,.T.);
#132=FACE_OUTER_BOUND('',#368,.T.);
#133=FACE_OUTER_BOUND('',#369,.T.);
#134=FACE_OUTER_BOUND('',#370,.T.);
#135=FACE_OUTER_BOUND('',#371,.T.);
#136=FACE_OUTER_BOUND('',#372,.T.);
#137=FACE_OUTER_BOUND('',#373,.T.);
#138=FACE_OUTER_BOUND('',#374,.T.);
#139=FACE_OUTER_BOUND('',#375,.T.);
#140=FACE_OUTER_BOUND('',#376,.T.);
#141=FACE_OUTER_BOUND('',#377,.T.);
#142=FACE_OUTER_BOUND('',#378,.T.);
#143=FACE_OUTER_BOUND('',#379,.T.);
#144=FACE_OUTER_BOUND('',#380,.T.);
#145=FACE_OUTER_BOUND('',#381,.T.);
#146=FACE_OUTER_BOUND('',#382,.T.);
#147=FACE_OUTER_BOUND('',#389,.T.);
#148=FACE_OUTER_BOUND('',#390,.T.);
#149=FACE_OUTER_BOUND('',#391,.T.);
#150=FACE_OUTER_BOUND('',#392,.T.);
#151=FACE_OUTER_BOUND('',#393,.T.);
#152=FACE_OUTER_BOUND('',#394,.T.);
#153=FACE_OUTER_BOUND('',#395,.T.);
#154=FACE_OUTER_BOUND('',#396,.T.);
#155=FACE_OUTER_BOUND('',#397,.T.);
#156=FACE_OUTER_BOUND('',#398,.T.);
#157=FACE_OUTER_BOUND('',#399,.T.);
#158=FACE_OUTER_BOUND('',#400,.T.);
#159=FACE_OUTER_BOUND('',#401,.T.);
#160=FACE_OUTER_BOUND('',#402,.T.);
#161=FACE_OUTER_BOUND('',#403,.T.);
#162=FACE_OUTER_BOUND('',#404,.T.);
#163=FACE_OUTER_BOUND('',#405,.T.);
#164=FACE_OUTER_BOUND('',#406,.T.);
#165=FACE_OUTER_BOUND('',#407,.T.);
#166=FACE_OUTER_BOUND('',#408,.T.);
#167=FACE_OUTER_BOUND('',#409,.T.);
#168=FACE_OUTER_BOUND('',#410,.T.);
#169=FACE_OUTER_BOUND('',#411,.T.);
#170=FACE_OUTER_BOUND('',#412,.T.);
#171=FACE_OUTER_BOUND('',#413,.T.);
#172=FACE_OUTER_BOUND('',#414,.T.);
#173=FACE_OUTER_BOUND('',#415,.T.);
#174=FACE_OUTER_BOUND('',#416,.T.);
#175=FACE_OUTER_BOUND('',#417,.T.);
#176=FACE_OUTER_BOUND('',#418,.T.);
#177=FACE_OUTER_BOUND('',#419,.T.);
#178=FACE_OUTER_BOUND('',#420,.T.);
#179=FACE_OUTER_BOUND('',#421,.T.);
#180=FACE_OUTER_BOUND('',#422,.T.);
#181=FACE_OUTER_BOUND('',#423,.T.);
#182=FACE_OUTER_BOUND('',#424,.T.);
#183=FACE_OUTER_BOUND('',#425,.T.);
#184=FACE_OUTER_BOUND('',#426,.T.);
#185=FACE_OUTER_BOUND('',#427,.T.);
#186=FACE_OUTER_BOUND('',#428,.T.);
#187=FACE_OUTER_BOUND('',#429,.T.);
#188=FACE_OUTER_BOUND('',#430,.T.);
#189=FACE_OUTER_BOUND('',#431,.T.);
#190=FACE_OUTER_BOUND('',#432,.T.);
#191=FACE_OUTER_BOUND('',#433,.T.);
#192=FACE_OUTER_BOUND('',#434,.T.);
#193=FACE_OUTER_BOUND('',#435,.T.);
#194=FACE_OUTER_BOUND('',#436,.T.);
#195=FACE_OUTER_BOUND('',#437,.T.);
#196=FACE_OUTER_BOUND('',#438,.T.);
#197=FACE_OUTER_BOUND('',#439,.T.);
#198=FACE_OUTER_BOUND('',#440,.T.);
#199=FACE_OUTER_BOUND('',#441,.T.);
#200=FACE_OUTER_BOUND('',#442,.T.);
#201=FACE_OUTER_BOUND('',#443,.T.);
#202=FACE_OUTER_BOUND('',#444,.T.);
#203=FACE_OUTER_BOUND('',#445,.T.);
#204=FACE_OUTER_BOUND('',#446,.T.);
#205=FACE_OUTER_BOUND('',#447,.T.);
#206=FACE_OUTER_BOUND('',#448,.T.);
#207=FACE_OUTER_BOUND('',#449,.T.);
#208=FACE_OUTER_BOUND('',#450,.T.);
#209=FACE_OUTER_BOUND('',#451,.T.);
#210=FACE_OUTER_BOUND('',#452,.T.);
#211=FACE_OUTER_BOUND('',#453,.T.);
#212=FACE_OUTER_BOUND('',#454,.T.);
#213=FACE_OUTER_BOUND('',#455,.T.);
#214=FACE_OUTER_BOUND('',#456,.T.);
#215=FACE_OUTER_BOUND('',#457,.T.);
#216=FACE_OUTER_BOUND('',#458,.T.);
#217=FACE_OUTER_BOUND('',#459,.T.);
#218=FACE_OUTER_BOUND('',#460,.T.);
#219=FACE_OUTER_BOUND('',#461,.T.);
#220=FACE_OUTER_BOUND('',#462,.T.);
#221=FACE_OUTER_BOUND('',#463,.T.);
#222=FACE_OUTER_BOUND('',#464,.T.);
#223=FACE_OUTER_BOUND('',#465,.T.);
#224=FACE_OUTER_BOUND('',#466,.T.);
#225=FACE_OUTER_BOUND('',#467,.T.);
#226=FACE_OUTER_BOUND('',#468,.T.);
#227=FACE_OUTER_BOUND('',#469,.T.);
#228=FACE_OUTER_BOUND('',#470,.T.);
#229=FACE_OUTER_BOUND('',#471,.T.);
#230=FACE_OUTER_BOUND('',#472,.T.);
#231=FACE_OUTER_BOUND('',#473,.T.);
#232=FACE_OUTER_BOUND('',#474,.T.);
#233=FACE_OUTER_BOUND('',#475,.T.);
#234=FACE_OUTER_BOUND('',#476,.T.);
#235=FACE_OUTER_BOUND('',#477,.T.);
#236=FACE_OUTER_BOUND('',#478,.T.);
#237=FACE_OUTER_BOUND('',#479,.T.);
#238=FACE_OUTER_BOUND('',#480,.T.);
#239=FACE_OUTER_BOUND('',#481,.T.);
#240=FACE_OUTER_BOUND('',#482,.T.);
#241=FACE_OUTER_BOUND('',#483,.T.);
#242=FACE_OUTER_BOUND('',#484,.T.);
#243=FACE_OUTER_BOUND('',#485,.T.);
#244=FACE_OUTER_BOUND('',#486,.T.);
#245=FACE_OUTER_BOUND('',#487,.T.);
#246=FACE_OUTER_BOUND('',#488,.T.);
#247=FACE_OUTER_BOUND('',#489,.T.);
#248=FACE_OUTER_BOUND('',#490,.T.);
#249=FACE_OUTER_BOUND('',#491,.T.);
#250=FACE_OUTER_BOUND('',#492,.T.);
#251=FACE_OUTER_BOUND('',#493,.T.);
#252=FACE_OUTER_BOUND('',#494,.T.);
#253=FACE_OUTER_BOUND('',#495,.T.);
#254=FACE_OUTER_BOUND('',#496,.T.);
#255=FACE_OUTER_BOUND('',#497,.T.);
#256=FACE_OUTER_BOUND('',#498,.T.);
#257=FACE_OUTER_BOUND('',#499,.T.);
#258=FACE_OUTER_BOUND('',#500,.T.);
#259=FACE_OUTER_BOUND('',#501,.T.);
#260=FACE_OUTER_BOUND('',#502,.T.);
#261=FACE_OUTER_BOUND('',#503,.T.);
#262=FACE_OUTER_BOUND('',#504,.T.);
#263=FACE_OUTER_BOUND('',#505,.T.);
#264=FACE_OUTER_BOUND('',#506,.T.);
#265=FACE_OUTER_BOUND('',#507,.T.);
#266=FACE_OUTER_BOUND('',#508,.T.);
#267=FACE_OUTER_BOUND('',#509,.T.);
#268=FACE_OUTER_BOUND('',#510,.T.);
#269=FACE_OUTER_BOUND('',#511,.T.);
#270=FACE_OUTER_BOUND('',#520,.T.);
#271=FACE_OUTER_BOUND('',#521,.T.);
#272=FACE_OUTER_BOUND('',#522,.T.);
#273=FACE_OUTER_BOUND('',#523,.T.);
#274=FACE_OUTER_BOUND('',#524,.T.);
#275=FACE_OUTER_BOUND('',#525,.T.);
#276=FACE_OUTER_BOUND('',#526,.T.);
#277=FACE_OUTER_BOUND('',#527,.T.);
#278=FACE_OUTER_BOUND('',#528,.T.);
#279=FACE_OUTER_BOUND('',#529,.T.);
#280=FACE_OUTER_BOUND('',#530,.T.);
#281=FACE_OUTER_BOUND('',#531,.T.);
#282=FACE_OUTER_BOUND('',#532,.T.);
#283=FACE_OUTER_BOUND('',#541,.T.);
#284=FACE_OUTER_BOUND('',#542,.T.);
#285=FACE_OUTER_BOUND('',#543,.T.);
#286=FACE_OUTER_BOUND('',#544,.T.);
#287=FACE_OUTER_BOUND('',#545,.T.);
#288=FACE_OUTER_BOUND('',#546,.T.);
#289=FACE_OUTER_BOUND('',#547,.T.);
#290=FACE_OUTER_BOUND('',#548,.T.);
#291=FACE_OUTER_BOUND('',#549,.T.);
#292=FACE_OUTER_BOUND('',#550,.T.);
#293=FACE_OUTER_BOUND('',#551,.T.);
#294=FACE_OUTER_BOUND('',#552,.T.);
#295=FACE_OUTER_BOUND('',#553,.T.);
#296=FACE_OUTER_BOUND('',#554,.T.);
#297=FACE_OUTER_BOUND('',#555,.T.);
#298=FACE_OUTER_BOUND('',#556,.T.);
#299=FACE_OUTER_BOUND('',#557,.T.);
#300=FACE_OUTER_BOUND('',#558,.T.);
#301=FACE_OUTER_BOUND('',#559,.T.);
#302=FACE_OUTER_BOUND('',#560,.T.);
#303=FACE_OUTER_BOUND('',#561,.T.);
#304=FACE_OUTER_BOUND('',#562,.T.);
#305=FACE_OUTER_BOUND('',#563,.T.);
#306=FACE_OUTER_BOUND('',#564,.T.);
#307=FACE_OUTER_BOUND('',#565,.T.);
#308=FACE_OUTER_BOUND('',#566,.T.);
#309=FACE_OUTER_BOUND('',#567,.T.);
#310=FACE_OUTER_BOUND('',#568,.T.);
#311=FACE_OUTER_BOUND('',#569,.T.);
#312=FACE_OUTER_BOUND('',#570,.T.);
#313=FACE_OUTER_BOUND('',#571,.T.);
#314=FACE_OUTER_BOUND('',#572,.T.);
#315=FACE_OUTER_BOUND('',#573,.T.);
#316=FACE_OUTER_BOUND('',#574,.T.);
#317=FACE_OUTER_BOUND('',#575,.T.);
#318=FACE_OUTER_BOUND('',#576,.T.);
#319=FACE_OUTER_BOUND('',#577,.T.);
#320=FACE_OUTER_BOUND('',#578,.T.);
#321=FACE_OUTER_BOUND('',#579,.T.);
#322=FACE_OUTER_BOUND('',#580,.T.);
#323=FACE_OUTER_BOUND('',#581,.T.);
#324=FACE_OUTER_BOUND('',#582,.T.);
#325=FACE_OUTER_BOUND('',#583,.T.);
#326=FACE_OUTER_BOUND('',#584,.T.);
#327=FACE_OUTER_BOUND('',#585,.T.);
#328=FACE_OUTER_BOUND('',#586,.T.);
#329=FACE_OUTER_BOUND('',#587,.T.);
#330=FACE_OUTER_BOUND('',#588,.T.);
#331=FACE_OUTER_BOUND('',#589,.T.);
#332=FACE_OUTER_BOUND('',#590,.T.);
#333=FACE_OUTER_BOUND('',#591,.T.);
#334=FACE_OUTER_BOUND('',#592,.T.);
#335=FACE_OUTER_BOUND('',#593,.T.);
#336=FACE_OUTER_BOUND('',#594,.T.);
#337=FACE_OUTER_BOUND('',#595,.T.);
#338=FACE_OUTER_BOUND('',#596,.T.);
#339=FACE_OUTER_BOUND('',#597,.T.);
#340=FACE_OUTER_BOUND('',#598,.T.);
#341=FACE_OUTER_BOUND('',#599,.T.);
#342=FACE_OUTER_BOUND('',#600,.T.);
#343=FACE_OUTER_BOUND('',#601,.T.);
#344=FACE_OUTER_BOUND('',#610,.T.);
#345=EDGE_LOOP('',(#2939,#2940,#2941,#2942));
#346=EDGE_LOOP('',(#2943,#2944,#2945,#2946));
#347=EDGE_LOOP('',(#2947,#2948,#2949,#2950));
#348=EDGE_LOOP('',(#2951,#2952,#2953,#2954));
#349=EDGE_LOOP('',(#2955,#2956,#2957,#2958));
#350=EDGE_LOOP('',(#2959,#2960,#2961,#2962));
#351=EDGE_LOOP('',(#2963,#2964,#2965,#2966));
#352=EDGE_LOOP('',(#2967,#2968,#2969,#2970,#2971,#2972,#2973,#2974));
#353=EDGE_LOOP('',(#2975,#2976,#2977,#2978));
#354=EDGE_LOOP('',(#2979,#2980,#2981,#2982));
#355=EDGE_LOOP('',(#2983,#2984,#2985,#2986));
#356=EDGE_LOOP('',(#2987,#2988,#2989,#2990));
#357=EDGE_LOOP('',(#2991,#2992,#2993,#2994));
#358=EDGE_LOOP('',(#2995,#2996,#2997,#2998));
#359=EDGE_LOOP('',(#2999,#3000,#3001,#3002));
#360=EDGE_LOOP('',(#3003,#3004,#3005,#3006));
#361=EDGE_LOOP('',(#3007,#3008,#3009,#3010));
#362=EDGE_LOOP('',(#3011,#3012,#3013,#3014));
#363=EDGE_LOOP('',(#3015,#3016,#3017,#3018));
#364=EDGE_LOOP('',(#3019,#3020,#3021,#3022));
#365=EDGE_LOOP('',(#3023,#3024,#3025,#3026));
#366=EDGE_LOOP('',(#3027,#3028,#3029,#3030));
#367=EDGE_LOOP('',(#3031,#3032,#3033,#3034));
#368=EDGE_LOOP('',(#3035,#3036,#3037,#3038));
#369=EDGE_LOOP('',(#3039,#3040,#3041,#3042));
#370=EDGE_LOOP('',(#3043,#3044,#3045,#3046));
#371=EDGE_LOOP('',(#3047,#3048,#3049,#3050));
#372=EDGE_LOOP('',(#3051,#3052,#3053,#3054));
#373=EDGE_LOOP('',(#3055,#3056,#3057,#3058));
#374=EDGE_LOOP('',(#3059,#3060,#3061,#3062));
#375=EDGE_LOOP('',(#3063,#3064,#3065,#3066));
#376=EDGE_LOOP('',(#3067,#3068,#3069,#3070));
#377=EDGE_LOOP('',(#3071,#3072,#3073,#3074,#3075,#3076,#3077,#3078));
#378=EDGE_LOOP('',(#3079,#3080,#3081,#3082));
#379=EDGE_LOOP('',(#3083,#3084,#3085,#3086));
#380=EDGE_LOOP('',(#3087,#3088,#3089,#3090));
#381=EDGE_LOOP('',(#3091,#3092,#3093,#3094));
#382=EDGE_LOOP('',(#3095,#3096,#3097,#3098));
#383=EDGE_LOOP('',(#3099,#3100,#3101,#3102));
#384=EDGE_LOOP('',(#3103,#3104,#3105,#3106));
#385=EDGE_LOOP('',(#3107,#3108,#3109,#3110));
#386=EDGE_LOOP('',(#3111,#3112,#3113,#3114));
#387=EDGE_LOOP('',(#3115,#3116,#3117,#3118));
#388=EDGE_LOOP('',(#3119,#3120,#3121,#3122));
#389=EDGE_LOOP('',(#3123,#3124,#3125,#3126));
#390=EDGE_LOOP('',(#3127,#3128,#3129,#3130));
#391=EDGE_LOOP('',(#3131,#3132,#3133,#3134));
#392=EDGE_LOOP('',(#3135,#3136,#3137,#3138));
#393=EDGE_LOOP('',(#3139,#3140,#3141,#3142));
#394=EDGE_LOOP('',(#3143,#3144,#3145,#3146));
#395=EDGE_LOOP('',(#3147,#3148,#3149,#3150));
#396=EDGE_LOOP('',(#3151,#3152,#3153,#3154));
#397=EDGE_LOOP('',(#3155,#3156,#3157,#3158,#3159));
#398=EDGE_LOOP('',(#3160,#3161,#3162,#3163,#3164));
#399=EDGE_LOOP('',(#3165,#3166,#3167,#3168));
#400=EDGE_LOOP('',(#3169,#3170,#3171,#3172,#3173));
#401=EDGE_LOOP('',(#3174,#3175,#3176,#3177,#3178));
#402=EDGE_LOOP('',(#3179,#3180,#3181,#3182));
#403=EDGE_LOOP('',(#3183,#3184,#3185,#3186,#3187));
#404=EDGE_LOOP('',(#3188,#3189,#3190,#3191,#3192));
#405=EDGE_LOOP('',(#3193,#3194,#3195,#3196));
#406=EDGE_LOOP('',(#3197,#3198,#3199,#3200,#3201));
#407=EDGE_LOOP('',(#3202,#3203,#3204,#3205,#3206));
#408=EDGE_LOOP('',(#3207,#3208,#3209,#3210));
#409=EDGE_LOOP('',(#3211,#3212,#3213,#3214));
#410=EDGE_LOOP('',(#3215,#3216,#3217,#3218));
#411=EDGE_LOOP('',(#3219,#3220,#3221,#3222));
#412=EDGE_LOOP('',(#3223,#3224,#3225,#3226));
#413=EDGE_LOOP('',(#3227,#3228,#3229,#3230));
#414=EDGE_LOOP('',(#3231,#3232,#3233,#3234,#3235));
#415=EDGE_LOOP('',(#3236,#3237,#3238,#3239,#3240));
#416=EDGE_LOOP('',(#3241,#3242,#3243,#3244));
#417=EDGE_LOOP('',(#3245,#3246,#3247,#3248,#3249));
#418=EDGE_LOOP('',(#3250,#3251,#3252,#3253,#3254));
#419=EDGE_LOOP('',(#3255,#3256,#3257,#3258));
#420=EDGE_LOOP('',(#3259,#3260,#3261,#3262,#3263));
#421=EDGE_LOOP('',(#3264,#3265,#3266,#3267,#3268));
#422=EDGE_LOOP('',(#3269,#3270,#3271,#3272));
#423=EDGE_LOOP('',(#3273,#3274,#3275,#3276,#3277));
#424=EDGE_LOOP('',(#3278,#3279,#3280,#3281,#3282));
#425=EDGE_LOOP('',(#3283,#3284,#3285,#3286));
#426=EDGE_LOOP('',(#3287,#3288,#3289,#3290));
#427=EDGE_LOOP('',(#3291,#3292,#3293,#3294));
#428=EDGE_LOOP('',(#3295,#3296,#3297,#3298));
#429=EDGE_LOOP('',(#3299,#3300,#3301,#3302));
#430=EDGE_LOOP('',(#3303,#3304,#3305,#3306));
#431=EDGE_LOOP('',(#3307,#3308,#3309,#3310,#3311));
#432=EDGE_LOOP('',(#3312,#3313,#3314,#3315,#3316));
#433=EDGE_LOOP('',(#3317,#3318,#3319,#3320));
#434=EDGE_LOOP('',(#3321,#3322,#3323,#3324,#3325));
#435=EDGE_LOOP('',(#3326,#3327,#3328,#3329,#3330));
#436=EDGE_LOOP('',(#3331,#3332,#3333,#3334));
#437=EDGE_LOOP('',(#3335,#3336,#3337,#3338,#3339));
#438=EDGE_LOOP('',(#3340,#3341,#3342,#3343,#3344));
#439=EDGE_LOOP('',(#3345,#3346,#3347,#3348));
#440=EDGE_LOOP('',(#3349,#3350,#3351,#3352,#3353));
#441=EDGE_LOOP('',(#3354,#3355,#3356,#3357,#3358));
#442=EDGE_LOOP('',(#3359,#3360,#3361,#3362));
#443=EDGE_LOOP('',(#3363,#3364,#3365,#3366));
#444=EDGE_LOOP('',(#3367,#3368,#3369,#3370));
#445=EDGE_LOOP('',(#3371,#3372,#3373,#3374));
#446=EDGE_LOOP('',(#3375,#3376,#3377,#3378));
#447=EDGE_LOOP('',(#3379,#3380,#3381,#3382));
#448=EDGE_LOOP('',(#3383,#3384,#3385,#3386));
#449=EDGE_LOOP('',(#3387,#3388,#3389,#3390));
#450=EDGE_LOOP('',(#3391,#3392,#3393,#3394));
#451=EDGE_LOOP('',(#3395,#3396,#3397,#3398));
#452=EDGE_LOOP('',(#3399,#3400,#3401,#3402));
#453=EDGE_LOOP('',(#3403,#3404,#3405,#3406));
#454=EDGE_LOOP('',(#3407,#3408,#3409,#3410));
#455=EDGE_LOOP('',(#3411,#3412,#3413,#3414));
#456=EDGE_LOOP('',(#3415,#3416,#3417,#3418));
#457=EDGE_LOOP('',(#3419,#3420,#3421,#3422));
#458=EDGE_LOOP('',(#3423,#3424,#3425,#3426));
#459=EDGE_LOOP('',(#3427,#3428,#3429,#3430));
#460=EDGE_LOOP('',(#3431,#3432,#3433,#3434));
#461=EDGE_LOOP('',(#3435,#3436,#3437,#3438));
#462=EDGE_LOOP('',(#3439,#3440,#3441,#3442));
#463=EDGE_LOOP('',(#3443,#3444,#3445,#3446));
#464=EDGE_LOOP('',(#3447,#3448,#3449,#3450));
#465=EDGE_LOOP('',(#3451,#3452,#3453,#3454));
#466=EDGE_LOOP('',(#3455,#3456,#3457,#3458,#3459,#3460));
#467=EDGE_LOOP('',(#3461,#3462,#3463,#3464,#3465,#3466));
#468=EDGE_LOOP('',(#3467,#3468,#3469,#3470,#3471,#3472));
#469=EDGE_LOOP('',(#3473,#3474,#3475,#3476));
#470=EDGE_LOOP('',(#3477,#3478,#3479,#3480));
#471=EDGE_LOOP('',(#3481,#3482,#3483,#3484));
#472=EDGE_LOOP('',(#3485,#3486,#3487,#3488));
#473=EDGE_LOOP('',(#3489,#3490,#3491,#3492));
#474=EDGE_LOOP('',(#3493,#3494,#3495,#3496));
#475=EDGE_LOOP('',(#3497,#3498,#3499,#3500));
#476=EDGE_LOOP('',(#3501,#3502,#3503,#3504));
#477=EDGE_LOOP('',(#3505,#3506,#3507,#3508));
#478=EDGE_LOOP('',(#3509,#3510,#3511,#3512));
#479=EDGE_LOOP('',(#3513,#3514,#3515,#3516));
#480=EDGE_LOOP('',(#3517,#3518,#3519,#3520));
#481=EDGE_LOOP('',(#3521,#3522,#3523,#3524));
#482=EDGE_LOOP('',(#3525,#3526,#3527,#3528));
#483=EDGE_LOOP('',(#3529,#3530,#3531,#3532));
#484=EDGE_LOOP('',(#3533,#3534,#3535,#3536,#3537,#3538));
#485=EDGE_LOOP('',(#3539,#3540,#3541,#3542,#3543,#3544));
#486=EDGE_LOOP('',(#3545,#3546,#3547,#3548,#3549,#3550));
#487=EDGE_LOOP('',(#3551,#3552,#3553,#3554));
#488=EDGE_LOOP('',(#3555,#3556,#3557,#3558));
#489=EDGE_LOOP('',(#3559,#3560,#3561,#3562));
#490=EDGE_LOOP('',(#3563,#3564,#3565,#3566));
#491=EDGE_LOOP('',(#3567,#3568,#3569,#3570));
#492=EDGE_LOOP('',(#3571,#3572,#3573,#3574));
#493=EDGE_LOOP('',(#3575,#3576,#3577,#3578));
#494=EDGE_LOOP('',(#3579,#3580,#3581,#3582));
#495=EDGE_LOOP('',(#3583,#3584,#3585,#3586));
#496=EDGE_LOOP('',(#3587,#3588,#3589,#3590));
#497=EDGE_LOOP('',(#3591,#3592,#3593,#3594));
#498=EDGE_LOOP('',(#3595,#3596,#3597,#3598));
#499=EDGE_LOOP('',(#3599,#3600,#3601,#3602));
#500=EDGE_LOOP('',(#3603,#3604,#3605,#3606));
#501=EDGE_LOOP('',(#3607,#3608,#3609,#3610));
#502=EDGE_LOOP('',(#3611,#3612,#3613,#3614));
#503=EDGE_LOOP('',(#3615,#3616,#3617,#3618));
#504=EDGE_LOOP('',(#3619,#3620,#3621,#3622));
#505=EDGE_LOOP('',(#3623,#3624,#3625,#3626));
#506=EDGE_LOOP('',(#3627,#3628,#3629,#3630));
#507=EDGE_LOOP('',(#3631,#3632,#3633,#3634));
#508=EDGE_LOOP('',(#3635,#3636,#3637,#3638));
#509=EDGE_LOOP('',(#3639,#3640,#3641,#3642));
#510=EDGE_LOOP('',(#3643,#3644,#3645,#3646));
#511=EDGE_LOOP('',(#3647,#3648,#3649,#3650));
#512=EDGE_LOOP('',(#3651,#3652,#3653,#3654,#3655,#3656,#3657,#3658));
#513=EDGE_LOOP('',(#3659,#3660,#3661,#3662,#3663,#3664,#3665,#3666));
#514=EDGE_LOOP('',(#3667,#3668,#3669,#3670,#3671,#3672,#3673,#3674));
#515=EDGE_LOOP('',(#3675,#3676,#3677,#3678));
#516=EDGE_LOOP('',(#3679,#3680,#3681,#3682));
#517=EDGE_LOOP('',(#3683,#3684,#3685,#3686,#3687,#3688,#3689,#3690));
#518=EDGE_LOOP('',(#3691,#3692,#3693,#3694,#3695,#3696,#3697,#3698));
#519=EDGE_LOOP('',(#3699,#3700,#3701,#3702,#3703,#3704,#3705,#3706));
#520=EDGE_LOOP('',(#3707,#3708,#3709,#3710,#3711,#3712,#3713,#3714,#3715));
#521=EDGE_LOOP('',(#3716,#3717,#3718,#3719,#3720,#3721,#3722,#3723,#3724));
#522=EDGE_LOOP('',(#3725,#3726,#3727,#3728,#3729,#3730,#3731,#3732,#3733));
#523=EDGE_LOOP('',(#3734,#3735,#3736,#3737,#3738,#3739,#3740,#3741,#3742));
#524=EDGE_LOOP('',(#3743,#3744,#3745,#3746,#3747,#3748,#3749,#3750,#3751));
#525=EDGE_LOOP('',(#3752,#3753,#3754,#3755,#3756,#3757,#3758,#3759,#3760));
#526=EDGE_LOOP('',(#3761,#3762,#3763,#3764,#3765,#3766,#3767,#3768,#3769));
#527=EDGE_LOOP('',(#3770,#3771,#3772,#3773,#3774,#3775,#3776,#3777,#3778));
#528=EDGE_LOOP('',(#3779,#3780,#3781,#3782,#3783,#3784,#3785,#3786,#3787));
#529=EDGE_LOOP('',(#3788,#3789,#3790,#3791,#3792,#3793,#3794,#3795,#3796));
#530=EDGE_LOOP('',(#3797,#3798,#3799,#3800,#3801,#3802,#3803,#3804,#3805));
#531=EDGE_LOOP('',(#3806,#3807,#3808,#3809,#3810,#3811,#3812,#3813,#3814));
#532=EDGE_LOOP('',(#3815,#3816,#3817,#3818));
#533=EDGE_LOOP('',(#3819,#3820,#3821,#3822,#3823,#3824,#3825,#3826));
#534=EDGE_LOOP('',(#3827,#3828,#3829,#3830,#3831,#3832,#3833,#3834));
#535=EDGE_LOOP('',(#3835,#3836,#3837,#3838));
#536=EDGE_LOOP('',(#3839,#3840,#3841,#3842,#3843,#3844,#3845,#3846));
#537=EDGE_LOOP('',(#3847,#3848,#3849,#3850,#3851,#3852,#3853,#3854));
#538=EDGE_LOOP('',(#3855,#3856,#3857,#3858,#3859,#3860,#3861,#3862));
#539=EDGE_LOOP('',(#3863,#3864,#3865,#3866));
#540=EDGE_LOOP('',(#3867,#3868,#3869,#3870,#3871,#3872,#3873,#3874));
#541=EDGE_LOOP('',(#3875,#3876,#3877,#3878));
#542=EDGE_LOOP('',(#3879,#3880,#3881,#3882));
#543=EDGE_LOOP('',(#3883,#3884,#3885,#3886));
#544=EDGE_LOOP('',(#3887,#3888,#3889,#3890));
#545=EDGE_LOOP('',(#3891,#3892,#3893,#3894));
#546=EDGE_LOOP('',(#3895,#3896,#3897,#3898));
#547=EDGE_LOOP('',(#3899,#3900,#3901,#3902));
#548=EDGE_LOOP('',(#3903,#3904,#3905,#3906));
#549=EDGE_LOOP('',(#3907,#3908,#3909,#3910));
#550=EDGE_LOOP('',(#3911,#3912,#3913,#3914));
#551=EDGE_LOOP('',(#3915,#3916,#3917,#3918));
#552=EDGE_LOOP('',(#3919,#3920,#3921,#3922));
#553=EDGE_LOOP('',(#3923,#3924,#3925,#3926));
#554=EDGE_LOOP('',(#3927,#3928,#3929,#3930));
#555=EDGE_LOOP('',(#3931,#3932,#3933,#3934));
#556=EDGE_LOOP('',(#3935,#3936,#3937,#3938));
#557=EDGE_LOOP('',(#3939,#3940,#3941,#3942));
#558=EDGE_LOOP('',(#3943,#3944,#3945,#3946));
#559=EDGE_LOOP('',(#3947,#3948,#3949,#3950));
#560=EDGE_LOOP('',(#3951,#3952,#3953,#3954));
#561=EDGE_LOOP('',(#3955,#3956,#3957,#3958));
#562=EDGE_LOOP('',(#3959,#3960,#3961,#3962));
#563=EDGE_LOOP('',(#3963,#3964,#3965,#3966));
#564=EDGE_LOOP('',(#3967,#3968,#3969,#3970));
#565=EDGE_LOOP('',(#3971,#3972,#3973,#3974));
#566=EDGE_LOOP('',(#3975,#3976,#3977,#3978));
#567=EDGE_LOOP('',(#3979,#3980,#3981,#3982));
#568=EDGE_LOOP('',(#3983,#3984,#3985,#3986));
#569=EDGE_LOOP('',(#3987,#3988,#3989,#3990));
#570=EDGE_LOOP('',(#3991,#3992,#3993,#3994));
#571=EDGE_LOOP('',(#3995,#3996,#3997,#3998));
#572=EDGE_LOOP('',(#3999,#4000,#4001,#4002));
#573=EDGE_LOOP('',(#4003,#4004,#4005,#4006));
#574=EDGE_LOOP('',(#4007,#4008,#4009,#4010));
#575=EDGE_LOOP('',(#4011,#4012,#4013,#4014));
#576=EDGE_LOOP('',(#4015,#4016,#4017,#4018));
#577=EDGE_LOOP('',(#4019,#4020,#4021,#4022));
#578=EDGE_LOOP('',(#4023,#4024,#4025,#4026));
#579=EDGE_LOOP('',(#4027,#4028,#4029,#4030));
#580=EDGE_LOOP('',(#4031,#4032,#4033,#4034));
#581=EDGE_LOOP('',(#4035,#4036,#4037,#4038));
#582=EDGE_LOOP('',(#4039,#4040,#4041,#4042));
#583=EDGE_LOOP('',(#4043,#4044,#4045,#4046));
#584=EDGE_LOOP('',(#4047,#4048,#4049,#4050));
#585=EDGE_LOOP('',(#4051,#4052,#4053,#4054));
#586=EDGE_LOOP('',(#4055,#4056,#4057,#4058));
#587=EDGE_LOOP('',(#4059,#4060,#4061,#4062));
#588=EDGE_LOOP('',(#4063,#4064,#4065,#4066));
#589=EDGE_LOOP('',(#4067,#4068,#4069,#4070));
#590=EDGE_LOOP('',(#4071,#4072,#4073,#4074));
#591=EDGE_LOOP('',(#4075,#4076,#4077,#4078));
#592=EDGE_LOOP('',(#4079,#4080,#4081,#4082));
#593=EDGE_LOOP('',(#4083,#4084,#4085,#4086));
#594=EDGE_LOOP('',(#4087,#4088,#4089,#4090));
#595=EDGE_LOOP('',(#4091,#4092,#4093,#4094));
#596=EDGE_LOOP('',(#4095,#4096,#4097,#4098));
#597=EDGE_LOOP('',(#4099,#4100,#4101,#4102));
#598=EDGE_LOOP('',(#4103,#4104,#4105,#4106));
#599=EDGE_LOOP('',(#4107,#4108,#4109,#4110));
#600=EDGE_LOOP('',(#4111,#4112,#4113,#4114));
#601=EDGE_LOOP('',(#4115,#4116,#4117,#4118));
#602=EDGE_LOOP('',(#4119,#4120,#4121,#4122,#4123,#4124,#4125,#4126));
#603=EDGE_LOOP('',(#4127,#4128,#4129,#4130,#4131,#4132,#4133,#4134));
#604=EDGE_LOOP('',(#4135,#4136,#4137,#4138));
#605=EDGE_LOOP('',(#4139,#4140,#4141,#4142,#4143,#4144,#4145,#4146));
#606=EDGE_LOOP('',(#4147,#4148,#4149,#4150,#4151,#4152,#4153,#4154));
#607=EDGE_LOOP('',(#4155,#4156,#4157,#4158));
#608=EDGE_LOOP('',(#4159,#4160,#4161,#4162,#4163,#4164,#4165,#4166));
#609=EDGE_LOOP('',(#4167,#4168,#4169,#4170,#4171,#4172,#4173,#4174));
#610=EDGE_LOOP('',(#4175,#4176,#4177,#4178));
#611=EDGE_LOOP('',(#4179,#4180,#4181,#4182,#4183,#4184,#4185,#4186));
#612=EDGE_LOOP('',(#4187,#4188,#4189,#4190,#4191,#4192,#4193,#4194));
#613=EDGE_LOOP('',(#4195,#4196,#4197,#4198));
#614=EDGE_LOOP('',(#4199,#4200,#4201,#4202,#4203,#4204,#4205,#4206));
#615=EDGE_LOOP('',(#4207,#4208,#4209,#4210,#4211,#4212,#4213,#4214));
#616=EDGE_LOOP('',(#4215,#4216,#4217,#4218,#4219,#4220,#4221,#4222));
#617=EDGE_LOOP('',(#4223,#4224,#4225,#4226));
#618=EDGE_LOOP('',(#4227,#4228,#4229,#4230,#4231,#4232,#4233,#4234));
#619=LINE('',#6132,#1243);
#620=LINE('',#6134,#1244);
#621=LINE('',#6136,#1245);
#622=LINE('',#6137,#1246);
#623=LINE('',#6140,#1247);
#624=LINE('',#6142,#1248);
#625=LINE('',#6144,#1249);
#626=LINE('',#6145,#1250);
#627=LINE('',#6148,#1251);
#628=LINE('',#6150,#1252);
#629=LINE('',#6152,#1253);
#630=LINE('',#6153,#1254);
#631=LINE('',#6156,#1255);
#632=LINE('',#6158,#1256);
#633=LINE('',#6160,#1257);
#634=LINE('',#6161,#1258);
#635=LINE('',#6164,#1259);
#636=LINE('',#6166,#1260);
#637=LINE('',#6168,#1261);
#638=LINE('',#6169,#1262);
#639=LINE('',#6172,#1263);
#640=LINE('',#6174,#1264);
#641=LINE('',#6176,#1265);
#642=LINE('',#6177,#1266);
#643=LINE('',#6180,#1267);
#644=LINE('',#6182,#1268);
#645=LINE('',#6184,#1269);
#646=LINE('',#6185,#1270);
#647=LINE('',#6189,#1271);
#648=LINE('',#6191,#1272);
#649=LINE('',#6192,#1273);
#650=LINE('',#6194,#1274);
#651=LINE('',#6196,#1275);
#652=LINE('',#6198,#1276);
#653=LINE('',#6199,#1277);
#654=LINE('',#6202,#1278);
#655=LINE('',#6204,#1279);
#656=LINE('',#6205,#1280);
#657=LINE('',#6208,#1281);
#658=LINE('',#6209,#1282);
#659=LINE('',#6212,#1283);
#660=LINE('',#6213,#1284);
#661=LINE('',#6216,#1285);
#662=LINE('',#6218,#1286);
#663=LINE('',#6219,#1287);
#664=LINE('',#6222,#1288);
#665=LINE('',#6223,#1289);
#666=LINE('',#6226,#1290);
#667=LINE('',#6227,#1291);
#668=LINE('',#6230,#1292);
#669=LINE('',#6232,#1293);
#670=LINE('',#6233,#1294);
#671=LINE('',#6236,#1295);
#672=LINE('',#6237,#1296);
#673=LINE('',#6240,#1297);
#674=LINE('',#6241,#1298);
#675=LINE('',#6244,#1299);
#676=LINE('',#6246,#1300);
#677=LINE('',#6247,#1301);
#678=LINE('',#6250,#1302);
#679=LINE('',#6251,#1303);
#680=LINE('',#6254,#1304);
#681=LINE('',#6255,#1305);
#682=LINE('',#6258,#1306);
#683=LINE('',#6260,#1307);
#684=LINE('',#6261,#1308);
#685=LINE('',#6264,#1309);
#686=LINE('',#6265,#1310);
#687=LINE('',#6268,#1311);
#688=LINE('',#6269,#1312);
#689=LINE('',#6272,#1313);
#690=LINE('',#6274,#1314);
#691=LINE('',#6275,#1315);
#692=LINE('',#6278,#1316);
#693=LINE('',#6279,#1317);
#694=LINE('',#6282,#1318);
#695=LINE('',#6283,#1319);
#696=LINE('',#6285,#1320);
#697=LINE('',#6287,#1321);
#698=LINE('',#6289,#1322);
#699=LINE('',#6291,#1323);
#700=LINE('',#6293,#1324);
#701=LINE('',#6295,#1325);
#702=LINE('',#6299,#1326);
#703=LINE('',#6301,#1327);
#704=LINE('',#6303,#1328);
#705=LINE('',#6305,#1329);
#706=LINE('',#6306,#1330);
#707=LINE('',#6308,#1331);
#708=LINE('',#6309,#1332);
#709=LINE('',#6311,#1333);
#710=LINE('',#6312,#1334);
#711=LINE('',#6314,#1335);
#712=LINE('',#6315,#1336);
#713=LINE('',#6319,#1337);
#714=LINE('',#6320,#1338);
#715=LINE('',#6327,#1339);
#716=LINE('',#6329,#1340);
#717=LINE('',#6331,#1341);
#718=LINE('',#6332,#1342);
#719=LINE('',#6336,#1343);
#720=LINE('',#6338,#1344);
#721=LINE('',#6340,#1345);
#722=LINE('',#6341,#1346);
#723=LINE('',#6343,#1347);
#724=LINE('',#6344,#1348);
#725=LINE('',#6346,#1349);
#726=LINE('',#6347,#1350);
#727=LINE('',#6351,#1351);
#728=LINE('',#6353,#1352);
#729=LINE('',#6355,#1353);
#730=LINE('',#6356,#1354);
#731=LINE('',#6359,#1355);
#732=LINE('',#6361,#1356);
#733=LINE('',#6362,#1357);
#734=LINE('',#6365,#1358);
#735=LINE('',#6367,#1359);
#736=LINE('',#6369,#1360);
#737=LINE('',#6370,#1361);
#738=LINE('',#6373,#1362);
#739=LINE('',#6375,#1363);
#740=LINE('',#6377,#1364);
#741=LINE('',#6378,#1365);
#742=LINE('',#6381,#1366);
#743=LINE('',#6383,#1367);
#744=LINE('',#6384,#1368);
#745=LINE('',#6387,#1369);
#746=LINE('',#6389,#1370);
#747=LINE('',#6391,#1371);
#748=LINE('',#6392,#1372);
#749=LINE('',#6395,#1373);
#750=LINE('',#6397,#1374);
#751=LINE('',#6399,#1375);
#752=LINE('',#6400,#1376);
#753=LINE('',#6404,#1377);
#754=LINE('',#6406,#1378);
#755=LINE('',#6408,#1379);
#756=LINE('',#6409,#1380);
#757=LINE('',#6412,#1381);
#758=LINE('',#6414,#1382);
#759=LINE('',#6416,#1383);
#760=LINE('',#6417,#1384);
#761=LINE('',#6420,#1385);
#762=LINE('',#6422,#1386);
#763=LINE('',#6424,#1387);
#764=LINE('',#6425,#1388);
#765=LINE('',#6428,#1389);
#766=LINE('',#6430,#1390);
#767=LINE('',#6431,#1391);
#768=LINE('',#6434,#1392);
#769=LINE('',#6436,#1393);
#770=LINE('',#6438,#1394);
#771=LINE('',#6439,#1395);
#772=LINE('',#6442,#1396);
#773=LINE('',#6444,#1397);
#774=LINE('',#6446,#1398);
#775=LINE('',#6447,#1399);
#776=LINE('',#6450,#1400);
#777=LINE('',#6452,#1401);
#778=LINE('',#6453,#1402);
#779=LINE('',#6457,#1403);
#780=LINE('',#6459,#1404);
#781=LINE('',#6461,#1405);
#782=LINE('',#6462,#1406);
#783=LINE('',#6465,#1407);
#784=LINE('',#6467,#1408);
#785=LINE('',#6468,#1409);
#786=LINE('',#6471,#1410);
#787=LINE('',#6473,#1411);
#788=LINE('',#6474,#1412);
#789=LINE('',#6478,#1413);
#790=LINE('',#6480,#1414);
#791=LINE('',#6482,#1415);
#792=LINE('',#6483,#1416);
#793=LINE('',#6486,#1417);
#794=LINE('',#6488,#1418);
#795=LINE('',#6489,#1419);
#796=LINE('',#6492,#1420);
#797=LINE('',#6494,#1421);
#798=LINE('',#6496,#1422);
#799=LINE('',#6497,#1423);
#800=LINE('',#6500,#1424);
#801=LINE('',#6502,#1425);
#802=LINE('',#6504,#1426);
#803=LINE('',#6505,#1427);
#804=LINE('',#6508,#1428);
#805=LINE('',#6510,#1429);
#806=LINE('',#6511,#1430);
#807=LINE('',#6514,#1431);
#808=LINE('',#6516,#1432);
#809=LINE('',#6518,#1433);
#810=LINE('',#6519,#1434);
#811=LINE('',#6522,#1435);
#812=LINE('',#6524,#1436);
#813=LINE('',#6526,#1437);
#814=LINE('',#6527,#1438);
#815=LINE('',#6531,#1439);
#816=LINE('',#6533,#1440);
#817=LINE('',#6535,#1441);
#818=LINE('',#6536,#1442);
#819=LINE('',#6539,#1443);
#820=LINE('',#6541,#1444);
#821=LINE('',#6543,#1445);
#822=LINE('',#6544,#1446);
#823=LINE('',#6547,#1447);
#824=LINE('',#6549,#1448);
#825=LINE('',#6551,#1449);
#826=LINE('',#6552,#1450);
#827=LINE('',#6555,#1451);
#828=LINE('',#6557,#1452);
#829=LINE('',#6558,#1453);
#830=LINE('',#6561,#1454);
#831=LINE('',#6563,#1455);
#832=LINE('',#6565,#1456);
#833=LINE('',#6566,#1457);
#834=LINE('',#6569,#1458);
#835=LINE('',#6571,#1459);
#836=LINE('',#6573,#1460);
#837=LINE('',#6574,#1461);
#838=LINE('',#6577,#1462);
#839=LINE('',#6579,#1463);
#840=LINE('',#6580,#1464);
#841=LINE('',#6584,#1465);
#842=LINE('',#6586,#1466);
#843=LINE('',#6588,#1467);
#844=LINE('',#6589,#1468);
#845=LINE('',#6592,#1469);
#846=LINE('',#6594,#1470);
#847=LINE('',#6595,#1471);
#848=LINE('',#6598,#1472);
#849=LINE('',#6600,#1473);
#850=LINE('',#6601,#1474);
#851=LINE('',#6605,#1475);
#852=LINE('',#6607,#1476);
#853=LINE('',#6609,#1477);
#854=LINE('',#6610,#1478);
#855=LINE('',#6613,#1479);
#856=LINE('',#6615,#1480);
#857=LINE('',#6616,#1481);
#858=LINE('',#6619,#1482);
#859=LINE('',#6621,#1483);
#860=LINE('',#6623,#1484);
#861=LINE('',#6624,#1485);
#862=LINE('',#6627,#1486);
#863=LINE('',#6629,#1487);
#864=LINE('',#6631,#1488);
#865=LINE('',#6632,#1489);
#866=LINE('',#6635,#1490);
#867=LINE('',#6637,#1491);
#868=LINE('',#6638,#1492);
#869=LINE('',#6641,#1493);
#870=LINE('',#6643,#1494);
#871=LINE('',#6645,#1495);
#872=LINE('',#6646,#1496);
#873=LINE('',#6649,#1497);
#874=LINE('',#6651,#1498);
#875=LINE('',#6653,#1499);
#876=LINE('',#6654,#1500);
#877=LINE('',#6658,#1501);
#878=LINE('',#6660,#1502);
#879=LINE('',#6662,#1503);
#880=LINE('',#6663,#1504);
#881=LINE('',#6666,#1505);
#882=LINE('',#6668,#1506);
#883=LINE('',#6670,#1507);
#884=LINE('',#6671,#1508);
#885=LINE('',#6674,#1509);
#886=LINE('',#6676,#1510);
#887=LINE('',#6678,#1511);
#888=LINE('',#6679,#1512);
#889=LINE('',#6682,#1513);
#890=LINE('',#6684,#1514);
#891=LINE('',#6685,#1515);
#892=LINE('',#6688,#1516);
#893=LINE('',#6690,#1517);
#894=LINE('',#6692,#1518);
#895=LINE('',#6693,#1519);
#896=LINE('',#6696,#1520);
#897=LINE('',#6698,#1521);
#898=LINE('',#6700,#1522);
#899=LINE('',#6701,#1523);
#900=LINE('',#6704,#1524);
#901=LINE('',#6706,#1525);
#902=LINE('',#6707,#1526);
#903=LINE('',#6709,#1527);
#904=LINE('',#6710,#1528);
#905=LINE('',#6712,#1529);
#906=LINE('',#6713,#1530);
#907=LINE('',#6715,#1531);
#908=LINE('',#6716,#1532);
#909=LINE('',#6718,#1533);
#910=LINE('',#6719,#1534);
#911=LINE('',#6721,#1535);
#912=LINE('',#6722,#1536);
#913=LINE('',#6724,#1537);
#914=LINE('',#6725,#1538);
#915=LINE('',#6727,#1539);
#916=LINE('',#6728,#1540);
#917=LINE('',#6730,#1541);
#918=LINE('',#6731,#1542);
#919=LINE('',#6734,#1543);
#920=LINE('',#6735,#1544);
#921=LINE('',#6738,#1545);
#922=LINE('',#6739,#1546);
#923=LINE('',#6742,#1547);
#924=LINE('',#6743,#1548);
#925=LINE('',#6746,#1549);
#926=LINE('',#6747,#1550);
#927=LINE('',#6750,#1551);
#928=LINE('',#6751,#1552);
#929=LINE('',#6754,#1553);
#930=LINE('',#6755,#1554);
#931=LINE('',#6759,#1555);
#932=LINE('',#6761,#1556);
#933=LINE('',#6763,#1557);
#934=LINE('',#6764,#1558);
#935=LINE('',#6768,#1559);
#936=LINE('',#6770,#1560);
#937=LINE('',#6772,#1561);
#938=LINE('',#6773,#1562);
#939=LINE('',#6777,#1563);
#940=LINE('',#6779,#1564);
#941=LINE('',#6781,#1565);
#942=LINE('',#6782,#1566);
#943=LINE('',#6785,#1567);
#944=LINE('',#6787,#1568);
#945=LINE('',#6788,#1569);
#946=LINE('',#6791,#1570);
#947=LINE('',#6793,#1571);
#948=LINE('',#6794,#1572);
#949=LINE('',#6797,#1573);
#950=LINE('',#6799,#1574);
#951=LINE('',#6800,#1575);
#952=LINE('',#6806,#1576);
#953=LINE('',#6812,#1577);
#954=LINE('',#6818,#1578);
#955=LINE('',#6820,#1579);
#956=LINE('',#6821,#1580);
#957=LINE('',#6822,#1581);
#958=LINE('',#6824,#1582);
#959=LINE('',#6825,#1583);
#960=LINE('',#6826,#1584);
#961=LINE('',#6828,#1585);
#962=LINE('',#6829,#1586);
#963=LINE('',#6830,#1587);
#964=LINE('',#6834,#1588);
#965=LINE('',#6836,#1589);
#966=LINE('',#6838,#1590);
#967=LINE('',#6839,#1591);
#968=LINE('',#6843,#1592);
#969=LINE('',#6845,#1593);
#970=LINE('',#6847,#1594);
#971=LINE('',#6848,#1595);
#972=LINE('',#6852,#1596);
#973=LINE('',#6854,#1597);
#974=LINE('',#6856,#1598);
#975=LINE('',#6857,#1599);
#976=LINE('',#6861,#1600);
#977=LINE('',#6867,#1601);
#978=LINE('',#6873,#1602);
#979=LINE('',#6877,#1603);
#980=LINE('',#6878,#1604);
#981=LINE('',#6880,#1605);
#982=LINE('',#6881,#1606);
#983=LINE('',#6883,#1607);
#984=LINE('',#6884,#1608);
#985=LINE('',#6887,#1609);
#986=LINE('',#6888,#1610);
#987=LINE('',#6891,#1611);
#988=LINE('',#6892,#1612);
#989=LINE('',#6895,#1613);
#990=LINE('',#6896,#1614);
#991=LINE('',#6899,#1615);
#992=LINE('',#6900,#1616);
#993=LINE('',#6903,#1617);
#994=LINE('',#6904,#1618);
#995=LINE('',#6907,#1619);
#996=LINE('',#6908,#1620);
#997=LINE('',#6911,#1621);
#998=LINE('',#6912,#1622);
#999=LINE('',#6914,#1623);
#1000=LINE('',#6915,#1624);
#1001=LINE('',#6918,#1625);
#1002=LINE('',#6919,#1626);
#1003=LINE('',#6921,#1627);
#1004=LINE('',#6922,#1628);
#1005=LINE('',#6925,#1629);
#1006=LINE('',#6926,#1630);
#1007=LINE('',#6928,#1631);
#1008=LINE('',#6929,#1632);
#1009=LINE('',#6935,#1633);
#1010=LINE('',#6941,#1634);
#1011=LINE('',#6947,#1635);
#1012=LINE('',#6950,#1636);
#1013=LINE('',#6952,#1637);
#1014=LINE('',#6953,#1638);
#1015=LINE('',#6956,#1639);
#1016=LINE('',#6958,#1640);
#1017=LINE('',#6959,#1641);
#1018=LINE('',#6962,#1642);
#1019=LINE('',#6964,#1643);
#1020=LINE('',#6965,#1644);
#1021=LINE('',#6968,#1645);
#1022=LINE('',#6970,#1646);
#1023=LINE('',#6971,#1647);
#1024=LINE('',#6974,#1648);
#1025=LINE('',#6976,#1649);
#1026=LINE('',#6977,#1650);
#1027=LINE('',#6980,#1651);
#1028=LINE('',#6982,#1652);
#1029=LINE('',#6983,#1653);
#1030=LINE('',#6986,#1654);
#1031=LINE('',#6988,#1655);
#1032=LINE('',#6989,#1656);
#1033=LINE('',#6992,#1657);
#1034=LINE('',#6994,#1658);
#1035=LINE('',#6995,#1659);
#1036=LINE('',#6998,#1660);
#1037=LINE('',#7000,#1661);
#1038=LINE('',#7001,#1662);
#1039=LINE('',#7005,#1663);
#1040=LINE('',#7011,#1664);
#1041=LINE('',#7017,#1665);
#1042=LINE('',#7022,#1666);
#1043=LINE('',#7024,#1667);
#1044=LINE('',#7025,#1668);
#1045=LINE('',#7028,#1669);
#1046=LINE('',#7030,#1670);
#1047=LINE('',#7031,#1671);
#1048=LINE('',#7034,#1672);
#1049=LINE('',#7036,#1673);
#1050=LINE('',#7037,#1674);
#1051=LINE('',#7045,#1675);
#1052=LINE('',#7046,#1676);
#1053=LINE('',#7047,#1677);
#1054=LINE('',#7048,#1678);
#1055=LINE('',#7049,#1679);
#1056=LINE('',#7050,#1680);
#1057=LINE('',#7051,#1681);
#1058=LINE('',#7052,#1682);
#1059=LINE('',#7053,#1683);
#1060=LINE('',#7054,#1684);
#1061=LINE('',#7055,#1685);
#1062=LINE('',#7056,#1686);
#1063=LINE('',#7074,#1687);
#1064=LINE('',#7076,#1688);
#1065=LINE('',#7078,#1689);
#1066=LINE('',#7079,#1690);
#1067=LINE('',#7083,#1691);
#1068=LINE('',#7085,#1692);
#1069=LINE('',#7087,#1693);
#1070=LINE('',#7088,#1694);
#1071=LINE('',#7090,#1695);
#1072=LINE('',#7091,#1696);
#1073=LINE('',#7093,#1697);
#1074=LINE('',#7094,#1698);
#1075=LINE('',#7098,#1699);
#1076=LINE('',#7100,#1700);
#1077=LINE('',#7102,#1701);
#1078=LINE('',#7103,#1702);
#1079=LINE('',#7106,#1703);
#1080=LINE('',#7108,#1704);
#1081=LINE('',#7109,#1705);
#1082=LINE('',#7112,#1706);
#1083=LINE('',#7114,#1707);
#1084=LINE('',#7115,#1708);
#1085=LINE('',#7118,#1709);
#1086=LINE('',#7120,#1710);
#1087=LINE('',#7121,#1711);
#1088=LINE('',#7124,#1712);
#1089=LINE('',#7126,#1713);
#1090=LINE('',#7127,#1714);
#1091=LINE('',#7130,#1715);
#1092=LINE('',#7132,#1716);
#1093=LINE('',#7133,#1717);
#1094=LINE('',#7136,#1718);
#1095=LINE('',#7138,#1719);
#1096=LINE('',#7139,#1720);
#1097=LINE('',#7143,#1721);
#1098=LINE('',#7145,#1722);
#1099=LINE('',#7147,#1723);
#1100=LINE('',#7148,#1724);
#1101=LINE('',#7151,#1725);
#1102=LINE('',#7153,#1726);
#1103=LINE('',#7154,#1727);
#1104=LINE('',#7157,#1728);
#1105=LINE('',#7159,#1729);
#1106=LINE('',#7160,#1730);
#1107=LINE('',#7163,#1731);
#1108=LINE('',#7165,#1732);
#1109=LINE('',#7166,#1733);
#1110=LINE('',#7169,#1734);
#1111=LINE('',#7171,#1735);
#1112=LINE('',#7172,#1736);
#1113=LINE('',#7175,#1737);
#1114=LINE('',#7177,#1738);
#1115=LINE('',#7178,#1739);
#1116=LINE('',#7181,#1740);
#1117=LINE('',#7183,#1741);
#1118=LINE('',#7184,#1742);
#1119=LINE('',#7188,#1743);
#1120=LINE('',#7190,#1744);
#1121=LINE('',#7192,#1745);
#1122=LINE('',#7193,#1746);
#1123=LINE('',#7196,#1747);
#1124=LINE('',#7198,#1748);
#1125=LINE('',#7199,#1749);
#1126=LINE('',#7202,#1750);
#1127=LINE('',#7204,#1751);
#1128=LINE('',#7205,#1752);
#1129=LINE('',#7209,#1753);
#1130=LINE('',#7211,#1754);
#1131=LINE('',#7213,#1755);
#1132=LINE('',#7214,#1756);
#1133=LINE('',#7217,#1757);
#1134=LINE('',#7219,#1758);
#1135=LINE('',#7220,#1759);
#1136=LINE('',#7223,#1760);
#1137=LINE('',#7225,#1761);
#1138=LINE('',#7226,#1762);
#1139=LINE('',#7229,#1763);
#1140=LINE('',#7231,#1764);
#1141=LINE('',#7232,#1765);
#1142=LINE('',#7235,#1766);
#1143=LINE('',#7237,#1767);
#1144=LINE('',#7238,#1768);
#1145=LINE('',#7241,#1769);
#1146=LINE('',#7243,#1770);
#1147=LINE('',#7244,#1771);
#1148=LINE('',#7247,#1772);
#1149=LINE('',#7249,#1773);
#1150=LINE('',#7250,#1774);
#1151=LINE('',#7254,#1775);
#1152=LINE('',#7256,#1776);
#1153=LINE('',#7258,#1777);
#1154=LINE('',#7259,#1778);
#1155=LINE('',#7262,#1779);
#1156=LINE('',#7264,#1780);
#1157=LINE('',#7265,#1781);
#1158=LINE('',#7268,#1782);
#1159=LINE('',#7270,#1783);
#1160=LINE('',#7271,#1784);
#1161=LINE('',#7274,#1785);
#1162=LINE('',#7276,#1786);
#1163=LINE('',#7277,#1787);
#1164=LINE('',#7280,#1788);
#1165=LINE('',#7282,#1789);
#1166=LINE('',#7283,#1790);
#1167=LINE('',#7286,#1791);
#1168=LINE('',#7288,#1792);
#1169=LINE('',#7289,#1793);
#1170=LINE('',#7292,#1794);
#1171=LINE('',#7294,#1795);
#1172=LINE('',#7295,#1796);
#1173=LINE('',#7299,#1797);
#1174=LINE('',#7301,#1798);
#1175=LINE('',#7303,#1799);
#1176=LINE('',#7304,#1800);
#1177=LINE('',#7307,#1801);
#1178=LINE('',#7309,#1802);
#1179=LINE('',#7310,#1803);
#1180=LINE('',#7313,#1804);
#1181=LINE('',#7315,#1805);
#1182=LINE('',#7316,#1806);
#1183=LINE('',#7320,#1807);
#1184=LINE('',#7322,#1808);
#1185=LINE('',#7324,#1809);
#1186=LINE('',#7325,#1810);
#1187=LINE('',#7328,#1811);
#1188=LINE('',#7330,#1812);
#1189=LINE('',#7331,#1813);
#1190=LINE('',#7334,#1814);
#1191=LINE('',#7336,#1815);
#1192=LINE('',#7337,#1816);
#1193=LINE('',#7340,#1817);
#1194=LINE('',#7342,#1818);
#1195=LINE('',#7343,#1819);
#1196=LINE('',#7346,#1820);
#1197=LINE('',#7348,#1821);
#1198=LINE('',#7349,#1822);
#1199=LINE('',#7352,#1823);
#1200=LINE('',#7354,#1824);
#1201=LINE('',#7355,#1825);
#1202=LINE('',#7358,#1826);
#1203=LINE('',#7360,#1827);
#1204=LINE('',#7361,#1828);
#1205=LINE('',#7365,#1829);
#1206=LINE('',#7367,#1830);
#1207=LINE('',#7369,#1831);
#1208=LINE('',#7370,#1832);
#1209=LINE('',#7373,#1833);
#1210=LINE('',#7375,#1834);
#1211=LINE('',#7376,#1835);
#1212=LINE('',#7379,#1836);
#1213=LINE('',#7381,#1837);
#1214=LINE('',#7382,#1838);
#1215=LINE('',#7385,#1839);
#1216=LINE('',#7387,#1840);
#1217=LINE('',#7388,#1841);
#1218=LINE('',#7391,#1842);
#1219=LINE('',#7393,#1843);
#1220=LINE('',#7394,#1844);
#1221=LINE('',#7397,#1845);
#1222=LINE('',#7399,#1846);
#1223=LINE('',#7400,#1847);
#1224=LINE('',#7403,#1848);
#1225=LINE('',#7405,#1849);
#1226=LINE('',#7406,#1850);
#1227=LINE('',#7408,#1851);
#1228=LINE('',#7409,#1852);
#1229=LINE('',#7411,#1853);
#1230=LINE('',#7412,#1854);
#1231=LINE('',#7414,#1855);
#1232=LINE('',#7415,#1856);
#1233=LINE('',#7417,#1857);
#1234=LINE('',#7418,#1858);
#1235=LINE('',#7420,#1859);
#1236=LINE('',#7421,#1860);
#1237=LINE('',#7423,#1861);
#1238=LINE('',#7424,#1862);
#1239=LINE('',#7426,#1863);
#1240=LINE('',#7427,#1864);
#1241=LINE('',#7429,#1865);
#1242=LINE('',#7430,#1866);
#1243=VECTOR('',#4987,39.3700787401575);
#1244=VECTOR('',#4988,39.3700787401575);
#1245=VECTOR('',#4989,39.3700787401575);
#1246=VECTOR('',#4990,39.3700787401575);
#1247=VECTOR('',#4991,39.3700787401575);
#1248=VECTOR('',#4992,39.3700787401575);
#1249=VECTOR('',#4993,39.3700787401575);
#1250=VECTOR('',#4994,39.3700787401575);
#1251=VECTOR('',#4995,39.3700787401575);
#1252=VECTOR('',#4996,39.3700787401575);
#1253=VECTOR('',#4997,39.3700787401575);
#1254=VECTOR('',#4998,39.3700787401575);
#1255=VECTOR('',#4999,39.3700787401575);
#1256=VECTOR('',#5000,39.3700787401575);
#1257=VECTOR('',#5001,39.3700787401575);
#1258=VECTOR('',#5002,39.3700787401575);
#1259=VECTOR('',#5003,39.3700787401575);
#1260=VECTOR('',#5004,39.3700787401575);
#1261=VECTOR('',#5005,39.3700787401575);
#1262=VECTOR('',#5006,39.3700787401575);
#1263=VECTOR('',#5007,39.3700787401575);
#1264=VECTOR('',#5008,39.3700787401575);
#1265=VECTOR('',#5009,39.3700787401575);
#1266=VECTOR('',#5010,39.3700787401575);
#1267=VECTOR('',#5011,39.3700787401575);
#1268=VECTOR('',#5012,39.3700787401575);
#1269=VECTOR('',#5013,39.3700787401575);
#1270=VECTOR('',#5014,39.3700787401575);
#1271=VECTOR('',#5017,39.3700787401575);
#1272=VECTOR('',#5018,39.3700787401575);
#1273=VECTOR('',#5019,39.3700787401575);
#1274=VECTOR('',#5020,39.3700787401575);
#1275=VECTOR('',#5021,39.3700787401575);
#1276=VECTOR('',#5022,39.3700787401575);
#1277=VECTOR('',#5023,39.3700787401575);
#1278=VECTOR('',#5026,39.3700787401575);
#1279=VECTOR('',#5027,39.3700787401575);
#1280=VECTOR('',#5028,39.3700787401575);
#1281=VECTOR('',#5031,39.3700787401575);
#1282=VECTOR('',#5032,39.3700787401575);
#1283=VECTOR('',#5035,39.3700787401575);
#1284=VECTOR('',#5036,39.3700787401575);
#1285=VECTOR('',#5039,39.3700787401575);
#1286=VECTOR('',#5040,39.3700787401575);
#1287=VECTOR('',#5041,39.3700787401575);
#1288=VECTOR('',#5044,39.3700787401575);
#1289=VECTOR('',#5045,39.3700787401575);
#1290=VECTOR('',#5048,39.3700787401575);
#1291=VECTOR('',#5049,39.3700787401575);
#1292=VECTOR('',#5052,39.3700787401575);
#1293=VECTOR('',#5053,39.3700787401575);
#1294=VECTOR('',#5054,39.3700787401575);
#1295=VECTOR('',#5057,39.3700787401575);
#1296=VECTOR('',#5058,39.3700787401575);
#1297=VECTOR('',#5061,39.3700787401575);
#1298=VECTOR('',#5062,39.3700787401575);
#1299=VECTOR('',#5065,39.3700787401575);
#1300=VECTOR('',#5066,39.3700787401575);
#1301=VECTOR('',#5067,39.3700787401575);
#1302=VECTOR('',#5070,39.3700787401575);
#1303=VECTOR('',#5071,39.3700787401575);
#1304=VECTOR('',#5074,39.3700787401575);
#1305=VECTOR('',#5075,39.3700787401575);
#1306=VECTOR('',#5078,39.3700787401575);
#1307=VECTOR('',#5079,39.3700787401575);
#1308=VECTOR('',#5080,39.3700787401575);
#1309=VECTOR('',#5083,39.3700787401575);
#1310=VECTOR('',#5084,39.3700787401575);
#1311=VECTOR('',#5087,39.3700787401575);
#1312=VECTOR('',#5088,39.3700787401575);
#1313=VECTOR('',#5091,39.3700787401575);
#1314=VECTOR('',#5092,39.3700787401575);
#1315=VECTOR('',#5093,39.3700787401575);
#1316=VECTOR('',#5096,39.3700787401575);
#1317=VECTOR('',#5097,39.3700787401575);
#1318=VECTOR('',#5100,39.3700787401575);
#1319=VECTOR('',#5101,39.3700787401575);
#1320=VECTOR('',#5104,39.3700787401575);
#1321=VECTOR('',#5107,39.3700787401575);
#1322=VECTOR('',#5110,39.3700787401575);
#1323=VECTOR('',#5113,39.3700787401575);
#1324=VECTOR('',#5116,39.3700787401575);
#1325=VECTOR('',#5119,39.3700787401575);
#1326=VECTOR('',#5122,39.3700787401575);
#1327=VECTOR('',#5123,39.3700787401575);
#1328=VECTOR('',#5124,39.3700787401575);
#1329=VECTOR('',#5125,39.3700787401575);
#1330=VECTOR('',#5126,39.3700787401575);
#1331=VECTOR('',#5127,39.3700787401575);
#1332=VECTOR('',#5128,39.3700787401575);
#1333=VECTOR('',#5131,39.3700787401575);
#1334=VECTOR('',#5132,39.3700787401575);
#1335=VECTOR('',#5135,39.3700787401575);
#1336=VECTOR('',#5136,39.3700787401575);
#1337=VECTOR('',#5143,39.3700787401575);
#1338=VECTOR('',#5144,39.3700787401575);
#1339=VECTOR('',#5153,39.3700787401575);
#1340=VECTOR('',#5154,39.3700787401575);
#1341=VECTOR('',#5155,39.3700787401575);
#1342=VECTOR('',#5156,39.3700787401575);
#1343=VECTOR('',#5159,39.3700787401575);
#1344=VECTOR('',#5160,39.3700787401575);
#1345=VECTOR('',#5161,39.3700787401575);
#1346=VECTOR('',#5162,39.3700787401575);
#1347=VECTOR('',#5165,39.3700787401575);
#1348=VECTOR('',#5166,39.3700787401575);
#1349=VECTOR('',#5169,39.3700787401575);
#1350=VECTOR('',#5170,39.3700787401575);
#1351=VECTOR('',#5173,39.3700787401575);
#1352=VECTOR('',#5174,39.3700787401575);
#1353=VECTOR('',#5175,39.3700787401575);
#1354=VECTOR('',#5176,39.3700787401575);
#1355=VECTOR('',#5179,39.3700787401575);
#1356=VECTOR('',#5180,39.3700787401575);
#1357=VECTOR('',#5181,39.3700787401575);
#1358=VECTOR('',#5184,39.3700787401575);
#1359=VECTOR('',#5185,39.3700787401575);
#1360=VECTOR('',#5186,39.3700787401575);
#1361=VECTOR('',#5187,39.3700787401575);
#1362=VECTOR('',#5190,39.3700787401575);
#1363=VECTOR('',#5191,39.3700787401575);
#1364=VECTOR('',#5192,39.3700787401575);
#1365=VECTOR('',#5193,39.3700787401575);
#1366=VECTOR('',#5196,39.3700787401575);
#1367=VECTOR('',#5197,39.3700787401575);
#1368=VECTOR('',#5198,39.3700787401575);
#1369=VECTOR('',#5201,39.3700787401575);
#1370=VECTOR('',#5202,39.3700787401575);
#1371=VECTOR('',#5203,39.3700787401575);
#1372=VECTOR('',#5204,39.3700787401575);
#1373=VECTOR('',#5207,39.3700787401575);
#1374=VECTOR('',#5208,39.3700787401575);
#1375=VECTOR('',#5209,39.3700787401575);
#1376=VECTOR('',#5210,39.3700787401575);
#1377=VECTOR('',#5213,39.3700787401575);
#1378=VECTOR('',#5214,39.3700787401575);
#1379=VECTOR('',#5215,39.3700787401575);
#1380=VECTOR('',#5216,39.3700787401575);
#1381=VECTOR('',#5219,39.3700787401575);
#1382=VECTOR('',#5220,39.3700787401575);
#1383=VECTOR('',#5221,39.3700787401575);
#1384=VECTOR('',#5222,39.3700787401575);
#1385=VECTOR('',#5225,39.3700787401575);
#1386=VECTOR('',#5226,39.3700787401575);
#1387=VECTOR('',#5227,39.3700787401575);
#1388=VECTOR('',#5228,39.3700787401575);
#1389=VECTOR('',#5231,39.3700787401575);
#1390=VECTOR('',#5232,39.3700787401575);
#1391=VECTOR('',#5233,39.3700787401575);
#1392=VECTOR('',#5236,39.3700787401575);
#1393=VECTOR('',#5237,39.3700787401575);
#1394=VECTOR('',#5238,39.3700787401575);
#1395=VECTOR('',#5239,39.3700787401575);
#1396=VECTOR('',#5242,39.3700787401575);
#1397=VECTOR('',#5243,39.3700787401575);
#1398=VECTOR('',#5244,39.3700787401575);
#1399=VECTOR('',#5245,39.3700787401575);
#1400=VECTOR('',#5248,39.3700787401575);
#1401=VECTOR('',#5249,39.3700787401575);
#1402=VECTOR('',#5250,39.3700787401575);
#1403=VECTOR('',#5253,39.3700787401575);
#1404=VECTOR('',#5254,39.3700787401575);
#1405=VECTOR('',#5255,39.3700787401575);
#1406=VECTOR('',#5256,39.3700787401575);
#1407=VECTOR('',#5259,39.3700787401575);
#1408=VECTOR('',#5260,39.3700787401575);
#1409=VECTOR('',#5261,39.3700787401575);
#1410=VECTOR('',#5264,39.3700787401575);
#1411=VECTOR('',#5265,39.3700787401575);
#1412=VECTOR('',#5266,39.3700787401575);
#1413=VECTOR('',#5269,39.3700787401575);
#1414=VECTOR('',#5270,39.3700787401575);
#1415=VECTOR('',#5271,39.3700787401575);
#1416=VECTOR('',#5272,39.3700787401575);
#1417=VECTOR('',#5275,39.3700787401575);
#1418=VECTOR('',#5276,39.3700787401575);
#1419=VECTOR('',#5277,39.3700787401575);
#1420=VECTOR('',#5280,39.3700787401575);
#1421=VECTOR('',#5281,39.3700787401575);
#1422=VECTOR('',#5282,39.3700787401575);
#1423=VECTOR('',#5283,39.3700787401575);
#1424=VECTOR('',#5286,39.3700787401575);
#1425=VECTOR('',#5287,39.3700787401575);
#1426=VECTOR('',#5288,39.3700787401575);
#1427=VECTOR('',#5289,39.3700787401575);
#1428=VECTOR('',#5292,39.3700787401575);
#1429=VECTOR('',#5293,39.3700787401575);
#1430=VECTOR('',#5294,39.3700787401575);
#1431=VECTOR('',#5297,39.3700787401575);
#1432=VECTOR('',#5298,39.3700787401575);
#1433=VECTOR('',#5299,39.3700787401575);
#1434=VECTOR('',#5300,39.3700787401575);
#1435=VECTOR('',#5303,39.3700787401575);
#1436=VECTOR('',#5304,39.3700787401575);
#1437=VECTOR('',#5305,39.3700787401575);
#1438=VECTOR('',#5306,39.3700787401575);
#1439=VECTOR('',#5309,39.3700787401575);
#1440=VECTOR('',#5310,39.3700787401575);
#1441=VECTOR('',#5311,39.3700787401575);
#1442=VECTOR('',#5312,39.3700787401575);
#1443=VECTOR('',#5315,39.3700787401575);
#1444=VECTOR('',#5316,39.3700787401575);
#1445=VECTOR('',#5317,39.3700787401575);
#1446=VECTOR('',#5318,39.3700787401575);
#1447=VECTOR('',#5321,39.3700787401575);
#1448=VECTOR('',#5322,39.3700787401575);
#1449=VECTOR('',#5323,39.3700787401575);
#1450=VECTOR('',#5324,39.3700787401575);
#1451=VECTOR('',#5327,39.3700787401575);
#1452=VECTOR('',#5328,39.3700787401575);
#1453=VECTOR('',#5329,39.3700787401575);
#1454=VECTOR('',#5332,39.3700787401575);
#1455=VECTOR('',#5333,39.3700787401575);
#1456=VECTOR('',#5334,39.3700787401575);
#1457=VECTOR('',#5335,39.3700787401575);
#1458=VECTOR('',#5338,39.3700787401575);
#1459=VECTOR('',#5339,39.3700787401575);
#1460=VECTOR('',#5340,39.3700787401575);
#1461=VECTOR('',#5341,39.3700787401575);
#1462=VECTOR('',#5344,39.3700787401575);
#1463=VECTOR('',#5345,39.3700787401575);
#1464=VECTOR('',#5346,39.3700787401575);
#1465=VECTOR('',#5349,39.3700787401575);
#1466=VECTOR('',#5350,39.3700787401575);
#1467=VECTOR('',#5351,39.3700787401575);
#1468=VECTOR('',#5352,39.3700787401575);
#1469=VECTOR('',#5355,39.3700787401575);
#1470=VECTOR('',#5356,39.3700787401575);
#1471=VECTOR('',#5357,39.3700787401575);
#1472=VECTOR('',#5360,39.3700787401575);
#1473=VECTOR('',#5361,39.3700787401575);
#1474=VECTOR('',#5362,39.3700787401575);
#1475=VECTOR('',#5365,39.3700787401575);
#1476=VECTOR('',#5366,39.3700787401575);
#1477=VECTOR('',#5367,39.3700787401575);
#1478=VECTOR('',#5368,39.3700787401575);
#1479=VECTOR('',#5371,39.3700787401575);
#1480=VECTOR('',#5372,39.3700787401575);
#1481=VECTOR('',#5373,39.3700787401575);
#1482=VECTOR('',#5376,39.3700787401575);
#1483=VECTOR('',#5377,39.3700787401575);
#1484=VECTOR('',#5378,39.3700787401575);
#1485=VECTOR('',#5379,39.3700787401575);
#1486=VECTOR('',#5382,39.3700787401575);
#1487=VECTOR('',#5383,39.3700787401575);
#1488=VECTOR('',#5384,39.3700787401575);
#1489=VECTOR('',#5385,39.3700787401575);
#1490=VECTOR('',#5388,39.3700787401575);
#1491=VECTOR('',#5389,39.3700787401575);
#1492=VECTOR('',#5390,39.3700787401575);
#1493=VECTOR('',#5393,39.3700787401575);
#1494=VECTOR('',#5394,39.3700787401575);
#1495=VECTOR('',#5395,39.3700787401575);
#1496=VECTOR('',#5396,39.3700787401575);
#1497=VECTOR('',#5399,39.3700787401575);
#1498=VECTOR('',#5400,39.3700787401575);
#1499=VECTOR('',#5401,39.3700787401575);
#1500=VECTOR('',#5402,39.3700787401575);
#1501=VECTOR('',#5405,39.3700787401575);
#1502=VECTOR('',#5406,39.3700787401575);
#1503=VECTOR('',#5407,39.3700787401575);
#1504=VECTOR('',#5408,39.3700787401575);
#1505=VECTOR('',#5411,39.3700787401575);
#1506=VECTOR('',#5412,39.3700787401575);
#1507=VECTOR('',#5413,39.3700787401575);
#1508=VECTOR('',#5414,39.3700787401575);
#1509=VECTOR('',#5417,39.3700787401575);
#1510=VECTOR('',#5418,39.3700787401575);
#1511=VECTOR('',#5419,39.3700787401575);
#1512=VECTOR('',#5420,39.3700787401575);
#1513=VECTOR('',#5423,39.3700787401575);
#1514=VECTOR('',#5424,39.3700787401575);
#1515=VECTOR('',#5425,39.3700787401575);
#1516=VECTOR('',#5428,39.3700787401575);
#1517=VECTOR('',#5429,39.3700787401575);
#1518=VECTOR('',#5430,39.3700787401575);
#1519=VECTOR('',#5431,39.3700787401575);
#1520=VECTOR('',#5434,39.3700787401575);
#1521=VECTOR('',#5435,39.3700787401575);
#1522=VECTOR('',#5436,39.3700787401575);
#1523=VECTOR('',#5437,39.3700787401575);
#1524=VECTOR('',#5440,39.3700787401575);
#1525=VECTOR('',#5441,39.3700787401575);
#1526=VECTOR('',#5442,39.3700787401575);
#1527=VECTOR('',#5445,39.3700787401575);
#1528=VECTOR('',#5446,39.3700787401575);
#1529=VECTOR('',#5449,39.3700787401575);
#1530=VECTOR('',#5450,39.3700787401575);
#1531=VECTOR('',#5453,39.3700787401575);
#1532=VECTOR('',#5454,39.3700787401575);
#1533=VECTOR('',#5457,39.3700787401575);
#1534=VECTOR('',#5458,39.3700787401575);
#1535=VECTOR('',#5461,39.3700787401575);
#1536=VECTOR('',#5462,39.3700787401575);
#1537=VECTOR('',#5465,39.3700787401575);
#1538=VECTOR('',#5466,39.3700787401575);
#1539=VECTOR('',#5469,39.3700787401575);
#1540=VECTOR('',#5470,39.3700787401575);
#1541=VECTOR('',#5473,39.3700787401575);
#1542=VECTOR('',#5474,39.3700787401575);
#1543=VECTOR('',#5477,39.3700787401575);
#1544=VECTOR('',#5478,39.3700787401575);
#1545=VECTOR('',#5481,39.3700787401575);
#1546=VECTOR('',#5482,39.3700787401575);
#1547=VECTOR('',#5485,39.3700787401575);
#1548=VECTOR('',#5486,39.3700787401575);
#1549=VECTOR('',#5489,39.3700787401575);
#1550=VECTOR('',#5490,39.3700787401575);
#1551=VECTOR('',#5493,39.3700787401575);
#1552=VECTOR('',#5494,39.3700787401575);
#1553=VECTOR('',#5497,39.3700787401575);
#1554=VECTOR('',#5498,39.3700787401575);
#1555=VECTOR('',#5501,39.3700787401575);
#1556=VECTOR('',#5502,39.3700787401575);
#1557=VECTOR('',#5503,39.3700787401575);
#1558=VECTOR('',#5504,39.3700787401575);
#1559=VECTOR('',#5507,39.3700787401575);
#1560=VECTOR('',#5508,39.3700787401575);
#1561=VECTOR('',#5509,39.3700787401575);
#1562=VECTOR('',#5510,39.3700787401575);
#1563=VECTOR('',#5513,39.3700787401575);
#1564=VECTOR('',#5514,39.3700787401575);
#1565=VECTOR('',#5515,39.3700787401575);
#1566=VECTOR('',#5516,39.3700787401575);
#1567=VECTOR('',#5519,39.3700787401575);
#1568=VECTOR('',#5520,39.3700787401575);
#1569=VECTOR('',#5521,39.3700787401575);
#1570=VECTOR('',#5524,39.3700787401575);
#1571=VECTOR('',#5525,39.3700787401575);
#1572=VECTOR('',#5526,39.3700787401575);
#1573=VECTOR('',#5529,39.3700787401575);
#1574=VECTOR('',#5530,39.3700787401575);
#1575=VECTOR('',#5531,39.3700787401575);
#1576=VECTOR('',#5538,39.3700787401575);
#1577=VECTOR('',#5545,39.3700787401575);
#1578=VECTOR('',#5552,39.3700787401575);
#1579=VECTOR('',#5555,39.3700787401575);
#1580=VECTOR('',#5556,39.3700787401575);
#1581=VECTOR('',#5557,39.3700787401575);
#1582=VECTOR('',#5560,39.3700787401575);
#1583=VECTOR('',#5561,39.3700787401575);
#1584=VECTOR('',#5562,39.3700787401575);
#1585=VECTOR('',#5565,39.3700787401575);
#1586=VECTOR('',#5566,39.3700787401575);
#1587=VECTOR('',#5567,39.3700787401575);
#1588=VECTOR('',#5570,39.3700787401575);
#1589=VECTOR('',#5571,39.3700787401575);
#1590=VECTOR('',#5572,39.3700787401575);
#1591=VECTOR('',#5573,39.3700787401575);
#1592=VECTOR('',#5576,39.3700787401575);
#1593=VECTOR('',#5577,39.3700787401575);
#1594=VECTOR('',#5578,39.3700787401575);
#1595=VECTOR('',#5579,39.3700787401575);
#1596=VECTOR('',#5582,39.3700787401575);
#1597=VECTOR('',#5583,39.3700787401575);
#1598=VECTOR('',#5584,39.3700787401575);
#1599=VECTOR('',#5585,39.3700787401575);
#1600=VECTOR('',#5588,39.3700787401575);
#1601=VECTOR('',#5595,39.3700787401575);
#1602=VECTOR('',#5602,39.3700787401575);
#1603=VECTOR('',#5609,39.3700787401575);
#1604=VECTOR('',#5610,39.3700787401575);
#1605=VECTOR('',#5613,39.3700787401575);
#1606=VECTOR('',#5614,39.3700787401575);
#1607=VECTOR('',#5617,39.3700787401575);
#1608=VECTOR('',#5618,39.3700787401575);
#1609=VECTOR('',#5621,39.3700787401575);
#1610=VECTOR('',#5622,39.3700787401575);
#1611=VECTOR('',#5625,39.3700787401575);
#1612=VECTOR('',#5626,39.3700787401575);
#1613=VECTOR('',#5629,39.3700787401575);
#1614=VECTOR('',#5630,39.3700787401575);
#1615=VECTOR('',#5633,39.3700787401575);
#1616=VECTOR('',#5634,39.3700787401575);
#1617=VECTOR('',#5637,39.3700787401575);
#1618=VECTOR('',#5638,39.3700787401575);
#1619=VECTOR('',#5641,39.3700787401575);
#1620=VECTOR('',#5642,39.3700787401575);
#1621=VECTOR('',#5645,39.3700787401575);
#1622=VECTOR('',#5646,39.3700787401575);
#1623=VECTOR('',#5647,39.3700787401575);
#1624=VECTOR('',#5648,39.3700787401575);
#1625=VECTOR('',#5651,39.3700787401575);
#1626=VECTOR('',#5652,39.3700787401575);
#1627=VECTOR('',#5653,39.3700787401575);
#1628=VECTOR('',#5654,39.3700787401575);
#1629=VECTOR('',#5657,39.3700787401575);
#1630=VECTOR('',#5658,39.3700787401575);
#1631=VECTOR('',#5659,39.3700787401575);
#1632=VECTOR('',#5660,39.3700787401575);
#1633=VECTOR('',#5667,39.3700787401575);
#1634=VECTOR('',#5674,39.3700787401575);
#1635=VECTOR('',#5681,39.3700787401575);
#1636=VECTOR('',#5684,39.3700787401575);
#1637=VECTOR('',#5685,39.3700787401575);
#1638=VECTOR('',#5686,39.3700787401575);
#1639=VECTOR('',#5689,39.3700787401575);
#1640=VECTOR('',#5690,39.3700787401575);
#1641=VECTOR('',#5691,39.3700787401575);
#1642=VECTOR('',#5694,39.3700787401575);
#1643=VECTOR('',#5695,39.3700787401575);
#1644=VECTOR('',#5696,39.3700787401575);
#1645=VECTOR('',#5699,39.3700787401575);
#1646=VECTOR('',#5700,39.3700787401575);
#1647=VECTOR('',#5701,39.3700787401575);
#1648=VECTOR('',#5704,39.3700787401575);
#1649=VECTOR('',#5705,39.3700787401575);
#1650=VECTOR('',#5706,39.3700787401575);
#1651=VECTOR('',#5709,39.3700787401575);
#1652=VECTOR('',#5710,39.3700787401575);
#1653=VECTOR('',#5711,39.3700787401575);
#1654=VECTOR('',#5714,39.3700787401575);
#1655=VECTOR('',#5715,39.3700787401575);
#1656=VECTOR('',#5716,39.3700787401575);
#1657=VECTOR('',#5719,39.3700787401575);
#1658=VECTOR('',#5720,39.3700787401575);
#1659=VECTOR('',#5721,39.3700787401575);
#1660=VECTOR('',#5724,39.3700787401575);
#1661=VECTOR('',#5725,39.3700787401575);
#1662=VECTOR('',#5726,39.3700787401575);
#1663=VECTOR('',#5729,39.3700787401575);
#1664=VECTOR('',#5736,39.3700787401575);
#1665=VECTOR('',#5743,39.3700787401575);
#1666=VECTOR('',#5750,39.3700787401575);
#1667=VECTOR('',#5751,39.3700787401575);
#1668=VECTOR('',#5752,39.3700787401575);
#1669=VECTOR('',#5755,39.3700787401575);
#1670=VECTOR('',#5756,39.3700787401575);
#1671=VECTOR('',#5757,39.3700787401575);
#1672=VECTOR('',#5760,39.3700787401575);
#1673=VECTOR('',#5761,39.3700787401575);
#1674=VECTOR('',#5762,39.3700787401575);
#1675=VECTOR('',#5777,39.3700787401575);
#1676=VECTOR('',#5778,39.3700787401575);
#1677=VECTOR('',#5779,39.3700787401575);
#1678=VECTOR('',#5780,39.3700787401575);
#1679=VECTOR('',#5781,39.3700787401575);
#1680=VECTOR('',#5782,39.3700787401575);
#1681=VECTOR('',#5783,39.3700787401575);
#1682=VECTOR('',#5784,39.3700787401575);
#1683=VECTOR('',#5785,39.3700787401575);
#1684=VECTOR('',#5786,39.3700787401575);
#1685=VECTOR('',#5787,39.3700787401575);
#1686=VECTOR('',#5788,39.3700787401575);
#1687=VECTOR('',#5819,39.3700787401575);
#1688=VECTOR('',#5820,39.3700787401575);
#1689=VECTOR('',#5821,39.3700787401575);
#1690=VECTOR('',#5822,39.3700787401575);
#1691=VECTOR('',#5825,39.3700787401575);
#1692=VECTOR('',#5826,39.3700787401575);
#1693=VECTOR('',#5827,39.3700787401575);
#1694=VECTOR('',#5828,39.3700787401575);
#1695=VECTOR('',#5831,39.3700787401575);
#1696=VECTOR('',#5832,39.3700787401575);
#1697=VECTOR('',#5835,39.3700787401575);
#1698=VECTOR('',#5836,39.3700787401575);
#1699=VECTOR('',#5839,39.3700787401575);
#1700=VECTOR('',#5840,39.3700787401575);
#1701=VECTOR('',#5841,39.3700787401575);
#1702=VECTOR('',#5842,39.3700787401575);
#1703=VECTOR('',#5845,39.3700787401575);
#1704=VECTOR('',#5846,39.3700787401575);
#1705=VECTOR('',#5847,39.3700787401575);
#1706=VECTOR('',#5850,39.3700787401575);
#1707=VECTOR('',#5851,39.3700787401575);
#1708=VECTOR('',#5852,39.3700787401575);
#1709=VECTOR('',#5855,39.3700787401575);
#1710=VECTOR('',#5856,39.3700787401575);
#1711=VECTOR('',#5857,39.3700787401575);
#1712=VECTOR('',#5860,39.3700787401575);
#1713=VECTOR('',#5861,39.3700787401575);
#1714=VECTOR('',#5862,39.3700787401575);
#1715=VECTOR('',#5865,39.3700787401575);
#1716=VECTOR('',#5866,39.3700787401575);
#1717=VECTOR('',#5867,39.3700787401575);
#1718=VECTOR('',#5870,39.3700787401575);
#1719=VECTOR('',#5871,39.3700787401575);
#1720=VECTOR('',#5872,39.3700787401575);
#1721=VECTOR('',#5875,39.3700787401575);
#1722=VECTOR('',#5876,39.3700787401575);
#1723=VECTOR('',#5877,39.3700787401575);
#1724=VECTOR('',#5878,39.3700787401575);
#1725=VECTOR('',#5881,39.3700787401575);
#1726=VECTOR('',#5882,39.3700787401575);
#1727=VECTOR('',#5883,39.3700787401575);
#1728=VECTOR('',#5886,39.3700787401575);
#1729=VECTOR('',#5887,39.3700787401575);
#1730=VECTOR('',#5888,39.3700787401575);
#1731=VECTOR('',#5891,39.3700787401575);
#1732=VECTOR('',#5892,39.3700787401575);
#1733=VECTOR('',#5893,39.3700787401575);
#1734=VECTOR('',#5896,39.3700787401575);
#1735=VECTOR('',#5897,39.3700787401575);
#1736=VECTOR('',#5898,39.3700787401575);
#1737=VECTOR('',#5901,39.3700787401575);
#1738=VECTOR('',#5902,39.3700787401575);
#1739=VECTOR('',#5903,39.3700787401575);
#1740=VECTOR('',#5906,39.3700787401575);
#1741=VECTOR('',#5907,39.3700787401575);
#1742=VECTOR('',#5908,39.3700787401575);
#1743=VECTOR('',#5911,39.3700787401575);
#1744=VECTOR('',#5912,39.3700787401575);
#1745=VECTOR('',#5913,39.3700787401575);
#1746=VECTOR('',#5914,39.3700787401575);
#1747=VECTOR('',#5917,39.3700787401575);
#1748=VECTOR('',#5918,39.3700787401575);
#1749=VECTOR('',#5919,39.3700787401575);
#1750=VECTOR('',#5922,39.3700787401575);
#1751=VECTOR('',#5923,39.3700787401575);
#1752=VECTOR('',#5924,39.3700787401575);
#1753=VECTOR('',#5927,39.3700787401575);
#1754=VECTOR('',#5928,39.3700787401575);
#1755=VECTOR('',#5929,39.3700787401575);
#1756=VECTOR('',#5930,39.3700787401575);
#1757=VECTOR('',#5933,39.3700787401575);
#1758=VECTOR('',#5934,39.3700787401575);
#1759=VECTOR('',#5935,39.3700787401575);
#1760=VECTOR('',#5938,39.3700787401575);
#1761=VECTOR('',#5939,39.3700787401575);
#1762=VECTOR('',#5940,39.3700787401575);
#1763=VECTOR('',#5943,39.3700787401575);
#1764=VECTOR('',#5944,39.3700787401575);
#1765=VECTOR('',#5945,39.3700787401575);
#1766=VECTOR('',#5948,39.3700787401575);
#1767=VECTOR('',#5949,39.3700787401575);
#1768=VECTOR('',#5950,39.3700787401575);
#1769=VECTOR('',#5953,39.3700787401575);
#1770=VECTOR('',#5954,39.3700787401575);
#1771=VECTOR('',#5955,39.3700787401575);
#1772=VECTOR('',#5958,39.3700787401575);
#1773=VECTOR('',#5959,39.3700787401575);
#1774=VECTOR('',#5960,39.3700787401575);
#1775=VECTOR('',#5963,39.3700787401575);
#1776=VECTOR('',#5964,39.3700787401575);
#1777=VECTOR('',#5965,39.3700787401575);
#1778=VECTOR('',#5966,39.3700787401575);
#1779=VECTOR('',#5969,39.3700787401575);
#1780=VECTOR('',#5970,39.3700787401575);
#1781=VECTOR('',#5971,39.3700787401575);
#1782=VECTOR('',#5974,39.3700787401575);
#1783=VECTOR('',#5975,39.3700787401575);
#1784=VECTOR('',#5976,39.3700787401575);
#1785=VECTOR('',#5979,39.3700787401575);
#1786=VECTOR('',#5980,39.3700787401575);
#1787=VECTOR('',#5981,39.3700787401575);
#1788=VECTOR('',#5984,39.3700787401575);
#1789=VECTOR('',#5985,39.3700787401575);
#1790=VECTOR('',#5986,39.3700787401575);
#1791=VECTOR('',#5989,39.3700787401575);
#1792=VECTOR('',#5990,39.3700787401575);
#1793=VECTOR('',#5991,39.3700787401575);
#1794=VECTOR('',#5994,39.3700787401575);
#1795=VECTOR('',#5995,39.3700787401575);
#1796=VECTOR('',#5996,39.3700787401575);
#1797=VECTOR('',#5999,39.3700787401575);
#1798=VECTOR('',#6000,39.3700787401575);
#1799=VECTOR('',#6001,39.3700787401575);
#1800=VECTOR('',#6002,39.3700787401575);
#1801=VECTOR('',#6005,39.3700787401575);
#1802=VECTOR('',#6006,39.3700787401575);
#1803=VECTOR('',#6007,39.3700787401575);
#1804=VECTOR('',#6010,39.3700787401575);
#1805=VECTOR('',#6011,39.3700787401575);
#1806=VECTOR('',#6012,39.3700787401575);
#1807=VECTOR('',#6015,39.3700787401575);
#1808=VECTOR('',#6016,39.3700787401575);
#1809=VECTOR('',#6017,39.3700787401575);
#1810=VECTOR('',#6018,39.3700787401575);
#1811=VECTOR('',#6021,39.3700787401575);
#1812=VECTOR('',#6022,39.3700787401575);
#1813=VECTOR('',#6023,39.3700787401575);
#1814=VECTOR('',#6026,39.3700787401575);
#1815=VECTOR('',#6027,39.3700787401575);
#1816=VECTOR('',#6028,39.3700787401575);
#1817=VECTOR('',#6031,39.3700787401575);
#1818=VECTOR('',#6032,39.3700787401575);
#1819=VECTOR('',#6033,39.3700787401575);
#1820=VECTOR('',#6036,39.3700787401575);
#1821=VECTOR('',#6037,39.3700787401575);
#1822=VECTOR('',#6038,39.3700787401575);
#1823=VECTOR('',#6041,39.3700787401575);
#1824=VECTOR('',#6042,39.3700787401575);
#1825=VECTOR('',#6043,39.3700787401575);
#1826=VECTOR('',#6046,39.3700787401575);
#1827=VECTOR('',#6047,39.3700787401575);
#1828=VECTOR('',#6048,39.3700787401575);
#1829=VECTOR('',#6051,39.3700787401575);
#1830=VECTOR('',#6052,39.3700787401575);
#1831=VECTOR('',#6053,39.3700787401575);
#1832=VECTOR('',#6054,39.3700787401575);
#1833=VECTOR('',#6057,39.3700787401575);
#1834=VECTOR('',#6058,39.3700787401575);
#1835=VECTOR('',#6059,39.3700787401575);
#1836=VECTOR('',#6062,39.3700787401575);
#1837=VECTOR('',#6063,39.3700787401575);
#1838=VECTOR('',#6064,39.3700787401575);
#1839=VECTOR('',#6067,39.3700787401575);
#1840=VECTOR('',#6068,39.3700787401575);
#1841=VECTOR('',#6069,39.3700787401575);
#1842=VECTOR('',#6072,39.3700787401575);
#1843=VECTOR('',#6073,39.3700787401575);
#1844=VECTOR('',#6074,39.3700787401575);
#1845=VECTOR('',#6077,39.3700787401575);
#1846=VECTOR('',#6078,39.3700787401575);
#1847=VECTOR('',#6079,39.3700787401575);
#1848=VECTOR('',#6082,39.3700787401575);
#1849=VECTOR('',#6083,39.3700787401575);
#1850=VECTOR('',#6084,39.3700787401575);
#1851=VECTOR('',#6087,39.3700787401575);
#1852=VECTOR('',#6088,39.3700787401575);
#1853=VECTOR('',#6091,39.3700787401575);
#1854=VECTOR('',#6092,39.3700787401575);
#1855=VECTOR('',#6095,39.3700787401575);
#1856=VECTOR('',#6096,39.3700787401575);
#1857=VECTOR('',#6099,39.3700787401575);
#1858=VECTOR('',#6100,39.3700787401575);
#1859=VECTOR('',#6103,39.3700787401575);
#1860=VECTOR('',#6104,39.3700787401575);
#1861=VECTOR('',#6107,39.3700787401575);
#1862=VECTOR('',#6108,39.3700787401575);
#1863=VECTOR('',#6111,39.3700787401575);
#1864=VECTOR('',#6112,39.3700787401575);
#1865=VECTOR('',#6115,39.3700787401575);
#1866=VECTOR('',#6116,39.3700787401575);
#1867=VERTEX_POINT('',#6130);
#1868=VERTEX_POINT('',#6131);
#1869=VERTEX_POINT('',#6133);
#1870=VERTEX_POINT('',#6135);
#1871=VERTEX_POINT('',#6138);
#1872=VERTEX_POINT('',#6139);
#1873=VERTEX_POINT('',#6141);
#1874=VERTEX_POINT('',#6143);
#1875=VERTEX_POINT('',#6146);
#1876=VERTEX_POINT('',#6147);
#1877=VERTEX_POINT('',#6149);
#1878=VERTEX_POINT('',#6151);
#1879=VERTEX_POINT('',#6154);
#1880=VERTEX_POINT('',#6155);
#1881=VERTEX_POINT('',#6157);
#1882=VERTEX_POINT('',#6159);
#1883=VERTEX_POINT('',#6162);
#1884=VERTEX_POINT('',#6163);
#1885=VERTEX_POINT('',#6165);
#1886=VERTEX_POINT('',#6167);
#1887=VERTEX_POINT('',#6170);
#1888=VERTEX_POINT('',#6171);
#1889=VERTEX_POINT('',#6173);
#1890=VERTEX_POINT('',#6175);
#1891=VERTEX_POINT('',#6178);
#1892=VERTEX_POINT('',#6179);
#1893=VERTEX_POINT('',#6181);
#1894=VERTEX_POINT('',#6183);
#1895=VERTEX_POINT('',#6187);
#1896=VERTEX_POINT('',#6188);
#1897=VERTEX_POINT('',#6190);
#1898=VERTEX_POINT('',#6193);
#1899=VERTEX_POINT('',#6195);
#1900=VERTEX_POINT('',#6197);
#1901=VERTEX_POINT('',#6201);
#1902=VERTEX_POINT('',#6203);
#1903=VERTEX_POINT('',#6207);
#1904=VERTEX_POINT('',#6211);
#1905=VERTEX_POINT('',#6215);
#1906=VERTEX_POINT('',#6217);
#1907=VERTEX_POINT('',#6221);
#1908=VERTEX_POINT('',#6225);
#1909=VERTEX_POINT('',#6229);
#1910=VERTEX_POINT('',#6231);
#1911=VERTEX_POINT('',#6235);
#1912=VERTEX_POINT('',#6239);
#1913=VERTEX_POINT('',#6243);
#1914=VERTEX_POINT('',#6245);
#1915=VERTEX_POINT('',#6249);
#1916=VERTEX_POINT('',#6253);
#1917=VERTEX_POINT('',#6257);
#1918=VERTEX_POINT('',#6259);
#1919=VERTEX_POINT('',#6263);
#1920=VERTEX_POINT('',#6267);
#1921=VERTEX_POINT('',#6271);
#1922=VERTEX_POINT('',#6273);
#1923=VERTEX_POINT('',#6277);
#1924=VERTEX_POINT('',#6281);
#1925=VERTEX_POINT('',#6297);
#1926=VERTEX_POINT('',#6298);
#1927=VERTEX_POINT('',#6300);
#1928=VERTEX_POINT('',#6302);
#1929=VERTEX_POINT('',#6304);
#1930=VERTEX_POINT('',#6307);
#1931=VERTEX_POINT('',#6325);
#1932=VERTEX_POINT('',#6326);
#1933=VERTEX_POINT('',#6328);
#1934=VERTEX_POINT('',#6330);
#1935=VERTEX_POINT('',#6334);
#1936=VERTEX_POINT('',#6335);
#1937=VERTEX_POINT('',#6337);
#1938=VERTEX_POINT('',#6339);
#1939=VERTEX_POINT('',#6349);
#1940=VERTEX_POINT('',#6350);
#1941=VERTEX_POINT('',#6352);
#1942=VERTEX_POINT('',#6354);
#1943=VERTEX_POINT('',#6358);
#1944=VERTEX_POINT('',#6360);
#1945=VERTEX_POINT('',#6364);
#1946=VERTEX_POINT('',#6366);
#1947=VERTEX_POINT('',#6368);
#1948=VERTEX_POINT('',#6372);
#1949=VERTEX_POINT('',#6374);
#1950=VERTEX_POINT('',#6376);
#1951=VERTEX_POINT('',#6380);
#1952=VERTEX_POINT('',#6382);
#1953=VERTEX_POINT('',#6386);
#1954=VERTEX_POINT('',#6388);
#1955=VERTEX_POINT('',#6390);
#1956=VERTEX_POINT('',#6394);
#1957=VERTEX_POINT('',#6396);
#1958=VERTEX_POINT('',#6398);
#1959=VERTEX_POINT('',#6402);
#1960=VERTEX_POINT('',#6403);
#1961=VERTEX_POINT('',#6405);
#1962=VERTEX_POINT('',#6407);
#1963=VERTEX_POINT('',#6411);
#1964=VERTEX_POINT('',#6413);
#1965=VERTEX_POINT('',#6415);
#1966=VERTEX_POINT('',#6419);
#1967=VERTEX_POINT('',#6421);
#1968=VERTEX_POINT('',#6423);
#1969=VERTEX_POINT('',#6427);
#1970=VERTEX_POINT('',#6429);
#1971=VERTEX_POINT('',#6433);
#1972=VERTEX_POINT('',#6435);
#1973=VERTEX_POINT('',#6437);
#1974=VERTEX_POINT('',#6441);
#1975=VERTEX_POINT('',#6443);
#1976=VERTEX_POINT('',#6445);
#1977=VERTEX_POINT('',#6449);
#1978=VERTEX_POINT('',#6451);
#1979=VERTEX_POINT('',#6455);
#1980=VERTEX_POINT('',#6456);
#1981=VERTEX_POINT('',#6458);
#1982=VERTEX_POINT('',#6460);
#1983=VERTEX_POINT('',#6464);
#1984=VERTEX_POINT('',#6466);
#1985=VERTEX_POINT('',#6470);
#1986=VERTEX_POINT('',#6472);
#1987=VERTEX_POINT('',#6476);
#1988=VERTEX_POINT('',#6477);
#1989=VERTEX_POINT('',#6479);
#1990=VERTEX_POINT('',#6481);
#1991=VERTEX_POINT('',#6485);
#1992=VERTEX_POINT('',#6487);
#1993=VERTEX_POINT('',#6491);
#1994=VERTEX_POINT('',#6493);
#1995=VERTEX_POINT('',#6495);
#1996=VERTEX_POINT('',#6499);
#1997=VERTEX_POINT('',#6501);
#1998=VERTEX_POINT('',#6503);
#1999=VERTEX_POINT('',#6507);
#2000=VERTEX_POINT('',#6509);
#2001=VERTEX_POINT('',#6513);
#2002=VERTEX_POINT('',#6515);
#2003=VERTEX_POINT('',#6517);
#2004=VERTEX_POINT('',#6521);
#2005=VERTEX_POINT('',#6523);
#2006=VERTEX_POINT('',#6525);
#2007=VERTEX_POINT('',#6529);
#2008=VERTEX_POINT('',#6530);
#2009=VERTEX_POINT('',#6532);
#2010=VERTEX_POINT('',#6534);
#2011=VERTEX_POINT('',#6538);
#2012=VERTEX_POINT('',#6540);
#2013=VERTEX_POINT('',#6542);
#2014=VERTEX_POINT('',#6546);
#2015=VERTEX_POINT('',#6548);
#2016=VERTEX_POINT('',#6550);
#2017=VERTEX_POINT('',#6554);
#2018=VERTEX_POINT('',#6556);
#2019=VERTEX_POINT('',#6560);
#2020=VERTEX_POINT('',#6562);
#2021=VERTEX_POINT('',#6564);
#2022=VERTEX_POINT('',#6568);
#2023=VERTEX_POINT('',#6570);
#2024=VERTEX_POINT('',#6572);
#2025=VERTEX_POINT('',#6576);
#2026=VERTEX_POINT('',#6578);
#2027=VERTEX_POINT('',#6582);
#2028=VERTEX_POINT('',#6583);
#2029=VERTEX_POINT('',#6585);
#2030=VERTEX_POINT('',#6587);
#2031=VERTEX_POINT('',#6591);
#2032=VERTEX_POINT('',#6593);
#2033=VERTEX_POINT('',#6597);
#2034=VERTEX_POINT('',#6599);
#2035=VERTEX_POINT('',#6603);
#2036=VERTEX_POINT('',#6604);
#2037=VERTEX_POINT('',#6606);
#2038=VERTEX_POINT('',#6608);
#2039=VERTEX_POINT('',#6612);
#2040=VERTEX_POINT('',#6614);
#2041=VERTEX_POINT('',#6618);
#2042=VERTEX_POINT('',#6620);
#2043=VERTEX_POINT('',#6622);
#2044=VERTEX_POINT('',#6626);
#2045=VERTEX_POINT('',#6628);
#2046=VERTEX_POINT('',#6630);
#2047=VERTEX_POINT('',#6634);
#2048=VERTEX_POINT('',#6636);
#2049=VERTEX_POINT('',#6640);
#2050=VERTEX_POINT('',#6642);
#2051=VERTEX_POINT('',#6644);
#2052=VERTEX_POINT('',#6648);
#2053=VERTEX_POINT('',#6650);
#2054=VERTEX_POINT('',#6652);
#2055=VERTEX_POINT('',#6656);
#2056=VERTEX_POINT('',#6657);
#2057=VERTEX_POINT('',#6659);
#2058=VERTEX_POINT('',#6661);
#2059=VERTEX_POINT('',#6665);
#2060=VERTEX_POINT('',#6667);
#2061=VERTEX_POINT('',#6669);
#2062=VERTEX_POINT('',#6673);
#2063=VERTEX_POINT('',#6675);
#2064=VERTEX_POINT('',#6677);
#2065=VERTEX_POINT('',#6681);
#2066=VERTEX_POINT('',#6683);
#2067=VERTEX_POINT('',#6687);
#2068=VERTEX_POINT('',#6689);
#2069=VERTEX_POINT('',#6691);
#2070=VERTEX_POINT('',#6695);
#2071=VERTEX_POINT('',#6697);
#2072=VERTEX_POINT('',#6699);
#2073=VERTEX_POINT('',#6703);
#2074=VERTEX_POINT('',#6705);
#2075=VERTEX_POINT('',#6733);
#2076=VERTEX_POINT('',#6737);
#2077=VERTEX_POINT('',#6741);
#2078=VERTEX_POINT('',#6745);
#2079=VERTEX_POINT('',#6749);
#2080=VERTEX_POINT('',#6753);
#2081=VERTEX_POINT('',#6757);
#2082=VERTEX_POINT('',#6758);
#2083=VERTEX_POINT('',#6760);
#2084=VERTEX_POINT('',#6762);
#2085=VERTEX_POINT('',#6766);
#2086=VERTEX_POINT('',#6767);
#2087=VERTEX_POINT('',#6769);
#2088=VERTEX_POINT('',#6771);
#2089=VERTEX_POINT('',#6775);
#2090=VERTEX_POINT('',#6776);
#2091=VERTEX_POINT('',#6778);
#2092=VERTEX_POINT('',#6780);
#2093=VERTEX_POINT('',#6784);
#2094=VERTEX_POINT('',#6786);
#2095=VERTEX_POINT('',#6790);
#2096=VERTEX_POINT('',#6792);
#2097=VERTEX_POINT('',#6796);
#2098=VERTEX_POINT('',#6798);
#2099=VERTEX_POINT('',#6802);
#2100=VERTEX_POINT('',#6804);
#2101=VERTEX_POINT('',#6808);
#2102=VERTEX_POINT('',#6810);
#2103=VERTEX_POINT('',#6814);
#2104=VERTEX_POINT('',#6816);
#2105=VERTEX_POINT('',#6832);
#2106=VERTEX_POINT('',#6833);
#2107=VERTEX_POINT('',#6835);
#2108=VERTEX_POINT('',#6837);
#2109=VERTEX_POINT('',#6841);
#2110=VERTEX_POINT('',#6842);
#2111=VERTEX_POINT('',#6844);
#2112=VERTEX_POINT('',#6846);
#2113=VERTEX_POINT('',#6850);
#2114=VERTEX_POINT('',#6851);
#2115=VERTEX_POINT('',#6853);
#2116=VERTEX_POINT('',#6855);
#2117=VERTEX_POINT('',#6859);
#2118=VERTEX_POINT('',#6860);
#2119=VERTEX_POINT('',#6865);
#2120=VERTEX_POINT('',#6866);
#2121=VERTEX_POINT('',#6871);
#2122=VERTEX_POINT('',#6872);
#2123=VERTEX_POINT('',#6886);
#2124=VERTEX_POINT('',#6890);
#2125=VERTEX_POINT('',#6894);
#2126=VERTEX_POINT('',#6898);
#2127=VERTEX_POINT('',#6902);
#2128=VERTEX_POINT('',#6906);
#2129=VERTEX_POINT('',#6910);
#2130=VERTEX_POINT('',#6913);
#2131=VERTEX_POINT('',#6917);
#2132=VERTEX_POINT('',#6920);
#2133=VERTEX_POINT('',#6924);
#2134=VERTEX_POINT('',#6927);
#2135=VERTEX_POINT('',#6931);
#2136=VERTEX_POINT('',#6933);
#2137=VERTEX_POINT('',#6937);
#2138=VERTEX_POINT('',#6939);
#2139=VERTEX_POINT('',#6943);
#2140=VERTEX_POINT('',#6945);
#2141=VERTEX_POINT('',#6949);
#2142=VERTEX_POINT('',#6951);
#2143=VERTEX_POINT('',#6955);
#2144=VERTEX_POINT('',#6957);
#2145=VERTEX_POINT('',#6961);
#2146=VERTEX_POINT('',#6963);
#2147=VERTEX_POINT('',#6967);
#2148=VERTEX_POINT('',#6969);
#2149=VERTEX_POINT('',#6973);
#2150=VERTEX_POINT('',#6975);
#2151=VERTEX_POINT('',#6979);
#2152=VERTEX_POINT('',#6981);
#2153=VERTEX_POINT('',#6985);
#2154=VERTEX_POINT('',#6987);
#2155=VERTEX_POINT('',#6991);
#2156=VERTEX_POINT('',#6993);
#2157=VERTEX_POINT('',#6997);
#2158=VERTEX_POINT('',#6999);
#2159=VERTEX_POINT('',#7003);
#2160=VERTEX_POINT('',#7004);
#2161=VERTEX_POINT('',#7009);
#2162=VERTEX_POINT('',#7010);
#2163=VERTEX_POINT('',#7015);
#2164=VERTEX_POINT('',#7016);
#2165=VERTEX_POINT('',#7021);
#2166=VERTEX_POINT('',#7023);
#2167=VERTEX_POINT('',#7027);
#2168=VERTEX_POINT('',#7029);
#2169=VERTEX_POINT('',#7033);
#2170=VERTEX_POINT('',#7035);
#2171=VERTEX_POINT('',#7072);
#2172=VERTEX_POINT('',#7073);
#2173=VERTEX_POINT('',#7075);
#2174=VERTEX_POINT('',#7077);
#2175=VERTEX_POINT('',#7081);
#2176=VERTEX_POINT('',#7082);
#2177=VERTEX_POINT('',#7084);
#2178=VERTEX_POINT('',#7086);
#2179=VERTEX_POINT('',#7096);
#2180=VERTEX_POINT('',#7097);
#2181=VERTEX_POINT('',#7099);
#2182=VERTEX_POINT('',#7101);
#2183=VERTEX_POINT('',#7105);
#2184=VERTEX_POINT('',#7107);
#2185=VERTEX_POINT('',#7111);
#2186=VERTEX_POINT('',#7113);
#2187=VERTEX_POINT('',#7117);
#2188=VERTEX_POINT('',#7119);
#2189=VERTEX_POINT('',#7123);
#2190=VERTEX_POINT('',#7125);
#2191=VERTEX_POINT('',#7129);
#2192=VERTEX_POINT('',#7131);
#2193=VERTEX_POINT('',#7135);
#2194=VERTEX_POINT('',#7137);
#2195=VERTEX_POINT('',#7141);
#2196=VERTEX_POINT('',#7142);
#2197=VERTEX_POINT('',#7144);
#2198=VERTEX_POINT('',#7146);
#2199=VERTEX_POINT('',#7150);
#2200=VERTEX_POINT('',#7152);
#2201=VERTEX_POINT('',#7156);
#2202=VERTEX_POINT('',#7158);
#2203=VERTEX_POINT('',#7162);
#2204=VERTEX_POINT('',#7164);
#2205=VERTEX_POINT('',#7168);
#2206=VERTEX_POINT('',#7170);
#2207=VERTEX_POINT('',#7174);
#2208=VERTEX_POINT('',#7176);
#2209=VERTEX_POINT('',#7180);
#2210=VERTEX_POINT('',#7182);
#2211=VERTEX_POINT('',#7186);
#2212=VERTEX_POINT('',#7187);
#2213=VERTEX_POINT('',#7189);
#2214=VERTEX_POINT('',#7191);
#2215=VERTEX_POINT('',#7195);
#2216=VERTEX_POINT('',#7197);
#2217=VERTEX_POINT('',#7201);
#2218=VERTEX_POINT('',#7203);
#2219=VERTEX_POINT('',#7207);
#2220=VERTEX_POINT('',#7208);
#2221=VERTEX_POINT('',#7210);
#2222=VERTEX_POINT('',#7212);
#2223=VERTEX_POINT('',#7216);
#2224=VERTEX_POINT('',#7218);
#2225=VERTEX_POINT('',#7222);
#2226=VERTEX_POINT('',#7224);
#2227=VERTEX_POINT('',#7228);
#2228=VERTEX_POINT('',#7230);
#2229=VERTEX_POINT('',#7234);
#2230=VERTEX_POINT('',#7236);
#2231=VERTEX_POINT('',#7240);
#2232=VERTEX_POINT('',#7242);
#2233=VERTEX_POINT('',#7246);
#2234=VERTEX_POINT('',#7248);
#2235=VERTEX_POINT('',#7252);
#2236=VERTEX_POINT('',#7253);
#2237=VERTEX_POINT('',#7255);
#2238=VERTEX_POINT('',#7257);
#2239=VERTEX_POINT('',#7261);
#2240=VERTEX_POINT('',#7263);
#2241=VERTEX_POINT('',#7267);
#2242=VERTEX_POINT('',#7269);
#2243=VERTEX_POINT('',#7273);
#2244=VERTEX_POINT('',#7275);
#2245=VERTEX_POINT('',#7279);
#2246=VERTEX_POINT('',#7281);
#2247=VERTEX_POINT('',#7285);
#2248=VERTEX_POINT('',#7287);
#2249=VERTEX_POINT('',#7291);
#2250=VERTEX_POINT('',#7293);
#2251=VERTEX_POINT('',#7297);
#2252=VERTEX_POINT('',#7298);
#2253=VERTEX_POINT('',#7300);
#2254=VERTEX_POINT('',#7302);
#2255=VERTEX_POINT('',#7306);
#2256=VERTEX_POINT('',#7308);
#2257=VERTEX_POINT('',#7312);
#2258=VERTEX_POINT('',#7314);
#2259=VERTEX_POINT('',#7318);
#2260=VERTEX_POINT('',#7319);
#2261=VERTEX_POINT('',#7321);
#2262=VERTEX_POINT('',#7323);
#2263=VERTEX_POINT('',#7327);
#2264=VERTEX_POINT('',#7329);
#2265=VERTEX_POINT('',#7333);
#2266=VERTEX_POINT('',#7335);
#2267=VERTEX_POINT('',#7339);
#2268=VERTEX_POINT('',#7341);
#2269=VERTEX_POINT('',#7345);
#2270=VERTEX_POINT('',#7347);
#2271=VERTEX_POINT('',#7351);
#2272=VERTEX_POINT('',#7353);
#2273=VERTEX_POINT('',#7357);
#2274=VERTEX_POINT('',#7359);
#2275=VERTEX_POINT('',#7363);
#2276=VERTEX_POINT('',#7364);
#2277=VERTEX_POINT('',#7366);
#2278=VERTEX_POINT('',#7368);
#2279=VERTEX_POINT('',#7372);
#2280=VERTEX_POINT('',#7374);
#2281=VERTEX_POINT('',#7378);
#2282=VERTEX_POINT('',#7380);
#2283=VERTEX_POINT('',#7384);
#2284=VERTEX_POINT('',#7386);
#2285=VERTEX_POINT('',#7390);
#2286=VERTEX_POINT('',#7392);
#2287=VERTEX_POINT('',#7396);
#2288=VERTEX_POINT('',#7398);
#2289=VERTEX_POINT('',#7402);
#2290=VERTEX_POINT('',#7404);
#2291=EDGE_CURVE('',#1867,#1868,#619,.T.);
#2292=EDGE_CURVE('',#1868,#1869,#620,.T.);
#2293=EDGE_CURVE('',#1869,#1870,#621,.T.);
#2294=EDGE_CURVE('',#1870,#1867,#622,.T.);
#2295=EDGE_CURVE('',#1871,#1872,#623,.T.);
#2296=EDGE_CURVE('',#1873,#1871,#624,.T.);
#2297=EDGE_CURVE('',#1874,#1873,#625,.T.);
#2298=EDGE_CURVE('',#1872,#1874,#626,.T.);
#2299=EDGE_CURVE('',#1875,#1876,#627,.T.);
#2300=EDGE_CURVE('',#1877,#1875,#628,.T.);
#2301=EDGE_CURVE('',#1878,#1877,#629,.T.);
#2302=EDGE_CURVE('',#1876,#1878,#630,.T.);
#2303=EDGE_CURVE('',#1879,#1880,#631,.T.);
#2304=EDGE_CURVE('',#1881,#1879,#632,.T.);
#2305=EDGE_CURVE('',#1882,#1881,#633,.T.);
#2306=EDGE_CURVE('',#1880,#1882,#634,.T.);
#2307=EDGE_CURVE('',#1883,#1884,#635,.T.);
#2308=EDGE_CURVE('',#1885,#1883,#636,.T.);
#2309=EDGE_CURVE('',#1886,#1885,#637,.T.);
#2310=EDGE_CURVE('',#1884,#1886,#638,.T.);
#2311=EDGE_CURVE('',#1887,#1888,#639,.T.);
#2312=EDGE_CURVE('',#1889,#1887,#640,.T.);
#2313=EDGE_CURVE('',#1890,#1889,#641,.T.);
#2314=EDGE_CURVE('',#1888,#1890,#642,.T.);
#2315=EDGE_CURVE('',#1891,#1892,#643,.T.);
#2316=EDGE_CURVE('',#1893,#1891,#644,.T.);
#2317=EDGE_CURVE('',#1894,#1893,#645,.T.);
#2318=EDGE_CURVE('',#1892,#1894,#646,.T.);
#2319=EDGE_CURVE('',#1895,#1896,#647,.T.);
#2320=EDGE_CURVE('',#1896,#1897,#648,.T.);
#2321=EDGE_CURVE('',#1869,#1897,#649,.T.);
#2322=EDGE_CURVE('',#1868,#1898,#650,.T.);
#2323=EDGE_CURVE('',#1898,#1899,#651,.T.);
#2324=EDGE_CURVE('',#1899,#1900,#652,.T.);
#2325=EDGE_CURVE('',#1900,#1895,#653,.T.);
#2326=EDGE_CURVE('',#1892,#1901,#654,.T.);
#2327=EDGE_CURVE('',#1901,#1902,#655,.T.);
#2328=EDGE_CURVE('',#1891,#1902,#656,.T.);
#2329=EDGE_CURVE('',#1902,#1903,#657,.T.);
#2330=EDGE_CURVE('',#1893,#1903,#658,.T.);
#2331=EDGE_CURVE('',#1903,#1904,#659,.T.);
#2332=EDGE_CURVE('',#1894,#1904,#660,.T.);
#2333=EDGE_CURVE('',#1888,#1905,#661,.T.);
#2334=EDGE_CURVE('',#1905,#1906,#662,.T.);
#2335=EDGE_CURVE('',#1887,#1906,#663,.T.);
#2336=EDGE_CURVE('',#1906,#1907,#664,.T.);
#2337=EDGE_CURVE('',#1889,#1907,#665,.T.);
#2338=EDGE_CURVE('',#1907,#1908,#666,.T.);
#2339=EDGE_CURVE('',#1890,#1908,#667,.T.);
#2340=EDGE_CURVE('',#1884,#1909,#668,.T.);
#2341=EDGE_CURVE('',#1909,#1910,#669,.T.);
#2342=EDGE_CURVE('',#1883,#1910,#670,.T.);
#2343=EDGE_CURVE('',#1910,#1911,#671,.T.);
#2344=EDGE_CURVE('',#1885,#1911,#672,.T.);
#2345=EDGE_CURVE('',#1911,#1912,#673,.T.);
#2346=EDGE_CURVE('',#1886,#1912,#674,.T.);
#2347=EDGE_CURVE('',#1880,#1913,#675,.T.);
#2348=EDGE_CURVE('',#1913,#1914,#676,.T.);
#2349=EDGE_CURVE('',#1879,#1914,#677,.T.);
#2350=EDGE_CURVE('',#1914,#1915,#678,.T.);
#2351=EDGE_CURVE('',#1881,#1915,#679,.T.);
#2352=EDGE_CURVE('',#1915,#1916,#680,.T.);
#2353=EDGE_CURVE('',#1882,#1916,#681,.T.);
#2354=EDGE_CURVE('',#1876,#1917,#682,.T.);
#2355=EDGE_CURVE('',#1917,#1918,#683,.T.);
#2356=EDGE_CURVE('',#1875,#1918,#684,.T.);
#2357=EDGE_CURVE('',#1918,#1919,#685,.T.);
#2358=EDGE_CURVE('',#1877,#1919,#686,.T.);
#2359=EDGE_CURVE('',#1919,#1920,#687,.T.);
#2360=EDGE_CURVE('',#1878,#1920,#688,.T.);
#2361=EDGE_CURVE('',#1872,#1921,#689,.T.);
#2362=EDGE_CURVE('',#1921,#1922,#690,.T.);
#2363=EDGE_CURVE('',#1871,#1922,#691,.T.);
#2364=EDGE_CURVE('',#1922,#1923,#692,.T.);
#2365=EDGE_CURVE('',#1873,#1923,#693,.T.);
#2366=EDGE_CURVE('',#1923,#1924,#694,.T.);
#2367=EDGE_CURVE('',#1874,#1924,#695,.T.);
#2368=EDGE_CURVE('',#1904,#1901,#696,.T.);
#2369=EDGE_CURVE('',#1908,#1905,#697,.T.);
#2370=EDGE_CURVE('',#1912,#1909,#698,.T.);
#2371=EDGE_CURVE('',#1916,#1913,#699,.T.);
#2372=EDGE_CURVE('',#1920,#1917,#700,.T.);
#2373=EDGE_CURVE('',#1924,#1921,#701,.T.);
#2374=EDGE_CURVE('',#1925,#1926,#702,.T.);
#2375=EDGE_CURVE('',#1927,#1925,#703,.T.);
#2376=EDGE_CURVE('',#1928,#1927,#704,.T.);
#2377=EDGE_CURVE('',#1928,#1929,#705,.T.);
#2378=EDGE_CURVE('',#1867,#1929,#706,.T.);
#2379=EDGE_CURVE('',#1870,#1930,#707,.T.);
#2380=EDGE_CURVE('',#1930,#1926,#708,.T.);
#2381=EDGE_CURVE('',#1926,#1896,#709,.T.);
#2382=EDGE_CURVE('',#1897,#1930,#710,.T.);
#2383=EDGE_CURVE('',#1928,#1899,#711,.T.);
#2384=EDGE_CURVE('',#1929,#1898,#712,.T.);
#2385=EDGE_CURVE('',#1927,#1900,#713,.T.);
#2386=EDGE_CURVE('',#1925,#1895,#714,.T.);
#2387=EDGE_CURVE('',#1931,#1932,#715,.T.);
#2388=EDGE_CURVE('',#1932,#1933,#716,.T.);
#2389=EDGE_CURVE('',#1934,#1933,#717,.T.);
#2390=EDGE_CURVE('',#1934,#1931,#718,.T.);
#2391=EDGE_CURVE('',#1935,#1936,#719,.T.);
#2392=EDGE_CURVE('',#1936,#1937,#720,.T.);
#2393=EDGE_CURVE('',#1938,#1937,#721,.T.);
#2394=EDGE_CURVE('',#1938,#1935,#722,.T.);
#2395=EDGE_CURVE('',#1933,#1936,#723,.T.);
#2396=EDGE_CURVE('',#1935,#1934,#724,.T.);
#2397=EDGE_CURVE('',#1937,#1932,#725,.T.);
#2398=EDGE_CURVE('',#1931,#1938,#726,.T.);
#2399=EDGE_CURVE('',#1939,#1940,#727,.T.);
#2400=EDGE_CURVE('',#1941,#1939,#728,.T.);
#2401=EDGE_CURVE('',#1942,#1941,#729,.T.);
#2402=EDGE_CURVE('',#1942,#1940,#730,.T.);
#2403=EDGE_CURVE('',#1940,#1943,#731,.T.);
#2404=EDGE_CURVE('',#1944,#1942,#732,.T.);
#2405=EDGE_CURVE('',#1944,#1943,#733,.T.);
#2406=EDGE_CURVE('',#1943,#1945,#734,.T.);
#2407=EDGE_CURVE('',#1946,#1944,#735,.T.);
#2408=EDGE_CURVE('',#1947,#1946,#736,.T.);
#2409=EDGE_CURVE('',#1947,#1945,#737,.T.);
#2410=EDGE_CURVE('',#1945,#1948,#738,.T.);
#2411=EDGE_CURVE('',#1949,#1947,#739,.T.);
#2412=EDGE_CURVE('',#1950,#1949,#740,.T.);
#2413=EDGE_CURVE('',#1950,#1948,#741,.T.);
#2414=EDGE_CURVE('',#1948,#1951,#742,.T.);
#2415=EDGE_CURVE('',#1952,#1950,#743,.T.);
#2416=EDGE_CURVE('',#1952,#1951,#744,.T.);
#2417=EDGE_CURVE('',#1951,#1953,#745,.T.);
#2418=EDGE_CURVE('',#1954,#1952,#746,.T.);
#2419=EDGE_CURVE('',#1955,#1954,#747,.T.);
#2420=EDGE_CURVE('',#1955,#1953,#748,.T.);
#2421=EDGE_CURVE('',#1953,#1956,#749,.T.);
#2422=EDGE_CURVE('',#1957,#1955,#750,.T.);
#2423=EDGE_CURVE('',#1958,#1957,#751,.T.);
#2424=EDGE_CURVE('',#1958,#1956,#752,.T.);
#2425=EDGE_CURVE('',#1959,#1960,#753,.T.);
#2426=EDGE_CURVE('',#1961,#1959,#754,.T.);
#2427=EDGE_CURVE('',#1962,#1961,#755,.T.);
#2428=EDGE_CURVE('',#1962,#1960,#756,.T.);
#2429=EDGE_CURVE('',#1960,#1963,#757,.T.);
#2430=EDGE_CURVE('',#1964,#1962,#758,.T.);
#2431=EDGE_CURVE('',#1965,#1964,#759,.T.);
#2432=EDGE_CURVE('',#1965,#1963,#760,.T.);
#2433=EDGE_CURVE('',#1963,#1966,#761,.T.);
#2434=EDGE_CURVE('',#1967,#1965,#762,.T.);
#2435=EDGE_CURVE('',#1968,#1967,#763,.T.);
#2436=EDGE_CURVE('',#1968,#1966,#764,.T.);
#2437=EDGE_CURVE('',#1966,#1969,#765,.T.);
#2438=EDGE_CURVE('',#1970,#1968,#766,.T.);
#2439=EDGE_CURVE('',#1970,#1969,#767,.T.);
#2440=EDGE_CURVE('',#1969,#1971,#768,.T.);
#2441=EDGE_CURVE('',#1972,#1970,#769,.T.);
#2442=EDGE_CURVE('',#1973,#1972,#770,.T.);
#2443=EDGE_CURVE('',#1973,#1971,#771,.T.);
#2444=EDGE_CURVE('',#1971,#1974,#772,.T.);
#2445=EDGE_CURVE('',#1975,#1973,#773,.T.);
#2446=EDGE_CURVE('',#1976,#1975,#774,.T.);
#2447=EDGE_CURVE('',#1976,#1974,#775,.T.);
#2448=EDGE_CURVE('',#1974,#1977,#776,.T.);
#2449=EDGE_CURVE('',#1978,#1976,#777,.T.);
#2450=EDGE_CURVE('',#1978,#1977,#778,.T.);
#2451=EDGE_CURVE('',#1979,#1980,#779,.T.);
#2452=EDGE_CURVE('',#1981,#1979,#780,.T.);
#2453=EDGE_CURVE('',#1982,#1981,#781,.T.);
#2454=EDGE_CURVE('',#1982,#1980,#782,.T.);
#2455=EDGE_CURVE('',#1980,#1983,#783,.T.);
#2456=EDGE_CURVE('',#1984,#1982,#784,.T.);
#2457=EDGE_CURVE('',#1984,#1983,#785,.T.);
#2458=EDGE_CURVE('',#1983,#1985,#786,.T.);
#2459=EDGE_CURVE('',#1986,#1984,#787,.T.);
#2460=EDGE_CURVE('',#1986,#1985,#788,.T.);
#2461=EDGE_CURVE('',#1987,#1988,#789,.T.);
#2462=EDGE_CURVE('',#1989,#1987,#790,.T.);
#2463=EDGE_CURVE('',#1990,#1989,#791,.T.);
#2464=EDGE_CURVE('',#1990,#1988,#792,.T.);
#2465=EDGE_CURVE('',#1988,#1991,#793,.T.);
#2466=EDGE_CURVE('',#1992,#1990,#794,.T.);
#2467=EDGE_CURVE('',#1992,#1991,#795,.T.);
#2468=EDGE_CURVE('',#1991,#1993,#796,.T.);
#2469=EDGE_CURVE('',#1994,#1992,#797,.T.);
#2470=EDGE_CURVE('',#1995,#1994,#798,.T.);
#2471=EDGE_CURVE('',#1995,#1993,#799,.T.);
#2472=EDGE_CURVE('',#1993,#1996,#800,.T.);
#2473=EDGE_CURVE('',#1997,#1995,#801,.T.);
#2474=EDGE_CURVE('',#1998,#1997,#802,.T.);
#2475=EDGE_CURVE('',#1998,#1996,#803,.T.);
#2476=EDGE_CURVE('',#1996,#1999,#804,.T.);
#2477=EDGE_CURVE('',#2000,#1998,#805,.T.);
#2478=EDGE_CURVE('',#2000,#1999,#806,.T.);
#2479=EDGE_CURVE('',#1999,#2001,#807,.T.);
#2480=EDGE_CURVE('',#2002,#2000,#808,.T.);
#2481=EDGE_CURVE('',#2003,#2002,#809,.T.);
#2482=EDGE_CURVE('',#2003,#2001,#810,.T.);
#2483=EDGE_CURVE('',#2001,#2004,#811,.T.);
#2484=EDGE_CURVE('',#2005,#2003,#812,.T.);
#2485=EDGE_CURVE('',#2006,#2005,#813,.T.);
#2486=EDGE_CURVE('',#2006,#2004,#814,.T.);
#2487=EDGE_CURVE('',#2007,#2008,#815,.T.);
#2488=EDGE_CURVE('',#2009,#2007,#816,.T.);
#2489=EDGE_CURVE('',#2010,#2009,#817,.T.);
#2490=EDGE_CURVE('',#2010,#2008,#818,.T.);
#2491=EDGE_CURVE('',#2008,#2011,#819,.T.);
#2492=EDGE_CURVE('',#2012,#2010,#820,.T.);
#2493=EDGE_CURVE('',#2013,#2012,#821,.T.);
#2494=EDGE_CURVE('',#2013,#2011,#822,.T.);
#2495=EDGE_CURVE('',#2011,#2014,#823,.T.);
#2496=EDGE_CURVE('',#2015,#2013,#824,.T.);
#2497=EDGE_CURVE('',#2016,#2015,#825,.T.);
#2498=EDGE_CURVE('',#2016,#2014,#826,.T.);
#2499=EDGE_CURVE('',#2014,#2017,#827,.T.);
#2500=EDGE_CURVE('',#2018,#2016,#828,.T.);
#2501=EDGE_CURVE('',#2018,#2017,#829,.T.);
#2502=EDGE_CURVE('',#2017,#2019,#830,.T.);
#2503=EDGE_CURVE('',#2020,#2018,#831,.T.);
#2504=EDGE_CURVE('',#2021,#2020,#832,.T.);
#2505=EDGE_CURVE('',#2021,#2019,#833,.T.);
#2506=EDGE_CURVE('',#2019,#2022,#834,.T.);
#2507=EDGE_CURVE('',#2023,#2021,#835,.T.);
#2508=EDGE_CURVE('',#2024,#2023,#836,.T.);
#2509=EDGE_CURVE('',#2024,#2022,#837,.T.);
#2510=EDGE_CURVE('',#2022,#2025,#838,.T.);
#2511=EDGE_CURVE('',#2026,#2024,#839,.T.);
#2512=EDGE_CURVE('',#2026,#2025,#840,.T.);
#2513=EDGE_CURVE('',#2027,#2028,#841,.T.);
#2514=EDGE_CURVE('',#2029,#2027,#842,.T.);
#2515=EDGE_CURVE('',#2030,#2029,#843,.T.);
#2516=EDGE_CURVE('',#2030,#2028,#844,.T.);
#2517=EDGE_CURVE('',#2028,#2031,#845,.T.);
#2518=EDGE_CURVE('',#2032,#2030,#846,.T.);
#2519=EDGE_CURVE('',#2032,#2031,#847,.T.);
#2520=EDGE_CURVE('',#2031,#2033,#848,.T.);
#2521=EDGE_CURVE('',#2034,#2032,#849,.T.);
#2522=EDGE_CURVE('',#2034,#2033,#850,.T.);
#2523=EDGE_CURVE('',#2035,#2036,#851,.T.);
#2524=EDGE_CURVE('',#2037,#2035,#852,.T.);
#2525=EDGE_CURVE('',#2038,#2037,#853,.T.);
#2526=EDGE_CURVE('',#2038,#2036,#854,.T.);
#2527=EDGE_CURVE('',#2036,#2039,#855,.T.);
#2528=EDGE_CURVE('',#2040,#2038,#856,.T.);
#2529=EDGE_CURVE('',#2040,#2039,#857,.T.);
#2530=EDGE_CURVE('',#2039,#2041,#858,.T.);
#2531=EDGE_CURVE('',#2042,#2040,#859,.T.);
#2532=EDGE_CURVE('',#2043,#2042,#860,.T.);
#2533=EDGE_CURVE('',#2043,#2041,#861,.T.);
#2534=EDGE_CURVE('',#2041,#2044,#862,.T.);
#2535=EDGE_CURVE('',#2045,#2043,#863,.T.);
#2536=EDGE_CURVE('',#2046,#2045,#864,.T.);
#2537=EDGE_CURVE('',#2046,#2044,#865,.T.);
#2538=EDGE_CURVE('',#2044,#2047,#866,.T.);
#2539=EDGE_CURVE('',#2048,#2046,#867,.T.);
#2540=EDGE_CURVE('',#2048,#2047,#868,.T.);
#2541=EDGE_CURVE('',#2047,#2049,#869,.T.);
#2542=EDGE_CURVE('',#2050,#2048,#870,.T.);
#2543=EDGE_CURVE('',#2051,#2050,#871,.T.);
#2544=EDGE_CURVE('',#2051,#2049,#872,.T.);
#2545=EDGE_CURVE('',#2049,#2052,#873,.T.);
#2546=EDGE_CURVE('',#2053,#2051,#874,.T.);
#2547=EDGE_CURVE('',#2054,#2053,#875,.T.);
#2548=EDGE_CURVE('',#2054,#2052,#876,.T.);
#2549=EDGE_CURVE('',#2055,#2056,#877,.T.);
#2550=EDGE_CURVE('',#2057,#2055,#878,.T.);
#2551=EDGE_CURVE('',#2058,#2057,#879,.T.);
#2552=EDGE_CURVE('',#2058,#2056,#880,.T.);
#2553=EDGE_CURVE('',#2056,#2059,#881,.T.);
#2554=EDGE_CURVE('',#2060,#2058,#882,.T.);
#2555=EDGE_CURVE('',#2061,#2060,#883,.T.);
#2556=EDGE_CURVE('',#2061,#2059,#884,.T.);
#2557=EDGE_CURVE('',#2059,#2062,#885,.T.);
#2558=EDGE_CURVE('',#2063,#2061,#886,.T.);
#2559=EDGE_CURVE('',#2064,#2063,#887,.T.);
#2560=EDGE_CURVE('',#2064,#2062,#888,.T.);
#2561=EDGE_CURVE('',#2062,#2065,#889,.T.);
#2562=EDGE_CURVE('',#2066,#2064,#890,.T.);
#2563=EDGE_CURVE('',#2066,#2065,#891,.T.);
#2564=EDGE_CURVE('',#2065,#2067,#892,.T.);
#2565=EDGE_CURVE('',#2068,#2066,#893,.T.);
#2566=EDGE_CURVE('',#2069,#2068,#894,.T.);
#2567=EDGE_CURVE('',#2069,#2067,#895,.T.);
#2568=EDGE_CURVE('',#2067,#2070,#896,.T.);
#2569=EDGE_CURVE('',#2071,#2069,#897,.T.);
#2570=EDGE_CURVE('',#2072,#2071,#898,.T.);
#2571=EDGE_CURVE('',#2072,#2070,#899,.T.);
#2572=EDGE_CURVE('',#2070,#2073,#900,.T.);
#2573=EDGE_CURVE('',#2074,#2072,#901,.T.);
#2574=EDGE_CURVE('',#2074,#2073,#902,.T.);
#2575=EDGE_CURVE('',#1956,#1939,#903,.T.);
#2576=EDGE_CURVE('',#1941,#1958,#904,.T.);
#2577=EDGE_CURVE('',#1977,#1959,#905,.T.);
#2578=EDGE_CURVE('',#1961,#1978,#906,.T.);
#2579=EDGE_CURVE('',#1985,#1979,#907,.T.);
#2580=EDGE_CURVE('',#1981,#1986,#908,.T.);
#2581=EDGE_CURVE('',#2004,#1987,#909,.T.);
#2582=EDGE_CURVE('',#1989,#2006,#910,.T.);
#2583=EDGE_CURVE('',#2025,#2007,#911,.T.);
#2584=EDGE_CURVE('',#2009,#2026,#912,.T.);
#2585=EDGE_CURVE('',#2033,#2027,#913,.T.);
#2586=EDGE_CURVE('',#2029,#2034,#914,.T.);
#2587=EDGE_CURVE('',#2052,#2035,#915,.T.);
#2588=EDGE_CURVE('',#2037,#2054,#916,.T.);
#2589=EDGE_CURVE('',#2073,#2055,#917,.T.);
#2590=EDGE_CURVE('',#2057,#2074,#918,.T.);
#2591=EDGE_CURVE('',#1946,#2075,#919,.T.);
#2592=EDGE_CURVE('',#2075,#1949,#920,.T.);
#2593=EDGE_CURVE('',#1994,#2076,#921,.T.);
#2594=EDGE_CURVE('',#2076,#1997,#922,.T.);
#2595=EDGE_CURVE('',#2042,#2077,#923,.T.);
#2596=EDGE_CURVE('',#2077,#2045,#924,.T.);
#2597=EDGE_CURVE('',#1957,#2078,#925,.T.);
#2598=EDGE_CURVE('',#1954,#2078,#926,.T.);
#2599=EDGE_CURVE('',#2005,#2079,#927,.T.);
#2600=EDGE_CURVE('',#2002,#2079,#928,.T.);
#2601=EDGE_CURVE('',#2053,#2080,#929,.T.);
#2602=EDGE_CURVE('',#2050,#2080,#930,.T.);
#2603=EDGE_CURVE('',#2081,#2082,#931,.T.);
#2604=EDGE_CURVE('',#2081,#2083,#932,.T.);
#2605=EDGE_CURVE('',#2084,#2083,#933,.T.);
#2606=EDGE_CURVE('',#2082,#2084,#934,.T.);
#2607=EDGE_CURVE('',#2085,#2086,#935,.T.);
#2608=EDGE_CURVE('',#2085,#2087,#936,.T.);
#2609=EDGE_CURVE('',#2088,#2087,#937,.T.);
#2610=EDGE_CURVE('',#2086,#2088,#938,.T.);
#2611=EDGE_CURVE('',#2089,#2090,#939,.T.);
#2612=EDGE_CURVE('',#2089,#2091,#940,.T.);
#2613=EDGE_CURVE('',#2092,#2091,#941,.T.);
#2614=EDGE_CURVE('',#2090,#2092,#942,.T.);
#2615=EDGE_CURVE('',#2082,#2093,#943,.T.);
#2616=EDGE_CURVE('',#2094,#2084,#944,.T.);
#2617=EDGE_CURVE('',#2093,#2094,#945,.T.);
#2618=EDGE_CURVE('',#2086,#2095,#946,.T.);
#2619=EDGE_CURVE('',#2096,#2088,#947,.T.);
#2620=EDGE_CURVE('',#2095,#2096,#948,.T.);
#2621=EDGE_CURVE('',#2090,#2097,#949,.T.);
#2622=EDGE_CURVE('',#2098,#2092,#950,.T.);
#2623=EDGE_CURVE('',#2097,#2098,#951,.T.);
#2624=EDGE_CURVE('',#2093,#2099,#23,.T.);
#2625=EDGE_CURVE('',#2100,#2094,#24,.T.);
#2626=EDGE_CURVE('',#2099,#2100,#952,.T.);
#2627=EDGE_CURVE('',#2095,#2101,#25,.T.);
#2628=EDGE_CURVE('',#2102,#2096,#26,.T.);
#2629=EDGE_CURVE('',#2101,#2102,#953,.T.);
#2630=EDGE_CURVE('',#2097,#2103,#27,.T.);
#2631=EDGE_CURVE('',#2104,#2098,#28,.T.);
#2632=EDGE_CURVE('',#2103,#2104,#954,.T.);
#2633=EDGE_CURVE('',#2099,#2075,#955,.T.);
#2634=EDGE_CURVE('',#2078,#2100,#956,.T.);
#2635=EDGE_CURVE('',#1954,#1949,#957,.T.);
#2636=EDGE_CURVE('',#2101,#2076,#958,.T.);
#2637=EDGE_CURVE('',#2079,#2102,#959,.T.);
#2638=EDGE_CURVE('',#2002,#1997,#960,.T.);
#2639=EDGE_CURVE('',#2103,#2077,#961,.T.);
#2640=EDGE_CURVE('',#2080,#2104,#962,.T.);
#2641=EDGE_CURVE('',#2050,#2045,#963,.T.);
#2642=EDGE_CURVE('',#2105,#2106,#964,.T.);
#2643=EDGE_CURVE('',#2105,#2107,#965,.T.);
#2644=EDGE_CURVE('',#2108,#2107,#966,.T.);
#2645=EDGE_CURVE('',#2106,#2108,#967,.T.);
#2646=EDGE_CURVE('',#2109,#2110,#968,.T.);
#2647=EDGE_CURVE('',#2109,#2111,#969,.T.);
#2648=EDGE_CURVE('',#2112,#2111,#970,.T.);
#2649=EDGE_CURVE('',#2110,#2112,#971,.T.);
#2650=EDGE_CURVE('',#2113,#2114,#972,.T.);
#2651=EDGE_CURVE('',#2113,#2115,#973,.T.);
#2652=EDGE_CURVE('',#2116,#2115,#974,.T.);
#2653=EDGE_CURVE('',#2114,#2116,#975,.T.);
#2654=EDGE_CURVE('',#2117,#2118,#976,.T.);
#2655=EDGE_CURVE('',#2117,#2106,#29,.T.);
#2656=EDGE_CURVE('',#2108,#2118,#30,.T.);
#2657=EDGE_CURVE('',#2119,#2120,#977,.T.);
#2658=EDGE_CURVE('',#2119,#2110,#31,.T.);
#2659=EDGE_CURVE('',#2112,#2120,#32,.T.);
#2660=EDGE_CURVE('',#2121,#2122,#978,.T.);
#2661=EDGE_CURVE('',#2121,#2114,#33,.T.);
#2662=EDGE_CURVE('',#2116,#2122,#34,.T.);
#2663=EDGE_CURVE('',#2117,#2081,#979,.T.);
#2664=EDGE_CURVE('',#2083,#2118,#980,.T.);
#2665=EDGE_CURVE('',#2119,#2085,#981,.T.);
#2666=EDGE_CURVE('',#2087,#2120,#982,.T.);
#2667=EDGE_CURVE('',#2121,#2089,#983,.T.);
#2668=EDGE_CURVE('',#2091,#2122,#984,.T.);
#2669=EDGE_CURVE('',#2123,#1964,#985,.T.);
#2670=EDGE_CURVE('',#1967,#2123,#986,.T.);
#2671=EDGE_CURVE('',#2124,#1975,#987,.T.);
#2672=EDGE_CURVE('',#2124,#1972,#988,.T.);
#2673=EDGE_CURVE('',#2125,#2012,#989,.T.);
#2674=EDGE_CURVE('',#2015,#2125,#990,.T.);
#2675=EDGE_CURVE('',#2126,#2023,#991,.T.);
#2676=EDGE_CURVE('',#2126,#2020,#992,.T.);
#2677=EDGE_CURVE('',#2127,#2060,#993,.T.);
#2678=EDGE_CURVE('',#2063,#2127,#994,.T.);
#2679=EDGE_CURVE('',#2128,#2071,#995,.T.);
#2680=EDGE_CURVE('',#2128,#2068,#996,.T.);
#2681=EDGE_CURVE('',#2124,#2129,#997,.T.);
#2682=EDGE_CURVE('',#1972,#1967,#998,.T.);
#2683=EDGE_CURVE('',#2130,#2123,#999,.T.);
#2684=EDGE_CURVE('',#2129,#2130,#1000,.T.);
#2685=EDGE_CURVE('',#2126,#2131,#1001,.T.);
#2686=EDGE_CURVE('',#2020,#2015,#1002,.T.);
#2687=EDGE_CURVE('',#2132,#2125,#1003,.T.);
#2688=EDGE_CURVE('',#2131,#2132,#1004,.T.);
#2689=EDGE_CURVE('',#2128,#2133,#1005,.T.);
#2690=EDGE_CURVE('',#2068,#2063,#1006,.T.);
#2691=EDGE_CURVE('',#2134,#2127,#1007,.T.);
#2692=EDGE_CURVE('',#2133,#2134,#1008,.T.);
#2693=EDGE_CURVE('',#2129,#2135,#35,.T.);
#2694=EDGE_CURVE('',#2136,#2130,#36,.T.);
#2695=EDGE_CURVE('',#2135,#2136,#1009,.T.);
#2696=EDGE_CURVE('',#2131,#2137,#37,.T.);
#2697=EDGE_CURVE('',#2138,#2132,#38,.T.);
#2698=EDGE_CURVE('',#2137,#2138,#1010,.T.);
#2699=EDGE_CURVE('',#2133,#2139,#39,.T.);
#2700=EDGE_CURVE('',#2140,#2134,#40,.T.);
#2701=EDGE_CURVE('',#2139,#2140,#1011,.T.);
#2702=EDGE_CURVE('',#2135,#2141,#1012,.T.);
#2703=EDGE_CURVE('',#2142,#2136,#1013,.T.);
#2704=EDGE_CURVE('',#2141,#2142,#1014,.T.);
#2705=EDGE_CURVE('',#2137,#2143,#1015,.T.);
#2706=EDGE_CURVE('',#2144,#2138,#1016,.T.);
#2707=EDGE_CURVE('',#2143,#2144,#1017,.T.);
#2708=EDGE_CURVE('',#2139,#2145,#1018,.T.);
#2709=EDGE_CURVE('',#2146,#2140,#1019,.T.);
#2710=EDGE_CURVE('',#2145,#2146,#1020,.T.);
#2711=EDGE_CURVE('',#2141,#2147,#1021,.T.);
#2712=EDGE_CURVE('',#2148,#2142,#1022,.T.);
#2713=EDGE_CURVE('',#2147,#2148,#1023,.T.);
#2714=EDGE_CURVE('',#2143,#2149,#1024,.T.);
#2715=EDGE_CURVE('',#2150,#2144,#1025,.T.);
#2716=EDGE_CURVE('',#2149,#2150,#1026,.T.);
#2717=EDGE_CURVE('',#2145,#2151,#1027,.T.);
#2718=EDGE_CURVE('',#2152,#2146,#1028,.T.);
#2719=EDGE_CURVE('',#2151,#2152,#1029,.T.);
#2720=EDGE_CURVE('',#2147,#2153,#1030,.T.);
#2721=EDGE_CURVE('',#2154,#2148,#1031,.T.);
#2722=EDGE_CURVE('',#2153,#2154,#1032,.T.);
#2723=EDGE_CURVE('',#2149,#2155,#1033,.T.);
#2724=EDGE_CURVE('',#2156,#2150,#1034,.T.);
#2725=EDGE_CURVE('',#2155,#2156,#1035,.T.);
#2726=EDGE_CURVE('',#2151,#2157,#1036,.T.);
#2727=EDGE_CURVE('',#2158,#2152,#1037,.T.);
#2728=EDGE_CURVE('',#2157,#2158,#1038,.T.);
#2729=EDGE_CURVE('',#2159,#2160,#1039,.T.);
#2730=EDGE_CURVE('',#2159,#2153,#41,.T.);
#2731=EDGE_CURVE('',#2154,#2160,#42,.T.);
#2732=EDGE_CURVE('',#2161,#2162,#1040,.T.);
#2733=EDGE_CURVE('',#2161,#2155,#43,.T.);
#2734=EDGE_CURVE('',#2156,#2162,#44,.T.);
#2735=EDGE_CURVE('',#2163,#2164,#1041,.T.);
#2736=EDGE_CURVE('',#2163,#2157,#45,.T.);
#2737=EDGE_CURVE('',#2158,#2164,#46,.T.);
#2738=EDGE_CURVE('',#2159,#2165,#1042,.T.);
#2739=EDGE_CURVE('',#2166,#2160,#1043,.T.);
#2740=EDGE_CURVE('',#2165,#2166,#1044,.T.);
#2741=EDGE_CURVE('',#2161,#2167,#1045,.T.);
#2742=EDGE_CURVE('',#2168,#2162,#1046,.T.);
#2743=EDGE_CURVE('',#2167,#2168,#1047,.T.);
#2744=EDGE_CURVE('',#2163,#2169,#1048,.T.);
#2745=EDGE_CURVE('',#2170,#2164,#1049,.T.);
#2746=EDGE_CURVE('',#2169,#2170,#1050,.T.);
#2747=EDGE_CURVE('',#2107,#1957,#1051,.T.);
#2748=EDGE_CURVE('',#2105,#1946,#1052,.T.);
#2749=EDGE_CURVE('',#2111,#2005,#1053,.T.);
#2750=EDGE_CURVE('',#2109,#1994,#1054,.T.);
#2751=EDGE_CURVE('',#2115,#2053,#1055,.T.);
#2752=EDGE_CURVE('',#2113,#2042,#1056,.T.);
#2753=EDGE_CURVE('',#1975,#2165,#1057,.T.);
#2754=EDGE_CURVE('',#1964,#2166,#1058,.T.);
#2755=EDGE_CURVE('',#2023,#2167,#1059,.T.);
#2756=EDGE_CURVE('',#2012,#2168,#1060,.T.);
#2757=EDGE_CURVE('',#2071,#2169,#1061,.T.);
#2758=EDGE_CURVE('',#2060,#2170,#1062,.T.);
#2759=EDGE_CURVE('',#2171,#2172,#1063,.T.);
#2760=EDGE_CURVE('',#2171,#2173,#1064,.T.);
#2761=EDGE_CURVE('',#2173,#2174,#1065,.T.);
#2762=EDGE_CURVE('',#2172,#2174,#1066,.T.);
#2763=EDGE_CURVE('',#2175,#2176,#1067,.T.);
#2764=EDGE_CURVE('',#2175,#2177,#1068,.T.);
#2765=EDGE_CURVE('',#2177,#2178,#1069,.T.);
#2766=EDGE_CURVE('',#2176,#2178,#1070,.T.);
#2767=EDGE_CURVE('',#2177,#2171,#1071,.T.);
#2768=EDGE_CURVE('',#2178,#2172,#1072,.T.);
#2769=EDGE_CURVE('',#2173,#2175,#1073,.T.);
#2770=EDGE_CURVE('',#2174,#2176,#1074,.T.);
#2771=EDGE_CURVE('',#2179,#2180,#1075,.T.);
#2772=EDGE_CURVE('',#2179,#2181,#1076,.T.);
#2773=EDGE_CURVE('',#2181,#2182,#1077,.T.);
#2774=EDGE_CURVE('',#2180,#2182,#1078,.T.);
#2775=EDGE_CURVE('',#2183,#2179,#1079,.T.);
#2776=EDGE_CURVE('',#2183,#2184,#1080,.T.);
#2777=EDGE_CURVE('',#2184,#2181,#1081,.T.);
#2778=EDGE_CURVE('',#2185,#2183,#1082,.T.);
#2779=EDGE_CURVE('',#2185,#2186,#1083,.T.);
#2780=EDGE_CURVE('',#2186,#2184,#1084,.T.);
#2781=EDGE_CURVE('',#2187,#2185,#1085,.T.);
#2782=EDGE_CURVE('',#2187,#2188,#1086,.T.);
#2783=EDGE_CURVE('',#2188,#2186,#1087,.T.);
#2784=EDGE_CURVE('',#2189,#2187,#1088,.T.);
#2785=EDGE_CURVE('',#2189,#2190,#1089,.T.);
#2786=EDGE_CURVE('',#2190,#2188,#1090,.T.);
#2787=EDGE_CURVE('',#2191,#2189,#1091,.T.);
#2788=EDGE_CURVE('',#2191,#2192,#1092,.T.);
#2789=EDGE_CURVE('',#2192,#2190,#1093,.T.);
#2790=EDGE_CURVE('',#2193,#2191,#1094,.T.);
#2791=EDGE_CURVE('',#2193,#2194,#1095,.T.);
#2792=EDGE_CURVE('',#2194,#2192,#1096,.T.);
#2793=EDGE_CURVE('',#2195,#2196,#1097,.T.);
#2794=EDGE_CURVE('',#2195,#2197,#1098,.T.);
#2795=EDGE_CURVE('',#2197,#2198,#1099,.T.);
#2796=EDGE_CURVE('',#2196,#2198,#1100,.T.);
#2797=EDGE_CURVE('',#2199,#2195,#1101,.T.);
#2798=EDGE_CURVE('',#2199,#2200,#1102,.T.);
#2799=EDGE_CURVE('',#2200,#2197,#1103,.T.);
#2800=EDGE_CURVE('',#2201,#2199,#1104,.T.);
#2801=EDGE_CURVE('',#2201,#2202,#1105,.T.);
#2802=EDGE_CURVE('',#2202,#2200,#1106,.T.);
#2803=EDGE_CURVE('',#2203,#2201,#1107,.T.);
#2804=EDGE_CURVE('',#2203,#2204,#1108,.T.);
#2805=EDGE_CURVE('',#2204,#2202,#1109,.T.);
#2806=EDGE_CURVE('',#2205,#2203,#1110,.T.);
#2807=EDGE_CURVE('',#2205,#2206,#1111,.T.);
#2808=EDGE_CURVE('',#2206,#2204,#1112,.T.);
#2809=EDGE_CURVE('',#2207,#2205,#1113,.T.);
#2810=EDGE_CURVE('',#2207,#2208,#1114,.T.);
#2811=EDGE_CURVE('',#2208,#2206,#1115,.T.);
#2812=EDGE_CURVE('',#2209,#2207,#1116,.T.);
#2813=EDGE_CURVE('',#2209,#2210,#1117,.T.);
#2814=EDGE_CURVE('',#2210,#2208,#1118,.T.);
#2815=EDGE_CURVE('',#2211,#2212,#1119,.T.);
#2816=EDGE_CURVE('',#2211,#2213,#1120,.T.);
#2817=EDGE_CURVE('',#2213,#2214,#1121,.T.);
#2818=EDGE_CURVE('',#2212,#2214,#1122,.T.);
#2819=EDGE_CURVE('',#2215,#2211,#1123,.T.);
#2820=EDGE_CURVE('',#2215,#2216,#1124,.T.);
#2821=EDGE_CURVE('',#2216,#2213,#1125,.T.);
#2822=EDGE_CURVE('',#2217,#2215,#1126,.T.);
#2823=EDGE_CURVE('',#2217,#2218,#1127,.T.);
#2824=EDGE_CURVE('',#2218,#2216,#1128,.T.);
#2825=EDGE_CURVE('',#2219,#2220,#1129,.T.);
#2826=EDGE_CURVE('',#2219,#2221,#1130,.T.);
#2827=EDGE_CURVE('',#2221,#2222,#1131,.T.);
#2828=EDGE_CURVE('',#2220,#2222,#1132,.T.);
#2829=EDGE_CURVE('',#2223,#2219,#1133,.T.);
#2830=EDGE_CURVE('',#2223,#2224,#1134,.T.);
#2831=EDGE_CURVE('',#2224,#2221,#1135,.T.);
#2832=EDGE_CURVE('',#2225,#2223,#1136,.T.);
#2833=EDGE_CURVE('',#2225,#2226,#1137,.T.);
#2834=EDGE_CURVE('',#2226,#2224,#1138,.T.);
#2835=EDGE_CURVE('',#2227,#2225,#1139,.T.);
#2836=EDGE_CURVE('',#2227,#2228,#1140,.T.);
#2837=EDGE_CURVE('',#2228,#2226,#1141,.T.);
#2838=EDGE_CURVE('',#2229,#2227,#1142,.T.);
#2839=EDGE_CURVE('',#2229,#2230,#1143,.T.);
#2840=EDGE_CURVE('',#2230,#2228,#1144,.T.);
#2841=EDGE_CURVE('',#2231,#2229,#1145,.T.);
#2842=EDGE_CURVE('',#2231,#2232,#1146,.T.);
#2843=EDGE_CURVE('',#2232,#2230,#1147,.T.);
#2844=EDGE_CURVE('',#2233,#2231,#1148,.T.);
#2845=EDGE_CURVE('',#2233,#2234,#1149,.T.);
#2846=EDGE_CURVE('',#2234,#2232,#1150,.T.);
#2847=EDGE_CURVE('',#2235,#2236,#1151,.T.);
#2848=EDGE_CURVE('',#2235,#2237,#1152,.T.);
#2849=EDGE_CURVE('',#2237,#2238,#1153,.T.);
#2850=EDGE_CURVE('',#2236,#2238,#1154,.T.);
#2851=EDGE_CURVE('',#2239,#2235,#1155,.T.);
#2852=EDGE_CURVE('',#2239,#2240,#1156,.T.);
#2853=EDGE_CURVE('',#2240,#2237,#1157,.T.);
#2854=EDGE_CURVE('',#2241,#2239,#1158,.T.);
#2855=EDGE_CURVE('',#2241,#2242,#1159,.T.);
#2856=EDGE_CURVE('',#2242,#2240,#1160,.T.);
#2857=EDGE_CURVE('',#2243,#2241,#1161,.T.);
#2858=EDGE_CURVE('',#2243,#2244,#1162,.T.);
#2859=EDGE_CURVE('',#2244,#2242,#1163,.T.);
#2860=EDGE_CURVE('',#2245,#2243,#1164,.T.);
#2861=EDGE_CURVE('',#2245,#2246,#1165,.T.);
#2862=EDGE_CURVE('',#2246,#2244,#1166,.T.);
#2863=EDGE_CURVE('',#2247,#2245,#1167,.T.);
#2864=EDGE_CURVE('',#2247,#2248,#1168,.T.);
#2865=EDGE_CURVE('',#2248,#2246,#1169,.T.);
#2866=EDGE_CURVE('',#2249,#2247,#1170,.T.);
#2867=EDGE_CURVE('',#2249,#2250,#1171,.T.);
#2868=EDGE_CURVE('',#2250,#2248,#1172,.T.);
#2869=EDGE_CURVE('',#2251,#2252,#1173,.T.);
#2870=EDGE_CURVE('',#2251,#2253,#1174,.T.);
#2871=EDGE_CURVE('',#2253,#2254,#1175,.T.);
#2872=EDGE_CURVE('',#2252,#2254,#1176,.T.);
#2873=EDGE_CURVE('',#2255,#2251,#1177,.T.);
#2874=EDGE_CURVE('',#2255,#2256,#1178,.T.);
#2875=EDGE_CURVE('',#2256,#2253,#1179,.T.);
#2876=EDGE_CURVE('',#2257,#2255,#1180,.T.);
#2877=EDGE_CURVE('',#2257,#2258,#1181,.T.);
#2878=EDGE_CURVE('',#2258,#2256,#1182,.T.);
#2879=EDGE_CURVE('',#2259,#2260,#1183,.T.);
#2880=EDGE_CURVE('',#2259,#2261,#1184,.T.);
#2881=EDGE_CURVE('',#2261,#2262,#1185,.T.);
#2882=EDGE_CURVE('',#2260,#2262,#1186,.T.);
#2883=EDGE_CURVE('',#2263,#2259,#1187,.T.);
#2884=EDGE_CURVE('',#2263,#2264,#1188,.T.);
#2885=EDGE_CURVE('',#2264,#2261,#1189,.T.);
#2886=EDGE_CURVE('',#2265,#2263,#1190,.T.);
#2887=EDGE_CURVE('',#2265,#2266,#1191,.T.);
#2888=EDGE_CURVE('',#2266,#2264,#1192,.T.);
#2889=EDGE_CURVE('',#2267,#2265,#1193,.T.);
#2890=EDGE_CURVE('',#2267,#2268,#1194,.T.);
#2891=EDGE_CURVE('',#2268,#2266,#1195,.T.);
#2892=EDGE_CURVE('',#2269,#2267,#1196,.T.);
#2893=EDGE_CURVE('',#2269,#2270,#1197,.T.);
#2894=EDGE_CURVE('',#2270,#2268,#1198,.T.);
#2895=EDGE_CURVE('',#2271,#2269,#1199,.T.);
#2896=EDGE_CURVE('',#2271,#2272,#1200,.T.);
#2897=EDGE_CURVE('',#2272,#2270,#1201,.T.);
#2898=EDGE_CURVE('',#2273,#2271,#1202,.T.);
#2899=EDGE_CURVE('',#2273,#2274,#1203,.T.);
#2900=EDGE_CURVE('',#2274,#2272,#1204,.T.);
#2901=EDGE_CURVE('',#2275,#2276,#1205,.T.);
#2902=EDGE_CURVE('',#2275,#2277,#1206,.T.);
#2903=EDGE_CURVE('',#2277,#2278,#1207,.T.);
#2904=EDGE_CURVE('',#2276,#2278,#1208,.T.);
#2905=EDGE_CURVE('',#2279,#2275,#1209,.T.);
#2906=EDGE_CURVE('',#2279,#2280,#1210,.T.);
#2907=EDGE_CURVE('',#2280,#2277,#1211,.T.);
#2908=EDGE_CURVE('',#2281,#2279,#1212,.T.);
#2909=EDGE_CURVE('',#2281,#2282,#1213,.T.);
#2910=EDGE_CURVE('',#2282,#2280,#1214,.T.);
#2911=EDGE_CURVE('',#2283,#2281,#1215,.T.);
#2912=EDGE_CURVE('',#2283,#2284,#1216,.T.);
#2913=EDGE_CURVE('',#2284,#2282,#1217,.T.);
#2914=EDGE_CURVE('',#2285,#2283,#1218,.T.);
#2915=EDGE_CURVE('',#2285,#2286,#1219,.T.);
#2916=EDGE_CURVE('',#2286,#2284,#1220,.T.);
#2917=EDGE_CURVE('',#2287,#2285,#1221,.T.);
#2918=EDGE_CURVE('',#2287,#2288,#1222,.T.);
#2919=EDGE_CURVE('',#2288,#2286,#1223,.T.);
#2920=EDGE_CURVE('',#2289,#2287,#1224,.T.);
#2921=EDGE_CURVE('',#2289,#2290,#1225,.T.);
#2922=EDGE_CURVE('',#2290,#2288,#1226,.T.);
#2923=EDGE_CURVE('',#2180,#2193,#1227,.T.);
#2924=EDGE_CURVE('',#2182,#2194,#1228,.T.);
#2925=EDGE_CURVE('',#2196,#2209,#1229,.T.);
#2926=EDGE_CURVE('',#2198,#2210,#1230,.T.);
#2927=EDGE_CURVE('',#2212,#2217,#1231,.T.);
#2928=EDGE_CURVE('',#2214,#2218,#1232,.T.);
#2929=EDGE_CURVE('',#2220,#2233,#1233,.T.);
#2930=EDGE_CURVE('',#2222,#2234,#1234,.T.);
#2931=EDGE_CURVE('',#2236,#2249,#1235,.T.);
#2932=EDGE_CURVE('',#2238,#2250,#1236,.T.);
#2933=EDGE_CURVE('',#2252,#2257,#1237,.T.);
#2934=EDGE_CURVE('',#2254,#2258,#1238,.T.);
#2935=EDGE_CURVE('',#2260,#2273,#1239,.T.);
#2936=EDGE_CURVE('',#2262,#2274,#1240,.T.);
#2937=EDGE_CURVE('',#2276,#2289,#1241,.T.);
#2938=EDGE_CURVE('',#2278,#2290,#1242,.T.);
#2939=ORIENTED_EDGE('',*,*,#2291,.T.);
#2940=ORIENTED_EDGE('',*,*,#2292,.T.);
#2941=ORIENTED_EDGE('',*,*,#2293,.T.);
#2942=ORIENTED_EDGE('',*,*,#2294,.T.);
#2943=ORIENTED_EDGE('',*,*,#2295,.F.);
#2944=ORIENTED_EDGE('',*,*,#2296,.F.);
#2945=ORIENTED_EDGE('',*,*,#2297,.F.);
#2946=ORIENTED_EDGE('',*,*,#2298,.F.);
#2947=ORIENTED_EDGE('',*,*,#2299,.F.);
#2948=ORIENTED_EDGE('',*,*,#2300,.F.);
#2949=ORIENTED_EDGE('',*,*,#2301,.F.);
#2950=ORIENTED_EDGE('',*,*,#2302,.F.);
#2951=ORIENTED_EDGE('',*,*,#2303,.F.);
#2952=ORIENTED_EDGE('',*,*,#2304,.F.);
#2953=ORIENTED_EDGE('',*,*,#2305,.F.);
#2954=ORIENTED_EDGE('',*,*,#2306,.F.);
#2955=ORIENTED_EDGE('',*,*,#2307,.F.);
#2956=ORIENTED_EDGE('',*,*,#2308,.F.);
#2957=ORIENTED_EDGE('',*,*,#2309,.F.);
#2958=ORIENTED_EDGE('',*,*,#2310,.F.);
#2959=ORIENTED_EDGE('',*,*,#2311,.F.);
#2960=ORIENTED_EDGE('',*,*,#2312,.F.);
#2961=ORIENTED_EDGE('',*,*,#2313,.F.);
#2962=ORIENTED_EDGE('',*,*,#2314,.F.);
#2963=ORIENTED_EDGE('',*,*,#2315,.F.);
#2964=ORIENTED_EDGE('',*,*,#2316,.F.);
#2965=ORIENTED_EDGE('',*,*,#2317,.F.);
#2966=ORIENTED_EDGE('',*,*,#2318,.F.);
#2967=ORIENTED_EDGE('',*,*,#2319,.T.);
#2968=ORIENTED_EDGE('',*,*,#2320,.T.);
#2969=ORIENTED_EDGE('',*,*,#2321,.F.);
#2970=ORIENTED_EDGE('',*,*,#2292,.F.);
#2971=ORIENTED_EDGE('',*,*,#2322,.T.);
#2972=ORIENTED_EDGE('',*,*,#2323,.T.);
#2973=ORIENTED_EDGE('',*,*,#2324,.T.);
#2974=ORIENTED_EDGE('',*,*,#2325,.T.);
#2975=ORIENTED_EDGE('',*,*,#2326,.T.);
#2976=ORIENTED_EDGE('',*,*,#2327,.T.);
#2977=ORIENTED_EDGE('',*,*,#2328,.F.);
#2978=ORIENTED_EDGE('',*,*,#2315,.T.);
#2979=ORIENTED_EDGE('',*,*,#2328,.T.);
#2980=ORIENTED_EDGE('',*,*,#2329,.T.);
#2981=ORIENTED_EDGE('',*,*,#2330,.F.);
#2982=ORIENTED_EDGE('',*,*,#2316,.T.);
#2983=ORIENTED_EDGE('',*,*,#2330,.T.);
#2984=ORIENTED_EDGE('',*,*,#2331,.T.);
#2985=ORIENTED_EDGE('',*,*,#2332,.F.);
#2986=ORIENTED_EDGE('',*,*,#2317,.T.);
#2987=ORIENTED_EDGE('',*,*,#2333,.T.);
#2988=ORIENTED_EDGE('',*,*,#2334,.T.);
#2989=ORIENTED_EDGE('',*,*,#2335,.F.);
#2990=ORIENTED_EDGE('',*,*,#2311,.T.);
#2991=ORIENTED_EDGE('',*,*,#2335,.T.);
#2992=ORIENTED_EDGE('',*,*,#2336,.T.);
#2993=ORIENTED_EDGE('',*,*,#2337,.F.);
#2994=ORIENTED_EDGE('',*,*,#2312,.T.);
#2995=ORIENTED_EDGE('',*,*,#2337,.T.);
#2996=ORIENTED_EDGE('',*,*,#2338,.T.);
#2997=ORIENTED_EDGE('',*,*,#2339,.F.);
#2998=ORIENTED_EDGE('',*,*,#2313,.T.);
#2999=ORIENTED_EDGE('',*,*,#2340,.T.);
#3000=ORIENTED_EDGE('',*,*,#2341,.T.);
#3001=ORIENTED_EDGE('',*,*,#2342,.F.);
#3002=ORIENTED_EDGE('',*,*,#2307,.T.);
#3003=ORIENTED_EDGE('',*,*,#2342,.T.);
#3004=ORIENTED_EDGE('',*,*,#2343,.T.);
#3005=ORIENTED_EDGE('',*,*,#2344,.F.);
#3006=ORIENTED_EDGE('',*,*,#2308,.T.);
#3007=ORIENTED_EDGE('',*,*,#2344,.T.);
#3008=ORIENTED_EDGE('',*,*,#2345,.T.);
#3009=ORIENTED_EDGE('',*,*,#2346,.F.);
#3010=ORIENTED_EDGE('',*,*,#2309,.T.);
#3011=ORIENTED_EDGE('',*,*,#2347,.T.);
#3012=ORIENTED_EDGE('',*,*,#2348,.T.);
#3013=ORIENTED_EDGE('',*,*,#2349,.F.);
#3014=ORIENTED_EDGE('',*,*,#2303,.T.);
#3015=ORIENTED_EDGE('',*,*,#2349,.T.);
#3016=ORIENTED_EDGE('',*,*,#2350,.T.);
#3017=ORIENTED_EDGE('',*,*,#2351,.F.);
#3018=ORIENTED_EDGE('',*,*,#2304,.T.);
#3019=ORIENTED_EDGE('',*,*,#2351,.T.);
#3020=ORIENTED_EDGE('',*,*,#2352,.T.);
#3021=ORIENTED_EDGE('',*,*,#2353,.F.);
#3022=ORIENTED_EDGE('',*,*,#2305,.T.);
#3023=ORIENTED_EDGE('',*,*,#2354,.T.);
#3024=ORIENTED_EDGE('',*,*,#2355,.T.);
#3025=ORIENTED_EDGE('',*,*,#2356,.F.);
#3026=ORIENTED_EDGE('',*,*,#2299,.T.);
#3027=ORIENTED_EDGE('',*,*,#2356,.T.);
#3028=ORIENTED_EDGE('',*,*,#2357,.T.);
#3029=ORIENTED_EDGE('',*,*,#2358,.F.);
#3030=ORIENTED_EDGE('',*,*,#2300,.T.);
#3031=ORIENTED_EDGE('',*,*,#2358,.T.);
#3032=ORIENTED_EDGE('',*,*,#2359,.T.);
#3033=ORIENTED_EDGE('',*,*,#2360,.F.);
#3034=ORIENTED_EDGE('',*,*,#2301,.T.);
#3035=ORIENTED_EDGE('',*,*,#2361,.T.);
#3036=ORIENTED_EDGE('',*,*,#2362,.T.);
#3037=ORIENTED_EDGE('',*,*,#2363,.F.);
#3038=ORIENTED_EDGE('',*,*,#2295,.T.);
#3039=ORIENTED_EDGE('',*,*,#2363,.T.);
#3040=ORIENTED_EDGE('',*,*,#2364,.T.);
#3041=ORIENTED_EDGE('',*,*,#2365,.F.);
#3042=ORIENTED_EDGE('',*,*,#2296,.T.);
#3043=ORIENTED_EDGE('',*,*,#2365,.T.);
#3044=ORIENTED_EDGE('',*,*,#2366,.T.);
#3045=ORIENTED_EDGE('',*,*,#2367,.F.);
#3046=ORIENTED_EDGE('',*,*,#2297,.T.);
#3047=ORIENTED_EDGE('',*,*,#2332,.T.);
#3048=ORIENTED_EDGE('',*,*,#2368,.T.);
#3049=ORIENTED_EDGE('',*,*,#2326,.F.);
#3050=ORIENTED_EDGE('',*,*,#2318,.T.);
#3051=ORIENTED_EDGE('',*,*,#2339,.T.);
#3052=ORIENTED_EDGE('',*,*,#2369,.T.);
#3053=ORIENTED_EDGE('',*,*,#2333,.F.);
#3054=ORIENTED_EDGE('',*,*,#2314,.T.);
#3055=ORIENTED_EDGE('',*,*,#2346,.T.);
#3056=ORIENTED_EDGE('',*,*,#2370,.T.);
#3057=ORIENTED_EDGE('',*,*,#2340,.F.);
#3058=ORIENTED_EDGE('',*,*,#2310,.T.);
#3059=ORIENTED_EDGE('',*,*,#2353,.T.);
#3060=ORIENTED_EDGE('',*,*,#2371,.T.);
#3061=ORIENTED_EDGE('',*,*,#2347,.F.);
#3062=ORIENTED_EDGE('',*,*,#2306,.T.);
#3063=ORIENTED_EDGE('',*,*,#2360,.T.);
#3064=ORIENTED_EDGE('',*,*,#2372,.T.);
#3065=ORIENTED_EDGE('',*,*,#2354,.F.);
#3066=ORIENTED_EDGE('',*,*,#2302,.T.);
#3067=ORIENTED_EDGE('',*,*,#2367,.T.);
#3068=ORIENTED_EDGE('',*,*,#2373,.T.);
#3069=ORIENTED_EDGE('',*,*,#2361,.F.);
#3070=ORIENTED_EDGE('',*,*,#2298,.T.);
#3071=ORIENTED_EDGE('',*,*,#2374,.F.);
#3072=ORIENTED_EDGE('',*,*,#2375,.F.);
#3073=ORIENTED_EDGE('',*,*,#2376,.F.);
#3074=ORIENTED_EDGE('',*,*,#2377,.T.);
#3075=ORIENTED_EDGE('',*,*,#2378,.F.);
#3076=ORIENTED_EDGE('',*,*,#2294,.F.);
#3077=ORIENTED_EDGE('',*,*,#2379,.T.);
#3078=ORIENTED_EDGE('',*,*,#2380,.T.);
#3079=ORIENTED_EDGE('',*,*,#2381,.F.);
#3080=ORIENTED_EDGE('',*,*,#2380,.F.);
#3081=ORIENTED_EDGE('',*,*,#2382,.F.);
#3082=ORIENTED_EDGE('',*,*,#2320,.F.);
#3083=ORIENTED_EDGE('',*,*,#2383,.T.);
#3084=ORIENTED_EDGE('',*,*,#2323,.F.);
#3085=ORIENTED_EDGE('',*,*,#2384,.F.);
#3086=ORIENTED_EDGE('',*,*,#2377,.F.);
#3087=ORIENTED_EDGE('',*,*,#2384,.T.);
#3088=ORIENTED_EDGE('',*,*,#2322,.F.);
#3089=ORIENTED_EDGE('',*,*,#2291,.F.);
#3090=ORIENTED_EDGE('',*,*,#2378,.T.);
#3091=ORIENTED_EDGE('',*,*,#2382,.T.);
#3092=ORIENTED_EDGE('',*,*,#2379,.F.);
#3093=ORIENTED_EDGE('',*,*,#2293,.F.);
#3094=ORIENTED_EDGE('',*,*,#2321,.T.);
#3095=ORIENTED_EDGE('',*,*,#2325,.F.);
#3096=ORIENTED_EDGE('',*,*,#2385,.F.);
#3097=ORIENTED_EDGE('',*,*,#2375,.T.);
#3098=ORIENTED_EDGE('',*,*,#2386,.T.);
#3099=ORIENTED_EDGE('',*,*,#2368,.F.);
#3100=ORIENTED_EDGE('',*,*,#2331,.F.);
#3101=ORIENTED_EDGE('',*,*,#2329,.F.);
#3102=ORIENTED_EDGE('',*,*,#2327,.F.);
#3103=ORIENTED_EDGE('',*,*,#2369,.F.);
#3104=ORIENTED_EDGE('',*,*,#2338,.F.);
#3105=ORIENTED_EDGE('',*,*,#2336,.F.);
#3106=ORIENTED_EDGE('',*,*,#2334,.F.);
#3107=ORIENTED_EDGE('',*,*,#2370,.F.);
#3108=ORIENTED_EDGE('',*,*,#2345,.F.);
#3109=ORIENTED_EDGE('',*,*,#2343,.F.);
#3110=ORIENTED_EDGE('',*,*,#2341,.F.);
#3111=ORIENTED_EDGE('',*,*,#2371,.F.);
#3112=ORIENTED_EDGE('',*,*,#2352,.F.);
#3113=ORIENTED_EDGE('',*,*,#2350,.F.);
#3114=ORIENTED_EDGE('',*,*,#2348,.F.);
#3115=ORIENTED_EDGE('',*,*,#2372,.F.);
#3116=ORIENTED_EDGE('',*,*,#2359,.F.);
#3117=ORIENTED_EDGE('',*,*,#2357,.F.);
#3118=ORIENTED_EDGE('',*,*,#2355,.F.);
#3119=ORIENTED_EDGE('',*,*,#2373,.F.);
#3120=ORIENTED_EDGE('',*,*,#2366,.F.);
#3121=ORIENTED_EDGE('',*,*,#2364,.F.);
#3122=ORIENTED_EDGE('',*,*,#2362,.F.);
#3123=ORIENTED_EDGE('',*,*,#2319,.F.);
#3124=ORIENTED_EDGE('',*,*,#2386,.F.);
#3125=ORIENTED_EDGE('',*,*,#2374,.T.);
#3126=ORIENTED_EDGE('',*,*,#2381,.T.);
#3127=ORIENTED_EDGE('',*,*,#2324,.F.);
#3128=ORIENTED_EDGE('',*,*,#2383,.F.);
#3129=ORIENTED_EDGE('',*,*,#2376,.T.);
#3130=ORIENTED_EDGE('',*,*,#2385,.T.);
#3131=ORIENTED_EDGE('',*,*,#2387,.T.);
#3132=ORIENTED_EDGE('',*,*,#2388,.T.);
#3133=ORIENTED_EDGE('',*,*,#2389,.F.);
#3134=ORIENTED_EDGE('',*,*,#2390,.T.);
#3135=ORIENTED_EDGE('',*,*,#2391,.T.);
#3136=ORIENTED_EDGE('',*,*,#2392,.T.);
#3137=ORIENTED_EDGE('',*,*,#2393,.F.);
#3138=ORIENTED_EDGE('',*,*,#2394,.T.);
#3139=ORIENTED_EDGE('',*,*,#2389,.T.);
#3140=ORIENTED_EDGE('',*,*,#2395,.T.);
#3141=ORIENTED_EDGE('',*,*,#2391,.F.);
#3142=ORIENTED_EDGE('',*,*,#2396,.T.);
#3143=ORIENTED_EDGE('',*,*,#2393,.T.);
#3144=ORIENTED_EDGE('',*,*,#2397,.T.);
#3145=ORIENTED_EDGE('',*,*,#2387,.F.);
#3146=ORIENTED_EDGE('',*,*,#2398,.T.);
#3147=ORIENTED_EDGE('',*,*,#2399,.F.);
#3148=ORIENTED_EDGE('',*,*,#2400,.F.);
#3149=ORIENTED_EDGE('',*,*,#2401,.F.);
#3150=ORIENTED_EDGE('',*,*,#2402,.T.);
#3151=ORIENTED_EDGE('',*,*,#2403,.F.);
#3152=ORIENTED_EDGE('',*,*,#2402,.F.);
#3153=ORIENTED_EDGE('',*,*,#2404,.F.);
#3154=ORIENTED_EDGE('',*,*,#2405,.T.);
#3155=ORIENTED_EDGE('',*,*,#2406,.F.);
#3156=ORIENTED_EDGE('',*,*,#2405,.F.);
#3157=ORIENTED_EDGE('',*,*,#2407,.F.);
#3158=ORIENTED_EDGE('',*,*,#2408,.F.);
#3159=ORIENTED_EDGE('',*,*,#2409,.T.);
#3160=ORIENTED_EDGE('',*,*,#2410,.F.);
#3161=ORIENTED_EDGE('',*,*,#2409,.F.);
#3162=ORIENTED_EDGE('',*,*,#2411,.F.);
#3163=ORIENTED_EDGE('',*,*,#2412,.F.);
#3164=ORIENTED_EDGE('',*,*,#2413,.T.);
#3165=ORIENTED_EDGE('',*,*,#2414,.F.);
#3166=ORIENTED_EDGE('',*,*,#2413,.F.);
#3167=ORIENTED_EDGE('',*,*,#2415,.F.);
#3168=ORIENTED_EDGE('',*,*,#2416,.T.);
#3169=ORIENTED_EDGE('',*,*,#2417,.F.);
#3170=ORIENTED_EDGE('',*,*,#2416,.F.);
#3171=ORIENTED_EDGE('',*,*,#2418,.F.);
#3172=ORIENTED_EDGE('',*,*,#2419,.F.);
#3173=ORIENTED_EDGE('',*,*,#2420,.T.);
#3174=ORIENTED_EDGE('',*,*,#2421,.F.);
#3175=ORIENTED_EDGE('',*,*,#2420,.F.);
#3176=ORIENTED_EDGE('',*,*,#2422,.F.);
#3177=ORIENTED_EDGE('',*,*,#2423,.F.);
#3178=ORIENTED_EDGE('',*,*,#2424,.T.);
#3179=ORIENTED_EDGE('',*,*,#2425,.F.);
#3180=ORIENTED_EDGE('',*,*,#2426,.F.);
#3181=ORIENTED_EDGE('',*,*,#2427,.F.);
#3182=ORIENTED_EDGE('',*,*,#2428,.T.);
#3183=ORIENTED_EDGE('',*,*,#2429,.F.);
#3184=ORIENTED_EDGE('',*,*,#2428,.F.);
#3185=ORIENTED_EDGE('',*,*,#2430,.F.);
#3186=ORIENTED_EDGE('',*,*,#2431,.F.);
#3187=ORIENTED_EDGE('',*,*,#2432,.T.);
#3188=ORIENTED_EDGE('',*,*,#2433,.F.);
#3189=ORIENTED_EDGE('',*,*,#2432,.F.);
#3190=ORIENTED_EDGE('',*,*,#2434,.F.);
#3191=ORIENTED_EDGE('',*,*,#2435,.F.);
#3192=ORIENTED_EDGE('',*,*,#2436,.T.);
#3193=ORIENTED_EDGE('',*,*,#2437,.F.);
#3194=ORIENTED_EDGE('',*,*,#2436,.F.);
#3195=ORIENTED_EDGE('',*,*,#2438,.F.);
#3196=ORIENTED_EDGE('',*,*,#2439,.T.);
#3197=ORIENTED_EDGE('',*,*,#2440,.F.);
#3198=ORIENTED_EDGE('',*,*,#2439,.F.);
#3199=ORIENTED_EDGE('',*,*,#2441,.F.);
#3200=ORIENTED_EDGE('',*,*,#2442,.F.);
#3201=ORIENTED_EDGE('',*,*,#2443,.T.);
#3202=ORIENTED_EDGE('',*,*,#2444,.F.);
#3203=ORIENTED_EDGE('',*,*,#2443,.F.);
#3204=ORIENTED_EDGE('',*,*,#2445,.F.);
#3205=ORIENTED_EDGE('',*,*,#2446,.F.);
#3206=ORIENTED_EDGE('',*,*,#2447,.T.);
#3207=ORIENTED_EDGE('',*,*,#2448,.F.);
#3208=ORIENTED_EDGE('',*,*,#2447,.F.);
#3209=ORIENTED_EDGE('',*,*,#2449,.F.);
#3210=ORIENTED_EDGE('',*,*,#2450,.T.);
#3211=ORIENTED_EDGE('',*,*,#2451,.F.);
#3212=ORIENTED_EDGE('',*,*,#2452,.F.);
#3213=ORIENTED_EDGE('',*,*,#2453,.F.);
#3214=ORIENTED_EDGE('',*,*,#2454,.T.);
#3215=ORIENTED_EDGE('',*,*,#2455,.F.);
#3216=ORIENTED_EDGE('',*,*,#2454,.F.);
#3217=ORIENTED_EDGE('',*,*,#2456,.F.);
#3218=ORIENTED_EDGE('',*,*,#2457,.T.);
#3219=ORIENTED_EDGE('',*,*,#2458,.F.);
#3220=ORIENTED_EDGE('',*,*,#2457,.F.);
#3221=ORIENTED_EDGE('',*,*,#2459,.F.);
#3222=ORIENTED_EDGE('',*,*,#2460,.T.);
#3223=ORIENTED_EDGE('',*,*,#2461,.F.);
#3224=ORIENTED_EDGE('',*,*,#2462,.F.);
#3225=ORIENTED_EDGE('',*,*,#2463,.F.);
#3226=ORIENTED_EDGE('',*,*,#2464,.T.);
#3227=ORIENTED_EDGE('',*,*,#2465,.F.);
#3228=ORIENTED_EDGE('',*,*,#2464,.F.);
#3229=ORIENTED_EDGE('',*,*,#2466,.F.);
#3230=ORIENTED_EDGE('',*,*,#2467,.T.);
#3231=ORIENTED_EDGE('',*,*,#2468,.F.);
#3232=ORIENTED_EDGE('',*,*,#2467,.F.);
#3233=ORIENTED_EDGE('',*,*,#2469,.F.);
#3234=ORIENTED_EDGE('',*,*,#2470,.F.);
#3235=ORIENTED_EDGE('',*,*,#2471,.T.);
#3236=ORIENTED_EDGE('',*,*,#2472,.F.);
#3237=ORIENTED_EDGE('',*,*,#2471,.F.);
#3238=ORIENTED_EDGE('',*,*,#2473,.F.);
#3239=ORIENTED_EDGE('',*,*,#2474,.F.);
#3240=ORIENTED_EDGE('',*,*,#2475,.T.);
#3241=ORIENTED_EDGE('',*,*,#2476,.F.);
#3242=ORIENTED_EDGE('',*,*,#2475,.F.);
#3243=ORIENTED_EDGE('',*,*,#2477,.F.);
#3244=ORIENTED_EDGE('',*,*,#2478,.T.);
#3245=ORIENTED_EDGE('',*,*,#2479,.F.);
#3246=ORIENTED_EDGE('',*,*,#2478,.F.);
#3247=ORIENTED_EDGE('',*,*,#2480,.F.);
#3248=ORIENTED_EDGE('',*,*,#2481,.F.);
#3249=ORIENTED_EDGE('',*,*,#2482,.T.);
#3250=ORIENTED_EDGE('',*,*,#2483,.F.);
#3251=ORIENTED_EDGE('',*,*,#2482,.F.);
#3252=ORIENTED_EDGE('',*,*,#2484,.F.);
#3253=ORIENTED_EDGE('',*,*,#2485,.F.);
#3254=ORIENTED_EDGE('',*,*,#2486,.T.);
#3255=ORIENTED_EDGE('',*,*,#2487,.F.);
#3256=ORIENTED_EDGE('',*,*,#2488,.F.);
#3257=ORIENTED_EDGE('',*,*,#2489,.F.);
#3258=ORIENTED_EDGE('',*,*,#2490,.T.);
#3259=ORIENTED_EDGE('',*,*,#2491,.F.);
#3260=ORIENTED_EDGE('',*,*,#2490,.F.);
#3261=ORIENTED_EDGE('',*,*,#2492,.F.);
#3262=ORIENTED_EDGE('',*,*,#2493,.F.);
#3263=ORIENTED_EDGE('',*,*,#2494,.T.);
#3264=ORIENTED_EDGE('',*,*,#2495,.F.);
#3265=ORIENTED_EDGE('',*,*,#2494,.F.);
#3266=ORIENTED_EDGE('',*,*,#2496,.F.);
#3267=ORIENTED_EDGE('',*,*,#2497,.F.);
#3268=ORIENTED_EDGE('',*,*,#2498,.T.);
#3269=ORIENTED_EDGE('',*,*,#2499,.F.);
#3270=ORIENTED_EDGE('',*,*,#2498,.F.);
#3271=ORIENTED_EDGE('',*,*,#2500,.F.);
#3272=ORIENTED_EDGE('',*,*,#2501,.T.);
#3273=ORIENTED_EDGE('',*,*,#2502,.F.);
#3274=ORIENTED_EDGE('',*,*,#2501,.F.);
#3275=ORIENTED_EDGE('',*,*,#2503,.F.);
#3276=ORIENTED_EDGE('',*,*,#2504,.F.);
#3277=ORIENTED_EDGE('',*,*,#2505,.T.);
#3278=ORIENTED_EDGE('',*,*,#2506,.F.);
#3279=ORIENTED_EDGE('',*,*,#2505,.F.);
#3280=ORIENTED_EDGE('',*,*,#2507,.F.);
#3281=ORIENTED_EDGE('',*,*,#2508,.F.);
#3282=ORIENTED_EDGE('',*,*,#2509,.T.);
#3283=ORIENTED_EDGE('',*,*,#2510,.F.);
#3284=ORIENTED_EDGE('',*,*,#2509,.F.);
#3285=ORIENTED_EDGE('',*,*,#2511,.F.);
#3286=ORIENTED_EDGE('',*,*,#2512,.T.);
#3287=ORIENTED_EDGE('',*,*,#2513,.F.);
#3288=ORIENTED_EDGE('',*,*,#2514,.F.);
#3289=ORIENTED_EDGE('',*,*,#2515,.F.);
#3290=ORIENTED_EDGE('',*,*,#2516,.T.);
#3291=ORIENTED_EDGE('',*,*,#2517,.F.);
#3292=ORIENTED_EDGE('',*,*,#2516,.F.);
#3293=ORIENTED_EDGE('',*,*,#2518,.F.);
#3294=ORIENTED_EDGE('',*,*,#2519,.T.);
#3295=ORIENTED_EDGE('',*,*,#2520,.F.);
#3296=ORIENTED_EDGE('',*,*,#2519,.F.);
#3297=ORIENTED_EDGE('',*,*,#2521,.F.);
#3298=ORIENTED_EDGE('',*,*,#2522,.T.);
#3299=ORIENTED_EDGE('',*,*,#2523,.F.);
#3300=ORIENTED_EDGE('',*,*,#2524,.F.);
#3301=ORIENTED_EDGE('',*,*,#2525,.F.);
#3302=ORIENTED_EDGE('',*,*,#2526,.T.);
#3303=ORIENTED_EDGE('',*,*,#2527,.F.);
#3304=ORIENTED_EDGE('',*,*,#2526,.F.);
#3305=ORIENTED_EDGE('',*,*,#2528,.F.);
#3306=ORIENTED_EDGE('',*,*,#2529,.T.);
#3307=ORIENTED_EDGE('',*,*,#2530,.F.);
#3308=ORIENTED_EDGE('',*,*,#2529,.F.);
#3309=ORIENTED_EDGE('',*,*,#2531,.F.);
#3310=ORIENTED_EDGE('',*,*,#2532,.F.);
#3311=ORIENTED_EDGE('',*,*,#2533,.T.);
#3312=ORIENTED_EDGE('',*,*,#2534,.F.);
#3313=ORIENTED_EDGE('',*,*,#2533,.F.);
#3314=ORIENTED_EDGE('',*,*,#2535,.F.);
#3315=ORIENTED_EDGE('',*,*,#2536,.F.);
#3316=ORIENTED_EDGE('',*,*,#2537,.T.);
#3317=ORIENTED_EDGE('',*,*,#2538,.F.);
#3318=ORIENTED_EDGE('',*,*,#2537,.F.);
#3319=ORIENTED_EDGE('',*,*,#2539,.F.);
#3320=ORIENTED_EDGE('',*,*,#2540,.T.);
#3321=ORIENTED_EDGE('',*,*,#2541,.F.);
#3322=ORIENTED_EDGE('',*,*,#2540,.F.);
#3323=ORIENTED_EDGE('',*,*,#2542,.F.);
#3324=ORIENTED_EDGE('',*,*,#2543,.F.);
#3325=ORIENTED_EDGE('',*,*,#2544,.T.);
#3326=ORIENTED_EDGE('',*,*,#2545,.F.);
#3327=ORIENTED_EDGE('',*,*,#2544,.F.);
#3328=ORIENTED_EDGE('',*,*,#2546,.F.);
#3329=ORIENTED_EDGE('',*,*,#2547,.F.);
#3330=ORIENTED_EDGE('',*,*,#2548,.T.);
#3331=ORIENTED_EDGE('',*,*,#2549,.F.);
#3332=ORIENTED_EDGE('',*,*,#2550,.F.);
#3333=ORIENTED_EDGE('',*,*,#2551,.F.);
#3334=ORIENTED_EDGE('',*,*,#2552,.T.);
#3335=ORIENTED_EDGE('',*,*,#2553,.F.);
#3336=ORIENTED_EDGE('',*,*,#2552,.F.);
#3337=ORIENTED_EDGE('',*,*,#2554,.F.);
#3338=ORIENTED_EDGE('',*,*,#2555,.F.);
#3339=ORIENTED_EDGE('',*,*,#2556,.T.);
#3340=ORIENTED_EDGE('',*,*,#2557,.F.);
#3341=ORIENTED_EDGE('',*,*,#2556,.F.);
#3342=ORIENTED_EDGE('',*,*,#2558,.F.);
#3343=ORIENTED_EDGE('',*,*,#2559,.F.);
#3344=ORIENTED_EDGE('',*,*,#2560,.T.);
#3345=ORIENTED_EDGE('',*,*,#2561,.F.);
#3346=ORIENTED_EDGE('',*,*,#2560,.F.);
#3347=ORIENTED_EDGE('',*,*,#2562,.F.);
#3348=ORIENTED_EDGE('',*,*,#2563,.T.);
#3349=ORIENTED_EDGE('',*,*,#2564,.F.);
#3350=ORIENTED_EDGE('',*,*,#2563,.F.);
#3351=ORIENTED_EDGE('',*,*,#2565,.F.);
#3352=ORIENTED_EDGE('',*,*,#2566,.F.);
#3353=ORIENTED_EDGE('',*,*,#2567,.T.);
#3354=ORIENTED_EDGE('',*,*,#2568,.F.);
#3355=ORIENTED_EDGE('',*,*,#2567,.F.);
#3356=ORIENTED_EDGE('',*,*,#2569,.F.);
#3357=ORIENTED_EDGE('',*,*,#2570,.F.);
#3358=ORIENTED_EDGE('',*,*,#2571,.T.);
#3359=ORIENTED_EDGE('',*,*,#2572,.F.);
#3360=ORIENTED_EDGE('',*,*,#2571,.F.);
#3361=ORIENTED_EDGE('',*,*,#2573,.F.);
#3362=ORIENTED_EDGE('',*,*,#2574,.T.);
#3363=ORIENTED_EDGE('',*,*,#2575,.F.);
#3364=ORIENTED_EDGE('',*,*,#2424,.F.);
#3365=ORIENTED_EDGE('',*,*,#2576,.F.);
#3366=ORIENTED_EDGE('',*,*,#2400,.T.);
#3367=ORIENTED_EDGE('',*,*,#2577,.F.);
#3368=ORIENTED_EDGE('',*,*,#2450,.F.);
#3369=ORIENTED_EDGE('',*,*,#2578,.F.);
#3370=ORIENTED_EDGE('',*,*,#2426,.T.);
#3371=ORIENTED_EDGE('',*,*,#2579,.F.);
#3372=ORIENTED_EDGE('',*,*,#2460,.F.);
#3373=ORIENTED_EDGE('',*,*,#2580,.F.);
#3374=ORIENTED_EDGE('',*,*,#2452,.T.);
#3375=ORIENTED_EDGE('',*,*,#2581,.F.);
#3376=ORIENTED_EDGE('',*,*,#2486,.F.);
#3377=ORIENTED_EDGE('',*,*,#2582,.F.);
#3378=ORIENTED_EDGE('',*,*,#2462,.T.);
#3379=ORIENTED_EDGE('',*,*,#2583,.F.);
#3380=ORIENTED_EDGE('',*,*,#2512,.F.);
#3381=ORIENTED_EDGE('',*,*,#2584,.F.);
#3382=ORIENTED_EDGE('',*,*,#2488,.T.);
#3383=ORIENTED_EDGE('',*,*,#2585,.F.);
#3384=ORIENTED_EDGE('',*,*,#2522,.F.);
#3385=ORIENTED_EDGE('',*,*,#2586,.F.);
#3386=ORIENTED_EDGE('',*,*,#2514,.T.);
#3387=ORIENTED_EDGE('',*,*,#2587,.F.);
#3388=ORIENTED_EDGE('',*,*,#2548,.F.);
#3389=ORIENTED_EDGE('',*,*,#2588,.F.);
#3390=ORIENTED_EDGE('',*,*,#2524,.T.);
#3391=ORIENTED_EDGE('',*,*,#2589,.F.);
#3392=ORIENTED_EDGE('',*,*,#2574,.F.);
#3393=ORIENTED_EDGE('',*,*,#2590,.F.);
#3394=ORIENTED_EDGE('',*,*,#2550,.T.);
#3395=ORIENTED_EDGE('',*,*,#2591,.T.);
#3396=ORIENTED_EDGE('',*,*,#2592,.T.);
#3397=ORIENTED_EDGE('',*,*,#2411,.T.);
#3398=ORIENTED_EDGE('',*,*,#2408,.T.);
#3399=ORIENTED_EDGE('',*,*,#2593,.T.);
#3400=ORIENTED_EDGE('',*,*,#2594,.T.);
#3401=ORIENTED_EDGE('',*,*,#2473,.T.);
#3402=ORIENTED_EDGE('',*,*,#2470,.T.);
#3403=ORIENTED_EDGE('',*,*,#2595,.T.);
#3404=ORIENTED_EDGE('',*,*,#2596,.T.);
#3405=ORIENTED_EDGE('',*,*,#2535,.T.);
#3406=ORIENTED_EDGE('',*,*,#2532,.T.);
#3407=ORIENTED_EDGE('',*,*,#2597,.F.);
#3408=ORIENTED_EDGE('',*,*,#2422,.T.);
#3409=ORIENTED_EDGE('',*,*,#2419,.T.);
#3410=ORIENTED_EDGE('',*,*,#2598,.T.);
#3411=ORIENTED_EDGE('',*,*,#2599,.F.);
#3412=ORIENTED_EDGE('',*,*,#2484,.T.);
#3413=ORIENTED_EDGE('',*,*,#2481,.T.);
#3414=ORIENTED_EDGE('',*,*,#2600,.T.);
#3415=ORIENTED_EDGE('',*,*,#2601,.F.);
#3416=ORIENTED_EDGE('',*,*,#2546,.T.);
#3417=ORIENTED_EDGE('',*,*,#2543,.T.);
#3418=ORIENTED_EDGE('',*,*,#2602,.T.);
#3419=ORIENTED_EDGE('',*,*,#2603,.F.);
#3420=ORIENTED_EDGE('',*,*,#2604,.T.);
#3421=ORIENTED_EDGE('',*,*,#2605,.F.);
#3422=ORIENTED_EDGE('',*,*,#2606,.F.);
#3423=ORIENTED_EDGE('',*,*,#2607,.F.);
#3424=ORIENTED_EDGE('',*,*,#2608,.T.);
#3425=ORIENTED_EDGE('',*,*,#2609,.F.);
#3426=ORIENTED_EDGE('',*,*,#2610,.F.);
#3427=ORIENTED_EDGE('',*,*,#2611,.F.);
#3428=ORIENTED_EDGE('',*,*,#2612,.T.);
#3429=ORIENTED_EDGE('',*,*,#2613,.F.);
#3430=ORIENTED_EDGE('',*,*,#2614,.F.);
#3431=ORIENTED_EDGE('',*,*,#2615,.F.);
#3432=ORIENTED_EDGE('',*,*,#2606,.T.);
#3433=ORIENTED_EDGE('',*,*,#2616,.F.);
#3434=ORIENTED_EDGE('',*,*,#2617,.F.);
#3435=ORIENTED_EDGE('',*,*,#2618,.F.);
#3436=ORIENTED_EDGE('',*,*,#2610,.T.);
#3437=ORIENTED_EDGE('',*,*,#2619,.F.);
#3438=ORIENTED_EDGE('',*,*,#2620,.F.);
#3439=ORIENTED_EDGE('',*,*,#2621,.F.);
#3440=ORIENTED_EDGE('',*,*,#2614,.T.);
#3441=ORIENTED_EDGE('',*,*,#2622,.F.);
#3442=ORIENTED_EDGE('',*,*,#2623,.F.);
#3443=ORIENTED_EDGE('',*,*,#2624,.F.);
#3444=ORIENTED_EDGE('',*,*,#2617,.T.);
#3445=ORIENTED_EDGE('',*,*,#2625,.F.);
#3446=ORIENTED_EDGE('',*,*,#2626,.F.);
#3447=ORIENTED_EDGE('',*,*,#2627,.F.);
#3448=ORIENTED_EDGE('',*,*,#2620,.T.);
#3449=ORIENTED_EDGE('',*,*,#2628,.F.);
#3450=ORIENTED_EDGE('',*,*,#2629,.F.);
#3451=ORIENTED_EDGE('',*,*,#2630,.F.);
#3452=ORIENTED_EDGE('',*,*,#2623,.T.);
#3453=ORIENTED_EDGE('',*,*,#2631,.F.);
#3454=ORIENTED_EDGE('',*,*,#2632,.F.);
#3455=ORIENTED_EDGE('',*,*,#2633,.F.);
#3456=ORIENTED_EDGE('',*,*,#2626,.T.);
#3457=ORIENTED_EDGE('',*,*,#2634,.F.);
#3458=ORIENTED_EDGE('',*,*,#2598,.F.);
#3459=ORIENTED_EDGE('',*,*,#2635,.T.);
#3460=ORIENTED_EDGE('',*,*,#2592,.F.);
#3461=ORIENTED_EDGE('',*,*,#2636,.F.);
#3462=ORIENTED_EDGE('',*,*,#2629,.T.);
#3463=ORIENTED_EDGE('',*,*,#2637,.F.);
#3464=ORIENTED_EDGE('',*,*,#2600,.F.);
#3465=ORIENTED_EDGE('',*,*,#2638,.T.);
#3466=ORIENTED_EDGE('',*,*,#2594,.F.);
#3467=ORIENTED_EDGE('',*,*,#2639,.F.);
#3468=ORIENTED_EDGE('',*,*,#2632,.T.);
#3469=ORIENTED_EDGE('',*,*,#2640,.F.);
#3470=ORIENTED_EDGE('',*,*,#2602,.F.);
#3471=ORIENTED_EDGE('',*,*,#2641,.T.);
#3472=ORIENTED_EDGE('',*,*,#2596,.F.);
#3473=ORIENTED_EDGE('',*,*,#2642,.F.);
#3474=ORIENTED_EDGE('',*,*,#2643,.T.);
#3475=ORIENTED_EDGE('',*,*,#2644,.F.);
#3476=ORIENTED_EDGE('',*,*,#2645,.F.);
#3477=ORIENTED_EDGE('',*,*,#2646,.F.);
#3478=ORIENTED_EDGE('',*,*,#2647,.T.);
#3479=ORIENTED_EDGE('',*,*,#2648,.F.);
#3480=ORIENTED_EDGE('',*,*,#2649,.F.);
#3481=ORIENTED_EDGE('',*,*,#2650,.F.);
#3482=ORIENTED_EDGE('',*,*,#2651,.T.);
#3483=ORIENTED_EDGE('',*,*,#2652,.F.);
#3484=ORIENTED_EDGE('',*,*,#2653,.F.);
#3485=ORIENTED_EDGE('',*,*,#2654,.F.);
#3486=ORIENTED_EDGE('',*,*,#2655,.T.);
#3487=ORIENTED_EDGE('',*,*,#2645,.T.);
#3488=ORIENTED_EDGE('',*,*,#2656,.T.);
#3489=ORIENTED_EDGE('',*,*,#2657,.F.);
#3490=ORIENTED_EDGE('',*,*,#2658,.T.);
#3491=ORIENTED_EDGE('',*,*,#2649,.T.);
#3492=ORIENTED_EDGE('',*,*,#2659,.T.);
#3493=ORIENTED_EDGE('',*,*,#2660,.F.);
#3494=ORIENTED_EDGE('',*,*,#2661,.T.);
#3495=ORIENTED_EDGE('',*,*,#2653,.T.);
#3496=ORIENTED_EDGE('',*,*,#2662,.T.);
#3497=ORIENTED_EDGE('',*,*,#2663,.F.);
#3498=ORIENTED_EDGE('',*,*,#2654,.T.);
#3499=ORIENTED_EDGE('',*,*,#2664,.F.);
#3500=ORIENTED_EDGE('',*,*,#2604,.F.);
#3501=ORIENTED_EDGE('',*,*,#2665,.F.);
#3502=ORIENTED_EDGE('',*,*,#2657,.T.);
#3503=ORIENTED_EDGE('',*,*,#2666,.F.);
#3504=ORIENTED_EDGE('',*,*,#2608,.F.);
#3505=ORIENTED_EDGE('',*,*,#2667,.F.);
#3506=ORIENTED_EDGE('',*,*,#2660,.T.);
#3507=ORIENTED_EDGE('',*,*,#2668,.F.);
#3508=ORIENTED_EDGE('',*,*,#2612,.F.);
#3509=ORIENTED_EDGE('',*,*,#2669,.F.);
#3510=ORIENTED_EDGE('',*,*,#2670,.F.);
#3511=ORIENTED_EDGE('',*,*,#2434,.T.);
#3512=ORIENTED_EDGE('',*,*,#2431,.T.);
#3513=ORIENTED_EDGE('',*,*,#2671,.T.);
#3514=ORIENTED_EDGE('',*,*,#2445,.T.);
#3515=ORIENTED_EDGE('',*,*,#2442,.T.);
#3516=ORIENTED_EDGE('',*,*,#2672,.F.);
#3517=ORIENTED_EDGE('',*,*,#2673,.F.);
#3518=ORIENTED_EDGE('',*,*,#2674,.F.);
#3519=ORIENTED_EDGE('',*,*,#2496,.T.);
#3520=ORIENTED_EDGE('',*,*,#2493,.T.);
#3521=ORIENTED_EDGE('',*,*,#2675,.T.);
#3522=ORIENTED_EDGE('',*,*,#2507,.T.);
#3523=ORIENTED_EDGE('',*,*,#2504,.T.);
#3524=ORIENTED_EDGE('',*,*,#2676,.F.);
#3525=ORIENTED_EDGE('',*,*,#2677,.F.);
#3526=ORIENTED_EDGE('',*,*,#2678,.F.);
#3527=ORIENTED_EDGE('',*,*,#2558,.T.);
#3528=ORIENTED_EDGE('',*,*,#2555,.T.);
#3529=ORIENTED_EDGE('',*,*,#2679,.T.);
#3530=ORIENTED_EDGE('',*,*,#2569,.T.);
#3531=ORIENTED_EDGE('',*,*,#2566,.T.);
#3532=ORIENTED_EDGE('',*,*,#2680,.F.);
#3533=ORIENTED_EDGE('',*,*,#2681,.F.);
#3534=ORIENTED_EDGE('',*,*,#2672,.T.);
#3535=ORIENTED_EDGE('',*,*,#2682,.T.);
#3536=ORIENTED_EDGE('',*,*,#2670,.T.);
#3537=ORIENTED_EDGE('',*,*,#2683,.F.);
#3538=ORIENTED_EDGE('',*,*,#2684,.F.);
#3539=ORIENTED_EDGE('',*,*,#2685,.F.);
#3540=ORIENTED_EDGE('',*,*,#2676,.T.);
#3541=ORIENTED_EDGE('',*,*,#2686,.T.);
#3542=ORIENTED_EDGE('',*,*,#2674,.T.);
#3543=ORIENTED_EDGE('',*,*,#2687,.F.);
#3544=ORIENTED_EDGE('',*,*,#2688,.F.);
#3545=ORIENTED_EDGE('',*,*,#2689,.F.);
#3546=ORIENTED_EDGE('',*,*,#2680,.T.);
#3547=ORIENTED_EDGE('',*,*,#2690,.T.);
#3548=ORIENTED_EDGE('',*,*,#2678,.T.);
#3549=ORIENTED_EDGE('',*,*,#2691,.F.);
#3550=ORIENTED_EDGE('',*,*,#2692,.F.);
#3551=ORIENTED_EDGE('',*,*,#2693,.F.);
#3552=ORIENTED_EDGE('',*,*,#2684,.T.);
#3553=ORIENTED_EDGE('',*,*,#2694,.F.);
#3554=ORIENTED_EDGE('',*,*,#2695,.F.);
#3555=ORIENTED_EDGE('',*,*,#2696,.F.);
#3556=ORIENTED_EDGE('',*,*,#2688,.T.);
#3557=ORIENTED_EDGE('',*,*,#2697,.F.);
#3558=ORIENTED_EDGE('',*,*,#2698,.F.);
#3559=ORIENTED_EDGE('',*,*,#2699,.F.);
#3560=ORIENTED_EDGE('',*,*,#2692,.T.);
#3561=ORIENTED_EDGE('',*,*,#2700,.F.);
#3562=ORIENTED_EDGE('',*,*,#2701,.F.);
#3563=ORIENTED_EDGE('',*,*,#2702,.F.);
#3564=ORIENTED_EDGE('',*,*,#2695,.T.);
#3565=ORIENTED_EDGE('',*,*,#2703,.F.);
#3566=ORIENTED_EDGE('',*,*,#2704,.F.);
#3567=ORIENTED_EDGE('',*,*,#2705,.F.);
#3568=ORIENTED_EDGE('',*,*,#2698,.T.);
#3569=ORIENTED_EDGE('',*,*,#2706,.F.);
#3570=ORIENTED_EDGE('',*,*,#2707,.F.);
#3571=ORIENTED_EDGE('',*,*,#2708,.F.);
#3572=ORIENTED_EDGE('',*,*,#2701,.T.);
#3573=ORIENTED_EDGE('',*,*,#2709,.F.);
#3574=ORIENTED_EDGE('',*,*,#2710,.F.);
#3575=ORIENTED_EDGE('',*,*,#2711,.F.);
#3576=ORIENTED_EDGE('',*,*,#2704,.T.);
#3577=ORIENTED_EDGE('',*,*,#2712,.F.);
#3578=ORIENTED_EDGE('',*,*,#2713,.F.);
#3579=ORIENTED_EDGE('',*,*,#2714,.F.);
#3580=ORIENTED_EDGE('',*,*,#2707,.T.);
#3581=ORIENTED_EDGE('',*,*,#2715,.F.);
#3582=ORIENTED_EDGE('',*,*,#2716,.F.);
#3583=ORIENTED_EDGE('',*,*,#2717,.F.);
#3584=ORIENTED_EDGE('',*,*,#2710,.T.);
#3585=ORIENTED_EDGE('',*,*,#2718,.F.);
#3586=ORIENTED_EDGE('',*,*,#2719,.F.);
#3587=ORIENTED_EDGE('',*,*,#2720,.F.);
#3588=ORIENTED_EDGE('',*,*,#2713,.T.);
#3589=ORIENTED_EDGE('',*,*,#2721,.F.);
#3590=ORIENTED_EDGE('',*,*,#2722,.F.);
#3591=ORIENTED_EDGE('',*,*,#2723,.F.);
#3592=ORIENTED_EDGE('',*,*,#2716,.T.);
#3593=ORIENTED_EDGE('',*,*,#2724,.F.);
#3594=ORIENTED_EDGE('',*,*,#2725,.F.);
#3595=ORIENTED_EDGE('',*,*,#2726,.F.);
#3596=ORIENTED_EDGE('',*,*,#2719,.T.);
#3597=ORIENTED_EDGE('',*,*,#2727,.F.);
#3598=ORIENTED_EDGE('',*,*,#2728,.F.);
#3599=ORIENTED_EDGE('',*,*,#2729,.F.);
#3600=ORIENTED_EDGE('',*,*,#2730,.T.);
#3601=ORIENTED_EDGE('',*,*,#2722,.T.);
#3602=ORIENTED_EDGE('',*,*,#2731,.T.);
#3603=ORIENTED_EDGE('',*,*,#2732,.F.);
#3604=ORIENTED_EDGE('',*,*,#2733,.T.);
#3605=ORIENTED_EDGE('',*,*,#2725,.T.);
#3606=ORIENTED_EDGE('',*,*,#2734,.T.);
#3607=ORIENTED_EDGE('',*,*,#2735,.F.);
#3608=ORIENTED_EDGE('',*,*,#2736,.T.);
#3609=ORIENTED_EDGE('',*,*,#2728,.T.);
#3610=ORIENTED_EDGE('',*,*,#2737,.T.);
#3611=ORIENTED_EDGE('',*,*,#2738,.F.);
#3612=ORIENTED_EDGE('',*,*,#2729,.T.);
#3613=ORIENTED_EDGE('',*,*,#2739,.F.);
#3614=ORIENTED_EDGE('',*,*,#2740,.F.);
#3615=ORIENTED_EDGE('',*,*,#2741,.F.);
#3616=ORIENTED_EDGE('',*,*,#2732,.T.);
#3617=ORIENTED_EDGE('',*,*,#2742,.F.);
#3618=ORIENTED_EDGE('',*,*,#2743,.F.);
#3619=ORIENTED_EDGE('',*,*,#2744,.F.);
#3620=ORIENTED_EDGE('',*,*,#2735,.T.);
#3621=ORIENTED_EDGE('',*,*,#2745,.F.);
#3622=ORIENTED_EDGE('',*,*,#2746,.F.);
#3623=ORIENTED_EDGE('',*,*,#2682,.F.);
#3624=ORIENTED_EDGE('',*,*,#2441,.T.);
#3625=ORIENTED_EDGE('',*,*,#2438,.T.);
#3626=ORIENTED_EDGE('',*,*,#2435,.T.);
#3627=ORIENTED_EDGE('',*,*,#2686,.F.);
#3628=ORIENTED_EDGE('',*,*,#2503,.T.);
#3629=ORIENTED_EDGE('',*,*,#2500,.T.);
#3630=ORIENTED_EDGE('',*,*,#2497,.T.);
#3631=ORIENTED_EDGE('',*,*,#2690,.F.);
#3632=ORIENTED_EDGE('',*,*,#2565,.T.);
#3633=ORIENTED_EDGE('',*,*,#2562,.T.);
#3634=ORIENTED_EDGE('',*,*,#2559,.T.);
#3635=ORIENTED_EDGE('',*,*,#2641,.F.);
#3636=ORIENTED_EDGE('',*,*,#2542,.T.);
#3637=ORIENTED_EDGE('',*,*,#2539,.T.);
#3638=ORIENTED_EDGE('',*,*,#2536,.T.);
#3639=ORIENTED_EDGE('',*,*,#2638,.F.);
#3640=ORIENTED_EDGE('',*,*,#2480,.T.);
#3641=ORIENTED_EDGE('',*,*,#2477,.T.);
#3642=ORIENTED_EDGE('',*,*,#2474,.T.);
#3643=ORIENTED_EDGE('',*,*,#2635,.F.);
#3644=ORIENTED_EDGE('',*,*,#2418,.T.);
#3645=ORIENTED_EDGE('',*,*,#2415,.T.);
#3646=ORIENTED_EDGE('',*,*,#2412,.T.);
#3647=ORIENTED_EDGE('',*,*,#2390,.F.);
#3648=ORIENTED_EDGE('',*,*,#2396,.F.);
#3649=ORIENTED_EDGE('',*,*,#2394,.F.);
#3650=ORIENTED_EDGE('',*,*,#2398,.F.);
#3651=ORIENTED_EDGE('',*,*,#2401,.T.);
#3652=ORIENTED_EDGE('',*,*,#2576,.T.);
#3653=ORIENTED_EDGE('',*,*,#2423,.T.);
#3654=ORIENTED_EDGE('',*,*,#2747,.F.);
#3655=ORIENTED_EDGE('',*,*,#2643,.F.);
#3656=ORIENTED_EDGE('',*,*,#2748,.T.);
#3657=ORIENTED_EDGE('',*,*,#2407,.T.);
#3658=ORIENTED_EDGE('',*,*,#2404,.T.);
#3659=ORIENTED_EDGE('',*,*,#2463,.T.);
#3660=ORIENTED_EDGE('',*,*,#2582,.T.);
#3661=ORIENTED_EDGE('',*,*,#2485,.T.);
#3662=ORIENTED_EDGE('',*,*,#2749,.F.);
#3663=ORIENTED_EDGE('',*,*,#2647,.F.);
#3664=ORIENTED_EDGE('',*,*,#2750,.T.);
#3665=ORIENTED_EDGE('',*,*,#2469,.T.);
#3666=ORIENTED_EDGE('',*,*,#2466,.T.);
#3667=ORIENTED_EDGE('',*,*,#2525,.T.);
#3668=ORIENTED_EDGE('',*,*,#2588,.T.);
#3669=ORIENTED_EDGE('',*,*,#2547,.T.);
#3670=ORIENTED_EDGE('',*,*,#2751,.F.);
#3671=ORIENTED_EDGE('',*,*,#2651,.F.);
#3672=ORIENTED_EDGE('',*,*,#2752,.T.);
#3673=ORIENTED_EDGE('',*,*,#2531,.T.);
#3674=ORIENTED_EDGE('',*,*,#2528,.T.);
#3675=ORIENTED_EDGE('',*,*,#2515,.T.);
#3676=ORIENTED_EDGE('',*,*,#2586,.T.);
#3677=ORIENTED_EDGE('',*,*,#2521,.T.);
#3678=ORIENTED_EDGE('',*,*,#2518,.T.);
#3679=ORIENTED_EDGE('',*,*,#2453,.T.);
#3680=ORIENTED_EDGE('',*,*,#2580,.T.);
#3681=ORIENTED_EDGE('',*,*,#2459,.T.);
#3682=ORIENTED_EDGE('',*,*,#2456,.T.);
#3683=ORIENTED_EDGE('',*,*,#2578,.T.);
#3684=ORIENTED_EDGE('',*,*,#2449,.T.);
#3685=ORIENTED_EDGE('',*,*,#2446,.T.);
#3686=ORIENTED_EDGE('',*,*,#2753,.T.);
#3687=ORIENTED_EDGE('',*,*,#2740,.T.);
#3688=ORIENTED_EDGE('',*,*,#2754,.F.);
#3689=ORIENTED_EDGE('',*,*,#2430,.T.);
#3690=ORIENTED_EDGE('',*,*,#2427,.T.);
#3691=ORIENTED_EDGE('',*,*,#2584,.T.);
#3692=ORIENTED_EDGE('',*,*,#2511,.T.);
#3693=ORIENTED_EDGE('',*,*,#2508,.T.);
#3694=ORIENTED_EDGE('',*,*,#2755,.T.);
#3695=ORIENTED_EDGE('',*,*,#2743,.T.);
#3696=ORIENTED_EDGE('',*,*,#2756,.F.);
#3697=ORIENTED_EDGE('',*,*,#2492,.T.);
#3698=ORIENTED_EDGE('',*,*,#2489,.T.);
#3699=ORIENTED_EDGE('',*,*,#2590,.T.);
#3700=ORIENTED_EDGE('',*,*,#2573,.T.);
#3701=ORIENTED_EDGE('',*,*,#2570,.T.);
#3702=ORIENTED_EDGE('',*,*,#2757,.T.);
#3703=ORIENTED_EDGE('',*,*,#2746,.T.);
#3704=ORIENTED_EDGE('',*,*,#2758,.F.);
#3705=ORIENTED_EDGE('',*,*,#2554,.T.);
#3706=ORIENTED_EDGE('',*,*,#2551,.T.);
#3707=ORIENTED_EDGE('',*,*,#2691,.T.);
#3708=ORIENTED_EDGE('',*,*,#2677,.T.);
#3709=ORIENTED_EDGE('',*,*,#2758,.T.);
#3710=ORIENTED_EDGE('',*,*,#2745,.T.);
#3711=ORIENTED_EDGE('',*,*,#2737,.F.);
#3712=ORIENTED_EDGE('',*,*,#2727,.T.);
#3713=ORIENTED_EDGE('',*,*,#2718,.T.);
#3714=ORIENTED_EDGE('',*,*,#2709,.T.);
#3715=ORIENTED_EDGE('',*,*,#2700,.T.);
#3716=ORIENTED_EDGE('',*,*,#2689,.T.);
#3717=ORIENTED_EDGE('',*,*,#2699,.T.);
#3718=ORIENTED_EDGE('',*,*,#2708,.T.);
#3719=ORIENTED_EDGE('',*,*,#2717,.T.);
#3720=ORIENTED_EDGE('',*,*,#2726,.T.);
#3721=ORIENTED_EDGE('',*,*,#2736,.F.);
#3722=ORIENTED_EDGE('',*,*,#2744,.T.);
#3723=ORIENTED_EDGE('',*,*,#2757,.F.);
#3724=ORIENTED_EDGE('',*,*,#2679,.F.);
#3725=ORIENTED_EDGE('',*,*,#2687,.T.);
#3726=ORIENTED_EDGE('',*,*,#2673,.T.);
#3727=ORIENTED_EDGE('',*,*,#2756,.T.);
#3728=ORIENTED_EDGE('',*,*,#2742,.T.);
#3729=ORIENTED_EDGE('',*,*,#2734,.F.);
#3730=ORIENTED_EDGE('',*,*,#2724,.T.);
#3731=ORIENTED_EDGE('',*,*,#2715,.T.);
#3732=ORIENTED_EDGE('',*,*,#2706,.T.);
#3733=ORIENTED_EDGE('',*,*,#2697,.T.);
#3734=ORIENTED_EDGE('',*,*,#2685,.T.);
#3735=ORIENTED_EDGE('',*,*,#2696,.T.);
#3736=ORIENTED_EDGE('',*,*,#2705,.T.);
#3737=ORIENTED_EDGE('',*,*,#2714,.T.);
#3738=ORIENTED_EDGE('',*,*,#2723,.T.);
#3739=ORIENTED_EDGE('',*,*,#2733,.F.);
#3740=ORIENTED_EDGE('',*,*,#2741,.T.);
#3741=ORIENTED_EDGE('',*,*,#2755,.F.);
#3742=ORIENTED_EDGE('',*,*,#2675,.F.);
#3743=ORIENTED_EDGE('',*,*,#2683,.T.);
#3744=ORIENTED_EDGE('',*,*,#2669,.T.);
#3745=ORIENTED_EDGE('',*,*,#2754,.T.);
#3746=ORIENTED_EDGE('',*,*,#2739,.T.);
#3747=ORIENTED_EDGE('',*,*,#2731,.F.);
#3748=ORIENTED_EDGE('',*,*,#2721,.T.);
#3749=ORIENTED_EDGE('',*,*,#2712,.T.);
#3750=ORIENTED_EDGE('',*,*,#2703,.T.);
#3751=ORIENTED_EDGE('',*,*,#2694,.T.);
#3752=ORIENTED_EDGE('',*,*,#2681,.T.);
#3753=ORIENTED_EDGE('',*,*,#2693,.T.);
#3754=ORIENTED_EDGE('',*,*,#2702,.T.);
#3755=ORIENTED_EDGE('',*,*,#2711,.T.);
#3756=ORIENTED_EDGE('',*,*,#2720,.T.);
#3757=ORIENTED_EDGE('',*,*,#2730,.F.);
#3758=ORIENTED_EDGE('',*,*,#2738,.T.);
#3759=ORIENTED_EDGE('',*,*,#2753,.F.);
#3760=ORIENTED_EDGE('',*,*,#2671,.F.);
#3761=ORIENTED_EDGE('',*,*,#2640,.T.);
#3762=ORIENTED_EDGE('',*,*,#2631,.T.);
#3763=ORIENTED_EDGE('',*,*,#2622,.T.);
#3764=ORIENTED_EDGE('',*,*,#2613,.T.);
#3765=ORIENTED_EDGE('',*,*,#2668,.T.);
#3766=ORIENTED_EDGE('',*,*,#2662,.F.);
#3767=ORIENTED_EDGE('',*,*,#2652,.T.);
#3768=ORIENTED_EDGE('',*,*,#2751,.T.);
#3769=ORIENTED_EDGE('',*,*,#2601,.T.);
#3770=ORIENTED_EDGE('',*,*,#2637,.T.);
#3771=ORIENTED_EDGE('',*,*,#2628,.T.);
#3772=ORIENTED_EDGE('',*,*,#2619,.T.);
#3773=ORIENTED_EDGE('',*,*,#2609,.T.);
#3774=ORIENTED_EDGE('',*,*,#2666,.T.);
#3775=ORIENTED_EDGE('',*,*,#2659,.F.);
#3776=ORIENTED_EDGE('',*,*,#2648,.T.);
#3777=ORIENTED_EDGE('',*,*,#2749,.T.);
#3778=ORIENTED_EDGE('',*,*,#2599,.T.);
#3779=ORIENTED_EDGE('',*,*,#2639,.T.);
#3780=ORIENTED_EDGE('',*,*,#2595,.F.);
#3781=ORIENTED_EDGE('',*,*,#2752,.F.);
#3782=ORIENTED_EDGE('',*,*,#2650,.T.);
#3783=ORIENTED_EDGE('',*,*,#2661,.F.);
#3784=ORIENTED_EDGE('',*,*,#2667,.T.);
#3785=ORIENTED_EDGE('',*,*,#2611,.T.);
#3786=ORIENTED_EDGE('',*,*,#2621,.T.);
#3787=ORIENTED_EDGE('',*,*,#2630,.T.);
#3788=ORIENTED_EDGE('',*,*,#2634,.T.);
#3789=ORIENTED_EDGE('',*,*,#2625,.T.);
#3790=ORIENTED_EDGE('',*,*,#2616,.T.);
#3791=ORIENTED_EDGE('',*,*,#2605,.T.);
#3792=ORIENTED_EDGE('',*,*,#2664,.T.);
#3793=ORIENTED_EDGE('',*,*,#2656,.F.);
#3794=ORIENTED_EDGE('',*,*,#2644,.T.);
#3795=ORIENTED_EDGE('',*,*,#2747,.T.);
#3796=ORIENTED_EDGE('',*,*,#2597,.T.);
#3797=ORIENTED_EDGE('',*,*,#2636,.T.);
#3798=ORIENTED_EDGE('',*,*,#2593,.F.);
#3799=ORIENTED_EDGE('',*,*,#2750,.F.);
#3800=ORIENTED_EDGE('',*,*,#2646,.T.);
#3801=ORIENTED_EDGE('',*,*,#2658,.F.);
#3802=ORIENTED_EDGE('',*,*,#2665,.T.);
#3803=ORIENTED_EDGE('',*,*,#2607,.T.);
#3804=ORIENTED_EDGE('',*,*,#2618,.T.);
#3805=ORIENTED_EDGE('',*,*,#2627,.T.);
#3806=ORIENTED_EDGE('',*,*,#2633,.T.);
#3807=ORIENTED_EDGE('',*,*,#2591,.F.);
#3808=ORIENTED_EDGE('',*,*,#2748,.F.);
#3809=ORIENTED_EDGE('',*,*,#2642,.T.);
#3810=ORIENTED_EDGE('',*,*,#2655,.F.);
#3811=ORIENTED_EDGE('',*,*,#2663,.T.);
#3812=ORIENTED_EDGE('',*,*,#2603,.T.);
#3813=ORIENTED_EDGE('',*,*,#2615,.T.);
#3814=ORIENTED_EDGE('',*,*,#2624,.T.);
#3815=ORIENTED_EDGE('',*,*,#2388,.F.);
#3816=ORIENTED_EDGE('',*,*,#2397,.F.);
#3817=ORIENTED_EDGE('',*,*,#2392,.F.);
#3818=ORIENTED_EDGE('',*,*,#2395,.F.);
#3819=ORIENTED_EDGE('',*,*,#2425,.T.);
#3820=ORIENTED_EDGE('',*,*,#2429,.T.);
#3821=ORIENTED_EDGE('',*,*,#2433,.T.);
#3822=ORIENTED_EDGE('',*,*,#2437,.T.);
#3823=ORIENTED_EDGE('',*,*,#2440,.T.);
#3824=ORIENTED_EDGE('',*,*,#2444,.T.);
#3825=ORIENTED_EDGE('',*,*,#2448,.T.);
#3826=ORIENTED_EDGE('',*,*,#2577,.T.);
#3827=ORIENTED_EDGE('',*,*,#2461,.T.);
#3828=ORIENTED_EDGE('',*,*,#2465,.T.);
#3829=ORIENTED_EDGE('',*,*,#2468,.T.);
#3830=ORIENTED_EDGE('',*,*,#2472,.T.);
#3831=ORIENTED_EDGE('',*,*,#2476,.T.);
#3832=ORIENTED_EDGE('',*,*,#2479,.T.);
#3833=ORIENTED_EDGE('',*,*,#2483,.T.);
#3834=ORIENTED_EDGE('',*,*,#2581,.T.);
#3835=ORIENTED_EDGE('',*,*,#2513,.T.);
#3836=ORIENTED_EDGE('',*,*,#2517,.T.);
#3837=ORIENTED_EDGE('',*,*,#2520,.T.);
#3838=ORIENTED_EDGE('',*,*,#2585,.T.);
#3839=ORIENTED_EDGE('',*,*,#2549,.T.);
#3840=ORIENTED_EDGE('',*,*,#2553,.T.);
#3841=ORIENTED_EDGE('',*,*,#2557,.T.);
#3842=ORIENTED_EDGE('',*,*,#2561,.T.);
#3843=ORIENTED_EDGE('',*,*,#2564,.T.);
#3844=ORIENTED_EDGE('',*,*,#2568,.T.);
#3845=ORIENTED_EDGE('',*,*,#2572,.T.);
#3846=ORIENTED_EDGE('',*,*,#2589,.T.);
#3847=ORIENTED_EDGE('',*,*,#2523,.T.);
#3848=ORIENTED_EDGE('',*,*,#2527,.T.);
#3849=ORIENTED_EDGE('',*,*,#2530,.T.);
#3850=ORIENTED_EDGE('',*,*,#2534,.T.);
#3851=ORIENTED_EDGE('',*,*,#2538,.T.);
#3852=ORIENTED_EDGE('',*,*,#2541,.T.);
#3853=ORIENTED_EDGE('',*,*,#2545,.T.);
#3854=ORIENTED_EDGE('',*,*,#2587,.T.);
#3855=ORIENTED_EDGE('',*,*,#2487,.T.);
#3856=ORIENTED_EDGE('',*,*,#2491,.T.);
#3857=ORIENTED_EDGE('',*,*,#2495,.T.);
#3858=ORIENTED_EDGE('',*,*,#2499,.T.);
#3859=ORIENTED_EDGE('',*,*,#2502,.T.);
#3860=ORIENTED_EDGE('',*,*,#2506,.T.);
#3861=ORIENTED_EDGE('',*,*,#2510,.T.);
#3862=ORIENTED_EDGE('',*,*,#2583,.T.);
#3863=ORIENTED_EDGE('',*,*,#2451,.T.);
#3864=ORIENTED_EDGE('',*,*,#2455,.T.);
#3865=ORIENTED_EDGE('',*,*,#2458,.T.);
#3866=ORIENTED_EDGE('',*,*,#2579,.T.);
#3867=ORIENTED_EDGE('',*,*,#2399,.T.);
#3868=ORIENTED_EDGE('',*,*,#2403,.T.);
#3869=ORIENTED_EDGE('',*,*,#2406,.T.);
#3870=ORIENTED_EDGE('',*,*,#2410,.T.);
#3871=ORIENTED_EDGE('',*,*,#2414,.T.);
#3872=ORIENTED_EDGE('',*,*,#2417,.T.);
#3873=ORIENTED_EDGE('',*,*,#2421,.T.);
#3874=ORIENTED_EDGE('',*,*,#2575,.T.);
#3875=ORIENTED_EDGE('',*,*,#2759,.F.);
#3876=ORIENTED_EDGE('',*,*,#2760,.T.);
#3877=ORIENTED_EDGE('',*,*,#2761,.T.);
#3878=ORIENTED_EDGE('',*,*,#2762,.F.);
#3879=ORIENTED_EDGE('',*,*,#2763,.F.);
#3880=ORIENTED_EDGE('',*,*,#2764,.T.);
#3881=ORIENTED_EDGE('',*,*,#2765,.T.);
#3882=ORIENTED_EDGE('',*,*,#2766,.F.);
#3883=ORIENTED_EDGE('',*,*,#2765,.F.);
#3884=ORIENTED_EDGE('',*,*,#2767,.T.);
#3885=ORIENTED_EDGE('',*,*,#2759,.T.);
#3886=ORIENTED_EDGE('',*,*,#2768,.F.);
#3887=ORIENTED_EDGE('',*,*,#2761,.F.);
#3888=ORIENTED_EDGE('',*,*,#2769,.T.);
#3889=ORIENTED_EDGE('',*,*,#2763,.T.);
#3890=ORIENTED_EDGE('',*,*,#2770,.F.);
#3891=ORIENTED_EDGE('',*,*,#2771,.F.);
#3892=ORIENTED_EDGE('',*,*,#2772,.T.);
#3893=ORIENTED_EDGE('',*,*,#2773,.T.);
#3894=ORIENTED_EDGE('',*,*,#2774,.F.);
#3895=ORIENTED_EDGE('',*,*,#2775,.F.);
#3896=ORIENTED_EDGE('',*,*,#2776,.T.);
#3897=ORIENTED_EDGE('',*,*,#2777,.T.);
#3898=ORIENTED_EDGE('',*,*,#2772,.F.);
#3899=ORIENTED_EDGE('',*,*,#2778,.F.);
#3900=ORIENTED_EDGE('',*,*,#2779,.T.);
#3901=ORIENTED_EDGE('',*,*,#2780,.T.);
#3902=ORIENTED_EDGE('',*,*,#2776,.F.);
#3903=ORIENTED_EDGE('',*,*,#2781,.F.);
#3904=ORIENTED_EDGE('',*,*,#2782,.T.);
#3905=ORIENTED_EDGE('',*,*,#2783,.T.);
#3906=ORIENTED_EDGE('',*,*,#2779,.F.);
#3907=ORIENTED_EDGE('',*,*,#2784,.F.);
#3908=ORIENTED_EDGE('',*,*,#2785,.T.);
#3909=ORIENTED_EDGE('',*,*,#2786,.T.);
#3910=ORIENTED_EDGE('',*,*,#2782,.F.);
#3911=ORIENTED_EDGE('',*,*,#2787,.F.);
#3912=ORIENTED_EDGE('',*,*,#2788,.T.);
#3913=ORIENTED_EDGE('',*,*,#2789,.T.);
#3914=ORIENTED_EDGE('',*,*,#2785,.F.);
#3915=ORIENTED_EDGE('',*,*,#2790,.F.);
#3916=ORIENTED_EDGE('',*,*,#2791,.T.);
#3917=ORIENTED_EDGE('',*,*,#2792,.T.);
#3918=ORIENTED_EDGE('',*,*,#2788,.F.);
#3919=ORIENTED_EDGE('',*,*,#2793,.F.);
#3920=ORIENTED_EDGE('',*,*,#2794,.T.);
#3921=ORIENTED_EDGE('',*,*,#2795,.T.);
#3922=ORIENTED_EDGE('',*,*,#2796,.F.);
#3923=ORIENTED_EDGE('',*,*,#2797,.F.);
#3924=ORIENTED_EDGE('',*,*,#2798,.T.);
#3925=ORIENTED_EDGE('',*,*,#2799,.T.);
#3926=ORIENTED_EDGE('',*,*,#2794,.F.);
#3927=ORIENTED_EDGE('',*,*,#2800,.F.);
#3928=ORIENTED_EDGE('',*,*,#2801,.T.);
#3929=ORIENTED_EDGE('',*,*,#2802,.T.);
#3930=ORIENTED_EDGE('',*,*,#2798,.F.);
#3931=ORIENTED_EDGE('',*,*,#2803,.F.);
#3932=ORIENTED_EDGE('',*,*,#2804,.T.);
#3933=ORIENTED_EDGE('',*,*,#2805,.T.);
#3934=ORIENTED_EDGE('',*,*,#2801,.F.);
#3935=ORIENTED_EDGE('',*,*,#2806,.F.);
#3936=ORIENTED_EDGE('',*,*,#2807,.T.);
#3937=ORIENTED_EDGE('',*,*,#2808,.T.);
#3938=ORIENTED_EDGE('',*,*,#2804,.F.);
#3939=ORIENTED_EDGE('',*,*,#2809,.F.);
#3940=ORIENTED_EDGE('',*,*,#2810,.T.);
#3941=ORIENTED_EDGE('',*,*,#2811,.T.);
#3942=ORIENTED_EDGE('',*,*,#2807,.F.);
#3943=ORIENTED_EDGE('',*,*,#2812,.F.);
#3944=ORIENTED_EDGE('',*,*,#2813,.T.);
#3945=ORIENTED_EDGE('',*,*,#2814,.T.);
#3946=ORIENTED_EDGE('',*,*,#2810,.F.);
#3947=ORIENTED_EDGE('',*,*,#2815,.F.);
#3948=ORIENTED_EDGE('',*,*,#2816,.T.);
#3949=ORIENTED_EDGE('',*,*,#2817,.T.);
#3950=ORIENTED_EDGE('',*,*,#2818,.F.);
#3951=ORIENTED_EDGE('',*,*,#2819,.F.);
#3952=ORIENTED_EDGE('',*,*,#2820,.T.);
#3953=ORIENTED_EDGE('',*,*,#2821,.T.);
#3954=ORIENTED_EDGE('',*,*,#2816,.F.);
#3955=ORIENTED_EDGE('',*,*,#2822,.F.);
#3956=ORIENTED_EDGE('',*,*,#2823,.T.);
#3957=ORIENTED_EDGE('',*,*,#2824,.T.);
#3958=ORIENTED_EDGE('',*,*,#2820,.F.);
#3959=ORIENTED_EDGE('',*,*,#2825,.F.);
#3960=ORIENTED_EDGE('',*,*,#2826,.T.);
#3961=ORIENTED_EDGE('',*,*,#2827,.T.);
#3962=ORIENTED_EDGE('',*,*,#2828,.F.);
#3963=ORIENTED_EDGE('',*,*,#2829,.F.);
#3964=ORIENTED_EDGE('',*,*,#2830,.T.);
#3965=ORIENTED_EDGE('',*,*,#2831,.T.);
#3966=ORIENTED_EDGE('',*,*,#2826,.F.);
#3967=ORIENTED_EDGE('',*,*,#2832,.F.);
#3968=ORIENTED_EDGE('',*,*,#2833,.T.);
#3969=ORIENTED_EDGE('',*,*,#2834,.T.);
#3970=ORIENTED_EDGE('',*,*,#2830,.F.);
#3971=ORIENTED_EDGE('',*,*,#2835,.F.);
#3972=ORIENTED_EDGE('',*,*,#2836,.T.);
#3973=ORIENTED_EDGE('',*,*,#2837,.T.);
#3974=ORIENTED_EDGE('',*,*,#2833,.F.);
#3975=ORIENTED_EDGE('',*,*,#2838,.F.);
#3976=ORIENTED_EDGE('',*,*,#2839,.T.);
#3977=ORIENTED_EDGE('',*,*,#2840,.T.);
#3978=ORIENTED_EDGE('',*,*,#2836,.F.);
#3979=ORIENTED_EDGE('',*,*,#2841,.F.);
#3980=ORIENTED_EDGE('',*,*,#2842,.T.);
#3981=ORIENTED_EDGE('',*,*,#2843,.T.);
#3982=ORIENTED_EDGE('',*,*,#2839,.F.);
#3983=ORIENTED_EDGE('',*,*,#2844,.F.);
#3984=ORIENTED_EDGE('',*,*,#2845,.T.);
#3985=ORIENTED_EDGE('',*,*,#2846,.T.);
#3986=ORIENTED_EDGE('',*,*,#2842,.F.);
#3987=ORIENTED_EDGE('',*,*,#2847,.F.);
#3988=ORIENTED_EDGE('',*,*,#2848,.T.);
#3989=ORIENTED_EDGE('',*,*,#2849,.T.);
#3990=ORIENTED_EDGE('',*,*,#2850,.F.);
#3991=ORIENTED_EDGE('',*,*,#2851,.F.);
#3992=ORIENTED_EDGE('',*,*,#2852,.T.);
#3993=ORIENTED_EDGE('',*,*,#2853,.T.);
#3994=ORIENTED_EDGE('',*,*,#2848,.F.);
#3995=ORIENTED_EDGE('',*,*,#2854,.F.);
#3996=ORIENTED_EDGE('',*,*,#2855,.T.);
#3997=ORIENTED_EDGE('',*,*,#2856,.T.);
#3998=ORIENTED_EDGE('',*,*,#2852,.F.);
#3999=ORIENTED_EDGE('',*,*,#2857,.F.);
#4000=ORIENTED_EDGE('',*,*,#2858,.T.);
#4001=ORIENTED_EDGE('',*,*,#2859,.T.);
#4002=ORIENTED_EDGE('',*,*,#2855,.F.);
#4003=ORIENTED_EDGE('',*,*,#2860,.F.);
#4004=ORIENTED_EDGE('',*,*,#2861,.T.);
#4005=ORIENTED_EDGE('',*,*,#2862,.T.);
#4006=ORIENTED_EDGE('',*,*,#2858,.F.);
#4007=ORIENTED_EDGE('',*,*,#2863,.F.);
#4008=ORIENTED_EDGE('',*,*,#2864,.T.);
#4009=ORIENTED_EDGE('',*,*,#2865,.T.);
#4010=ORIENTED_EDGE('',*,*,#2861,.F.);
#4011=ORIENTED_EDGE('',*,*,#2866,.F.);
#4012=ORIENTED_EDGE('',*,*,#2867,.T.);
#4013=ORIENTED_EDGE('',*,*,#2868,.T.);
#4014=ORIENTED_EDGE('',*,*,#2864,.F.);
#4015=ORIENTED_EDGE('',*,*,#2869,.F.);
#4016=ORIENTED_EDGE('',*,*,#2870,.T.);
#4017=ORIENTED_EDGE('',*,*,#2871,.T.);
#4018=ORIENTED_EDGE('',*,*,#2872,.F.);
#4019=ORIENTED_EDGE('',*,*,#2873,.F.);
#4020=ORIENTED_EDGE('',*,*,#2874,.T.);
#4021=ORIENTED_EDGE('',*,*,#2875,.T.);
#4022=ORIENTED_EDGE('',*,*,#2870,.F.);
#4023=ORIENTED_EDGE('',*,*,#2876,.F.);
#4024=ORIENTED_EDGE('',*,*,#2877,.T.);
#4025=ORIENTED_EDGE('',*,*,#2878,.T.);
#4026=ORIENTED_EDGE('',*,*,#2874,.F.);
#4027=ORIENTED_EDGE('',*,*,#2879,.F.);
#4028=ORIENTED_EDGE('',*,*,#2880,.T.);
#4029=ORIENTED_EDGE('',*,*,#2881,.T.);
#4030=ORIENTED_EDGE('',*,*,#2882,.F.);
#4031=ORIENTED_EDGE('',*,*,#2883,.F.);
#4032=ORIENTED_EDGE('',*,*,#2884,.T.);
#4033=ORIENTED_EDGE('',*,*,#2885,.T.);
#4034=ORIENTED_EDGE('',*,*,#2880,.F.);
#4035=ORIENTED_EDGE('',*,*,#2886,.F.);
#4036=ORIENTED_EDGE('',*,*,#2887,.T.);
#4037=ORIENTED_EDGE('',*,*,#2888,.T.);
#4038=ORIENTED_EDGE('',*,*,#2884,.F.);
#4039=ORIENTED_EDGE('',*,*,#2889,.F.);
#4040=ORIENTED_EDGE('',*,*,#2890,.T.);
#4041=ORIENTED_EDGE('',*,*,#2891,.T.);
#4042=ORIENTED_EDGE('',*,*,#2887,.F.);
#4043=ORIENTED_EDGE('',*,*,#2892,.F.);
#4044=ORIENTED_EDGE('',*,*,#2893,.T.);
#4045=ORIENTED_EDGE('',*,*,#2894,.T.);
#4046=ORIENTED_EDGE('',*,*,#2890,.F.);
#4047=ORIENTED_EDGE('',*,*,#2895,.F.);
#4048=ORIENTED_EDGE('',*,*,#2896,.T.);
#4049=ORIENTED_EDGE('',*,*,#2897,.T.);
#4050=ORIENTED_EDGE('',*,*,#2893,.F.);
#4051=ORIENTED_EDGE('',*,*,#2898,.F.);
#4052=ORIENTED_EDGE('',*,*,#2899,.T.);
#4053=ORIENTED_EDGE('',*,*,#2900,.T.);
#4054=ORIENTED_EDGE('',*,*,#2896,.F.);
#4055=ORIENTED_EDGE('',*,*,#2901,.F.);
#4056=ORIENTED_EDGE('',*,*,#2902,.T.);
#4057=ORIENTED_EDGE('',*,*,#2903,.T.);
#4058=ORIENTED_EDGE('',*,*,#2904,.F.);
#4059=ORIENTED_EDGE('',*,*,#2905,.F.);
#4060=ORIENTED_EDGE('',*,*,#2906,.T.);
#4061=ORIENTED_EDGE('',*,*,#2907,.T.);
#4062=ORIENTED_EDGE('',*,*,#2902,.F.);
#4063=ORIENTED_EDGE('',*,*,#2908,.F.);
#4064=ORIENTED_EDGE('',*,*,#2909,.T.);
#4065=ORIENTED_EDGE('',*,*,#2910,.T.);
#4066=ORIENTED_EDGE('',*,*,#2906,.F.);
#4067=ORIENTED_EDGE('',*,*,#2911,.F.);
#4068=ORIENTED_EDGE('',*,*,#2912,.T.);
#4069=ORIENTED_EDGE('',*,*,#2913,.T.);
#4070=ORIENTED_EDGE('',*,*,#2909,.F.);
#4071=ORIENTED_EDGE('',*,*,#2914,.F.);
#4072=ORIENTED_EDGE('',*,*,#2915,.T.);
#4073=ORIENTED_EDGE('',*,*,#2916,.T.);
#4074=ORIENTED_EDGE('',*,*,#2912,.F.);
#4075=ORIENTED_EDGE('',*,*,#2917,.F.);
#4076=ORIENTED_EDGE('',*,*,#2918,.T.);
#4077=ORIENTED_EDGE('',*,*,#2919,.T.);
#4078=ORIENTED_EDGE('',*,*,#2915,.F.);
#4079=ORIENTED_EDGE('',*,*,#2920,.F.);
#4080=ORIENTED_EDGE('',*,*,#2921,.T.);
#4081=ORIENTED_EDGE('',*,*,#2922,.T.);
#4082=ORIENTED_EDGE('',*,*,#2918,.F.);
#4083=ORIENTED_EDGE('',*,*,#2923,.F.);
#4084=ORIENTED_EDGE('',*,*,#2774,.T.);
#4085=ORIENTED_EDGE('',*,*,#2924,.T.);
#4086=ORIENTED_EDGE('',*,*,#2791,.F.);
#4087=ORIENTED_EDGE('',*,*,#2925,.F.);
#4088=ORIENTED_EDGE('',*,*,#2796,.T.);
#4089=ORIENTED_EDGE('',*,*,#2926,.T.);
#4090=ORIENTED_EDGE('',*,*,#2813,.F.);
#4091=ORIENTED_EDGE('',*,*,#2927,.F.);
#4092=ORIENTED_EDGE('',*,*,#2818,.T.);
#4093=ORIENTED_EDGE('',*,*,#2928,.T.);
#4094=ORIENTED_EDGE('',*,*,#2823,.F.);
#4095=ORIENTED_EDGE('',*,*,#2929,.F.);
#4096=ORIENTED_EDGE('',*,*,#2828,.T.);
#4097=ORIENTED_EDGE('',*,*,#2930,.T.);
#4098=ORIENTED_EDGE('',*,*,#2845,.F.);
#4099=ORIENTED_EDGE('',*,*,#2931,.F.);
#4100=ORIENTED_EDGE('',*,*,#2850,.T.);
#4101=ORIENTED_EDGE('',*,*,#2932,.T.);
#4102=ORIENTED_EDGE('',*,*,#2867,.F.);
#4103=ORIENTED_EDGE('',*,*,#2933,.F.);
#4104=ORIENTED_EDGE('',*,*,#2872,.T.);
#4105=ORIENTED_EDGE('',*,*,#2934,.T.);
#4106=ORIENTED_EDGE('',*,*,#2877,.F.);
#4107=ORIENTED_EDGE('',*,*,#2935,.F.);
#4108=ORIENTED_EDGE('',*,*,#2882,.T.);
#4109=ORIENTED_EDGE('',*,*,#2936,.T.);
#4110=ORIENTED_EDGE('',*,*,#2899,.F.);
#4111=ORIENTED_EDGE('',*,*,#2937,.F.);
#4112=ORIENTED_EDGE('',*,*,#2904,.T.);
#4113=ORIENTED_EDGE('',*,*,#2938,.T.);
#4114=ORIENTED_EDGE('',*,*,#2921,.F.);
#4115=ORIENTED_EDGE('',*,*,#2768,.T.);
#4116=ORIENTED_EDGE('',*,*,#2762,.T.);
#4117=ORIENTED_EDGE('',*,*,#2770,.T.);
#4118=ORIENTED_EDGE('',*,*,#2766,.T.);
#4119=ORIENTED_EDGE('',*,*,#2903,.F.);
#4120=ORIENTED_EDGE('',*,*,#2907,.F.);
#4121=ORIENTED_EDGE('',*,*,#2910,.F.);
#4122=ORIENTED_EDGE('',*,*,#2913,.F.);
#4123=ORIENTED_EDGE('',*,*,#2916,.F.);
#4124=ORIENTED_EDGE('',*,*,#2919,.F.);
#4125=ORIENTED_EDGE('',*,*,#2922,.F.);
#4126=ORIENTED_EDGE('',*,*,#2938,.F.);
#4127=ORIENTED_EDGE('',*,*,#2881,.F.);
#4128=ORIENTED_EDGE('',*,*,#2885,.F.);
#4129=ORIENTED_EDGE('',*,*,#2888,.F.);
#4130=ORIENTED_EDGE('',*,*,#2891,.F.);
#4131=ORIENTED_EDGE('',*,*,#2894,.F.);
#4132=ORIENTED_EDGE('',*,*,#2897,.F.);
#4133=ORIENTED_EDGE('',*,*,#2900,.F.);
#4134=ORIENTED_EDGE('',*,*,#2936,.F.);
#4135=ORIENTED_EDGE('',*,*,#2871,.F.);
#4136=ORIENTED_EDGE('',*,*,#2875,.F.);
#4137=ORIENTED_EDGE('',*,*,#2878,.F.);
#4138=ORIENTED_EDGE('',*,*,#2934,.F.);
#4139=ORIENTED_EDGE('',*,*,#2849,.F.);
#4140=ORIENTED_EDGE('',*,*,#2853,.F.);
#4141=ORIENTED_EDGE('',*,*,#2856,.F.);
#4142=ORIENTED_EDGE('',*,*,#2859,.F.);
#4143=ORIENTED_EDGE('',*,*,#2862,.F.);
#4144=ORIENTED_EDGE('',*,*,#2865,.F.);
#4145=ORIENTED_EDGE('',*,*,#2868,.F.);
#4146=ORIENTED_EDGE('',*,*,#2932,.F.);
#4147=ORIENTED_EDGE('',*,*,#2827,.F.);
#4148=ORIENTED_EDGE('',*,*,#2831,.F.);
#4149=ORIENTED_EDGE('',*,*,#2834,.F.);
#4150=ORIENTED_EDGE('',*,*,#2837,.F.);
#4151=ORIENTED_EDGE('',*,*,#2840,.F.);
#4152=ORIENTED_EDGE('',*,*,#2843,.F.);
#4153=ORIENTED_EDGE('',*,*,#2846,.F.);
#4154=ORIENTED_EDGE('',*,*,#2930,.F.);
#4155=ORIENTED_EDGE('',*,*,#2817,.F.);
#4156=ORIENTED_EDGE('',*,*,#2821,.F.);
#4157=ORIENTED_EDGE('',*,*,#2824,.F.);
#4158=ORIENTED_EDGE('',*,*,#2928,.F.);
#4159=ORIENTED_EDGE('',*,*,#2795,.F.);
#4160=ORIENTED_EDGE('',*,*,#2799,.F.);
#4161=ORIENTED_EDGE('',*,*,#2802,.F.);
#4162=ORIENTED_EDGE('',*,*,#2805,.F.);
#4163=ORIENTED_EDGE('',*,*,#2808,.F.);
#4164=ORIENTED_EDGE('',*,*,#2811,.F.);
#4165=ORIENTED_EDGE('',*,*,#2814,.F.);
#4166=ORIENTED_EDGE('',*,*,#2926,.F.);
#4167=ORIENTED_EDGE('',*,*,#2773,.F.);
#4168=ORIENTED_EDGE('',*,*,#2777,.F.);
#4169=ORIENTED_EDGE('',*,*,#2780,.F.);
#4170=ORIENTED_EDGE('',*,*,#2783,.F.);
#4171=ORIENTED_EDGE('',*,*,#2786,.F.);
#4172=ORIENTED_EDGE('',*,*,#2789,.F.);
#4173=ORIENTED_EDGE('',*,*,#2792,.F.);
#4174=ORIENTED_EDGE('',*,*,#2924,.F.);
#4175=ORIENTED_EDGE('',*,*,#2764,.F.);
#4176=ORIENTED_EDGE('',*,*,#2769,.F.);
#4177=ORIENTED_EDGE('',*,*,#2760,.F.);
#4178=ORIENTED_EDGE('',*,*,#2767,.F.);
#4179=ORIENTED_EDGE('',*,*,#2793,.T.);
#4180=ORIENTED_EDGE('',*,*,#2925,.T.);
#4181=ORIENTED_EDGE('',*,*,#2812,.T.);
#4182=ORIENTED_EDGE('',*,*,#2809,.T.);
#4183=ORIENTED_EDGE('',*,*,#2806,.T.);
#4184=ORIENTED_EDGE('',*,*,#2803,.T.);
#4185=ORIENTED_EDGE('',*,*,#2800,.T.);
#4186=ORIENTED_EDGE('',*,*,#2797,.T.);
#4187=ORIENTED_EDGE('',*,*,#2825,.T.);
#4188=ORIENTED_EDGE('',*,*,#2929,.T.);
#4189=ORIENTED_EDGE('',*,*,#2844,.T.);
#4190=ORIENTED_EDGE('',*,*,#2841,.T.);
#4191=ORIENTED_EDGE('',*,*,#2838,.T.);
#4192=ORIENTED_EDGE('',*,*,#2835,.T.);
#4193=ORIENTED_EDGE('',*,*,#2832,.T.);
#4194=ORIENTED_EDGE('',*,*,#2829,.T.);
#4195=ORIENTED_EDGE('',*,*,#2869,.T.);
#4196=ORIENTED_EDGE('',*,*,#2933,.T.);
#4197=ORIENTED_EDGE('',*,*,#2876,.T.);
#4198=ORIENTED_EDGE('',*,*,#2873,.T.);
#4199=ORIENTED_EDGE('',*,*,#2901,.T.);
#4200=ORIENTED_EDGE('',*,*,#2937,.T.);
#4201=ORIENTED_EDGE('',*,*,#2920,.T.);
#4202=ORIENTED_EDGE('',*,*,#2917,.T.);
#4203=ORIENTED_EDGE('',*,*,#2914,.T.);
#4204=ORIENTED_EDGE('',*,*,#2911,.T.);
#4205=ORIENTED_EDGE('',*,*,#2908,.T.);
#4206=ORIENTED_EDGE('',*,*,#2905,.T.);
#4207=ORIENTED_EDGE('',*,*,#2879,.T.);
#4208=ORIENTED_EDGE('',*,*,#2935,.T.);
#4209=ORIENTED_EDGE('',*,*,#2898,.T.);
#4210=ORIENTED_EDGE('',*,*,#2895,.T.);
#4211=ORIENTED_EDGE('',*,*,#2892,.T.);
#4212=ORIENTED_EDGE('',*,*,#2889,.T.);
#4213=ORIENTED_EDGE('',*,*,#2886,.T.);
#4214=ORIENTED_EDGE('',*,*,#2883,.T.);
#4215=ORIENTED_EDGE('',*,*,#2847,.T.);
#4216=ORIENTED_EDGE('',*,*,#2931,.T.);
#4217=ORIENTED_EDGE('',*,*,#2866,.T.);
#4218=ORIENTED_EDGE('',*,*,#2863,.T.);
#4219=ORIENTED_EDGE('',*,*,#2860,.T.);
#4220=ORIENTED_EDGE('',*,*,#2857,.T.);
#4221=ORIENTED_EDGE('',*,*,#2854,.T.);
#4222=ORIENTED_EDGE('',*,*,#2851,.T.);
#4223=ORIENTED_EDGE('',*,*,#2815,.T.);
#4224=ORIENTED_EDGE('',*,*,#2927,.T.);
#4225=ORIENTED_EDGE('',*,*,#2822,.T.);
#4226=ORIENTED_EDGE('',*,*,#2819,.T.);
#4227=ORIENTED_EDGE('',*,*,#2771,.T.);
#4228=ORIENTED_EDGE('',*,*,#2923,.T.);
#4229=ORIENTED_EDGE('',*,*,#2790,.T.);
#4230=ORIENTED_EDGE('',*,*,#2787,.T.);
#4231=ORIENTED_EDGE('',*,*,#2784,.T.);
#4232=ORIENTED_EDGE('',*,*,#2781,.T.);
#4233=ORIENTED_EDGE('',*,*,#2778,.T.);
#4234=ORIENTED_EDGE('',*,*,#2775,.T.);
#4235=PLANE('',#4722);
#4236=PLANE('',#4723);
#4237=PLANE('',#4724);
#4238=PLANE('',#4725);
#4239=PLANE('',#4726);
#4240=PLANE('',#4727);
#4241=PLANE('',#4728);
#4242=PLANE('',#4729);
#4243=PLANE('',#4730);
#4244=PLANE('',#4731);
#4245=PLANE('',#4732);
#4246=PLANE('',#4733);
#4247=PLANE('',#4734);
#4248=PLANE('',#4735);
#4249=PLANE('',#4736);
#4250=PLANE('',#4737);
#4251=PLANE('',#4738);
#4252=PLANE('',#4739);
#4253=PLANE('',#4740);
#4254=PLANE('',#4741);
#4255=PLANE('',#4742);
#4256=PLANE('',#4743);
#4257=PLANE('',#4744);
#4258=PLANE('',#4745);
#4259=PLANE('',#4746);
#4260=PLANE('',#4747);
#4261=PLANE('',#4748);
#4262=PLANE('',#4749);
#4263=PLANE('',#4750);
#4264=PLANE('',#4751);
#4265=PLANE('',#4752);
#4266=PLANE('',#4753);
#4267=PLANE('',#4754);
#4268=PLANE('',#4755);
#4269=PLANE('',#4757);
#4270=PLANE('',#4758);
#4271=PLANE('',#4759);
#4272=PLANE('',#4760);
#4273=PLANE('',#4761);
#4274=PLANE('',#4762);
#4275=PLANE('',#4763);
#4276=PLANE('',#4764);
#4277=PLANE('',#4765);
#4278=PLANE('',#4766);
#4279=PLANE('',#4767);
#4280=PLANE('',#4768);
#4281=PLANE('',#4769);
#4282=PLANE('',#4770);
#4283=PLANE('',#4771);
#4284=PLANE('',#4772);
#4285=PLANE('',#4773);
#4286=PLANE('',#4774);
#4287=PLANE('',#4775);
#4288=PLANE('',#4776);
#4289=PLANE('',#4777);
#4290=PLANE('',#4778);
#4291=PLANE('',#4779);
#4292=PLANE('',#4780);
#4293=PLANE('',#4781);
#4294=PLANE('',#4782);
#4295=PLANE('',#4783);
#4296=PLANE('',#4784);
#4297=PLANE('',#4785);
#4298=PLANE('',#4786);
#4299=PLANE('',#4787);
#4300=PLANE('',#4788);
#4301=PLANE('',#4789);
#4302=PLANE('',#4790);
#4303=PLANE('',#4791);
#4304=PLANE('',#4792);
#4305=PLANE('',#4793);
#4306=PLANE('',#4794);
#4307=PLANE('',#4795);
#4308=PLANE('',#4796);
#4309=PLANE('',#4797);
#4310=PLANE('',#4798);
#4311=PLANE('',#4799);
#4312=PLANE('',#4800);
#4313=PLANE('',#4801);
#4314=PLANE('',#4802);
#4315=PLANE('',#4803);
#4316=PLANE('',#4804);
#4317=PLANE('',#4805);
#4318=PLANE('',#4806);
#4319=PLANE('',#4807);
#4320=PLANE('',#4808);
#4321=PLANE('',#4809);
#4322=PLANE('',#4810);
#4323=PLANE('',#4811);
#4324=PLANE('',#4812);
#4325=PLANE('',#4813);
#4326=PLANE('',#4814);
#4327=PLANE('',#4815);
#4328=PLANE('',#4816);
#4329=PLANE('',#4817);
#4330=PLANE('',#4818);
#4331=PLANE('',#4819);
#4332=PLANE('',#4820);
#4333=PLANE('',#4821);
#4334=PLANE('',#4822);
#4335=PLANE('',#4823);
#4336=PLANE('',#4824);
#4337=PLANE('',#4825);
#4338=PLANE('',#4826);
#4339=PLANE('',#4827);
#4340=PLANE('',#4828);
#4341=PLANE('',#4838);
#4342=PLANE('',#4839);
#4343=PLANE('',#4840);
#4344=PLANE('',#4841);
#4345=PLANE('',#4842);
#4346=PLANE('',#4843);
#4347=PLANE('',#4853);
#4348=PLANE('',#4854);
#4349=PLANE('',#4855);
#4350=PLANE('',#4856);
#4351=PLANE('',#4857);
#4352=PLANE('',#4858);
#4353=PLANE('',#4859);
#4354=PLANE('',#4860);
#4355=PLANE('',#4861);
#4356=PLANE('',#4862);
#4357=PLANE('',#4863);
#4358=PLANE('',#4864);
#4359=PLANE('',#4874);
#4360=PLANE('',#4875);
#4361=PLANE('',#4876);
#4362=PLANE('',#4877);
#4363=PLANE('',#4878);
#4364=PLANE('',#4879);
#4365=PLANE('',#4880);
#4366=PLANE('',#4881);
#4367=PLANE('',#4882);
#4368=PLANE('',#4892);
#4369=PLANE('',#4893);
#4370=PLANE('',#4894);
#4371=PLANE('',#4895);
#4372=PLANE('',#4896);
#4373=PLANE('',#4897);
#4374=PLANE('',#4898);
#4375=PLANE('',#4899);
#4376=PLANE('',#4900);
#4377=PLANE('',#4901);
#4378=PLANE('',#4902);
#4379=PLANE('',#4903);
#4380=PLANE('',#4904);
#4381=PLANE('',#4905);
#4382=PLANE('',#4906);
#4383=PLANE('',#4907);
#4384=PLANE('',#4908);
#4385=PLANE('',#4909);
#4386=PLANE('',#4910);
#4387=PLANE('',#4911);
#4388=PLANE('',#4912);
#4389=PLANE('',#4913);
#4390=PLANE('',#4914);
#4391=PLANE('',#4916);
#4392=PLANE('',#4917);
#4393=PLANE('',#4918);
#4394=PLANE('',#4919);
#4395=PLANE('',#4920);
#4396=PLANE('',#4921);
#4397=PLANE('',#4922);
#4398=PLANE('',#4923);
#4399=PLANE('',#4924);
#4400=PLANE('',#4925);
#4401=PLANE('',#4926);
#4402=PLANE('',#4927);
#4403=PLANE('',#4928);
#4404=PLANE('',#4929);
#4405=PLANE('',#4930);
#4406=PLANE('',#4931);
#4407=PLANE('',#4932);
#4408=PLANE('',#4933);
#4409=PLANE('',#4934);
#4410=PLANE('',#4935);
#4411=PLANE('',#4936);
#4412=PLANE('',#4937);
#4413=PLANE('',#4938);
#4414=PLANE('',#4939);
#4415=PLANE('',#4940);
#4416=PLANE('',#4941);
#4417=PLANE('',#4942);
#4418=PLANE('',#4943);
#4419=PLANE('',#4944);
#4420=PLANE('',#4945);
#4421=PLANE('',#4946);
#4422=PLANE('',#4947);
#4423=PLANE('',#4948);
#4424=PLANE('',#4949);
#4425=PLANE('',#4950);
#4426=PLANE('',#4951);
#4427=PLANE('',#4952);
#4428=PLANE('',#4953);
#4429=PLANE('',#4954);
#4430=PLANE('',#4955);
#4431=PLANE('',#4956);
#4432=PLANE('',#4957);
#4433=PLANE('',#4958);
#4434=PLANE('',#4959);
#4435=PLANE('',#4960);
#4436=PLANE('',#4961);
#4437=PLANE('',#4962);
#4438=PLANE('',#4963);
#4439=PLANE('',#4964);
#4440=PLANE('',#4965);
#4441=PLANE('',#4966);
#4442=PLANE('',#4967);
#4443=PLANE('',#4968);
#4444=PLANE('',#4969);
#4445=PLANE('',#4970);
#4446=PLANE('',#4971);
#4447=PLANE('',#4972);
#4448=PLANE('',#4973);
#4449=PLANE('',#4974);
#4450=PLANE('',#4975);
#4451=PLANE('',#4976);
#4452=PLANE('',#4977);
#4453=ADVANCED_FACE('',(#115,#71,#72,#73,#74,#75,#76),#4235,.T.);
#4454=ADVANCED_FACE('',(#116),#4236,.F.);
#4455=ADVANCED_FACE('',(#117),#4237,.T.);
#4456=ADVANCED_FACE('',(#118),#4238,.T.);
#4457=ADVANCED_FACE('',(#119),#4239,.T.);
#4458=ADVANCED_FACE('',(#120),#4240,.T.);
#4459=ADVANCED_FACE('',(#121),#4241,.T.);
#4460=ADVANCED_FACE('',(#122),#4242,.T.);
#4461=ADVANCED_FACE('',(#123),#4243,.T.);
#4462=ADVANCED_FACE('',(#124),#4244,.T.);
#4463=ADVANCED_FACE('',(#125),#4245,.T.);
#4464=ADVANCED_FACE('',(#126),#4246,.T.);
#4465=ADVANCED_FACE('',(#127),#4247,.T.);
#4466=ADVANCED_FACE('',(#128),#4248,.T.);
#4467=ADVANCED_FACE('',(#129),#4249,.T.);
#4468=ADVANCED_FACE('',(#130),#4250,.T.);
#4469=ADVANCED_FACE('',(#131),#4251,.T.);
#4470=ADVANCED_FACE('',(#132),#4252,.T.);
#4471=ADVANCED_FACE('',(#133),#4253,.T.);
#4472=ADVANCED_FACE('',(#134),#4254,.T.);
#4473=ADVANCED_FACE('',(#135),#4255,.T.);
#4474=ADVANCED_FACE('',(#136),#4256,.T.);
#4475=ADVANCED_FACE('',(#137),#4257,.T.);
#4476=ADVANCED_FACE('',(#138),#4258,.T.);
#4477=ADVANCED_FACE('',(#139),#4259,.T.);
#4478=ADVANCED_FACE('',(#140),#4260,.T.);
#4479=ADVANCED_FACE('',(#141),#4261,.F.);
#4480=ADVANCED_FACE('',(#142),#4262,.F.);
#4481=ADVANCED_FACE('',(#143),#4263,.F.);
#4482=ADVANCED_FACE('',(#144),#4264,.F.);
#4483=ADVANCED_FACE('',(#145),#4265,.F.);
#4484=ADVANCED_FACE('',(#146,#77,#78,#79,#80,#81,#82),#4266,.T.);
#4485=ADVANCED_FACE('',(#147),#4267,.T.);
#4486=ADVANCED_FACE('',(#148),#4268,.T.);
#4487=ADVANCED_FACE('',(#149),#4269,.T.);
#4488=ADVANCED_FACE('',(#150),#4270,.T.);
#4489=ADVANCED_FACE('',(#151),#4271,.T.);
#4490=ADVANCED_FACE('',(#152),#4272,.T.);
#4491=ADVANCED_FACE('',(#153),#4273,.F.);
#4492=ADVANCED_FACE('',(#154),#4274,.F.);
#4493=ADVANCED_FACE('',(#155),#4275,.F.);
#4494=ADVANCED_FACE('',(#156),#4276,.F.);
#4495=ADVANCED_FACE('',(#157),#4277,.F.);
#4496=ADVANCED_FACE('',(#158),#4278,.F.);
#4497=ADVANCED_FACE('',(#159),#4279,.F.);
#4498=ADVANCED_FACE('',(#160),#4280,.F.);
#4499=ADVANCED_FACE('',(#161),#4281,.F.);
#4500=ADVANCED_FACE('',(#162),#4282,.F.);
#4501=ADVANCED_FACE('',(#163),#4283,.F.);
#4502=ADVANCED_FACE('',(#164),#4284,.F.);
#4503=ADVANCED_FACE('',(#165),#4285,.F.);
#4504=ADVANCED_FACE('',(#166),#4286,.F.);
#4505=ADVANCED_FACE('',(#167),#4287,.F.);
#4506=ADVANCED_FACE('',(#168),#4288,.F.);
#4507=ADVANCED_FACE('',(#169),#4289,.F.);
#4508=ADVANCED_FACE('',(#170),#4290,.F.);
#4509=ADVANCED_FACE('',(#171),#4291,.F.);
#4510=ADVANCED_FACE('',(#172),#4292,.F.);
#4511=ADVANCED_FACE('',(#173),#4293,.F.);
#4512=ADVANCED_FACE('',(#174),#4294,.F.);
#4513=ADVANCED_FACE('',(#175),#4295,.F.);
#4514=ADVANCED_FACE('',(#176),#4296,.F.);
#4515=ADVANCED_FACE('',(#177),#4297,.F.);
#4516=ADVANCED_FACE('',(#178),#4298,.F.);
#4517=ADVANCED_FACE('',(#179),#4299,.F.);
#4518=ADVANCED_FACE('',(#180),#4300,.F.);
#4519=ADVANCED_FACE('',(#181),#4301,.F.);
#4520=ADVANCED_FACE('',(#182),#4302,.F.);
#4521=ADVANCED_FACE('',(#183),#4303,.F.);
#4522=ADVANCED_FACE('',(#184),#4304,.F.);
#4523=ADVANCED_FACE('',(#185),#4305,.F.);
#4524=ADVANCED_FACE('',(#186),#4306,.F.);
#4525=ADVANCED_FACE('',(#187),#4307,.F.);
#4526=ADVANCED_FACE('',(#188),#4308,.F.);
#4527=ADVANCED_FACE('',(#189),#4309,.F.);
#4528=ADVANCED_FACE('',(#190),#4310,.F.);
#4529=ADVANCED_FACE('',(#191),#4311,.F.);
#4530=ADVANCED_FACE('',(#192),#4312,.F.);
#4531=ADVANCED_FACE('',(#193),#4313,.F.);
#4532=ADVANCED_FACE('',(#194),#4314,.F.);
#4533=ADVANCED_FACE('',(#195),#4315,.F.);
#4534=ADVANCED_FACE('',(#196),#4316,.F.);
#4535=ADVANCED_FACE('',(#197),#4317,.F.);
#4536=ADVANCED_FACE('',(#198),#4318,.F.);
#4537=ADVANCED_FACE('',(#199),#4319,.F.);
#4538=ADVANCED_FACE('',(#200),#4320,.F.);
#4539=ADVANCED_FACE('',(#201),#4321,.F.);
#4540=ADVANCED_FACE('',(#202),#4322,.F.);
#4541=ADVANCED_FACE('',(#203),#4323,.F.);
#4542=ADVANCED_FACE('',(#204),#4324,.F.);
#4543=ADVANCED_FACE('',(#205),#4325,.F.);
#4544=ADVANCED_FACE('',(#206),#4326,.F.);
#4545=ADVANCED_FACE('',(#207),#4327,.F.);
#4546=ADVANCED_FACE('',(#208),#4328,.F.);
#4547=ADVANCED_FACE('',(#209),#4329,.F.);
#4548=ADVANCED_FACE('',(#210),#4330,.F.);
#4549=ADVANCED_FACE('',(#211),#4331,.F.);
#4550=ADVANCED_FACE('',(#212),#4332,.F.);
#4551=ADVANCED_FACE('',(#213),#4333,.F.);
#4552=ADVANCED_FACE('',(#214),#4334,.F.);
#4553=ADVANCED_FACE('',(#215),#4335,.F.);
#4554=ADVANCED_FACE('',(#216),#4336,.F.);
#4555=ADVANCED_FACE('',(#217),#4337,.F.);
#4556=ADVANCED_FACE('',(#218),#4338,.F.);
#4557=ADVANCED_FACE('',(#219),#4339,.F.);
#4558=ADVANCED_FACE('',(#220),#4340,.F.);
#4559=ADVANCED_FACE('',(#221),#47,.T.);
#4560=ADVANCED_FACE('',(#222),#48,.T.);
#4561=ADVANCED_FACE('',(#223),#49,.T.);
#4562=ADVANCED_FACE('',(#224),#4341,.F.);
#4563=ADVANCED_FACE('',(#225),#4342,.F.);
#4564=ADVANCED_FACE('',(#226),#4343,.F.);
#4565=ADVANCED_FACE('',(#227),#4344,.F.);
#4566=ADVANCED_FACE('',(#228),#4345,.F.);
#4567=ADVANCED_FACE('',(#229),#4346,.F.);
#4568=ADVANCED_FACE('',(#230),#50,.F.);
#4569=ADVANCED_FACE('',(#231),#51,.F.);
#4570=ADVANCED_FACE('',(#232),#52,.F.);
#4571=ADVANCED_FACE('',(#233),#4347,.F.);
#4572=ADVANCED_FACE('',(#234),#4348,.F.);
#4573=ADVANCED_FACE('',(#235),#4349,.F.);
#4574=ADVANCED_FACE('',(#236),#4350,.F.);
#4575=ADVANCED_FACE('',(#237),#4351,.F.);
#4576=ADVANCED_FACE('',(#238),#4352,.F.);
#4577=ADVANCED_FACE('',(#239),#4353,.F.);
#4578=ADVANCED_FACE('',(#240),#4354,.F.);
#4579=ADVANCED_FACE('',(#241),#4355,.F.);
#4580=ADVANCED_FACE('',(#242),#4356,.F.);
#4581=ADVANCED_FACE('',(#243),#4357,.F.);
#4582=ADVANCED_FACE('',(#244),#4358,.F.);
#4583=ADVANCED_FACE('',(#245),#53,.T.);
#4584=ADVANCED_FACE('',(#246),#54,.T.);
#4585=ADVANCED_FACE('',(#247),#55,.T.);
#4586=ADVANCED_FACE('',(#248),#4359,.F.);
#4587=ADVANCED_FACE('',(#249),#4360,.F.);
#4588=ADVANCED_FACE('',(#250),#4361,.F.);
#4589=ADVANCED_FACE('',(#251),#4362,.F.);
#4590=ADVANCED_FACE('',(#252),#4363,.F.);
#4591=ADVANCED_FACE('',(#253),#4364,.F.);
#4592=ADVANCED_FACE('',(#254),#4365,.F.);
#4593=ADVANCED_FACE('',(#255),#4366,.F.);
#4594=ADVANCED_FACE('',(#256),#4367,.F.);
#4595=ADVANCED_FACE('',(#257),#56,.F.);
#4596=ADVANCED_FACE('',(#258),#57,.F.);
#4597=ADVANCED_FACE('',(#259),#58,.F.);
#4598=ADVANCED_FACE('',(#260),#4368,.F.);
#4599=ADVANCED_FACE('',(#261),#4369,.F.);
#4600=ADVANCED_FACE('',(#262),#4370,.F.);
#4601=ADVANCED_FACE('',(#263),#4371,.F.);
#4602=ADVANCED_FACE('',(#264),#4372,.F.);
#4603=ADVANCED_FACE('',(#265),#4373,.F.);
#4604=ADVANCED_FACE('',(#266),#4374,.F.);
#4605=ADVANCED_FACE('',(#267),#4375,.F.);
#4606=ADVANCED_FACE('',(#268),#4376,.F.);
#4607=ADVANCED_FACE('',(#269,#83,#84,#85,#86,#87,#88,#89,#90),#4377,.F.);
#4608=ADVANCED_FACE('',(#270),#4378,.T.);
#4609=ADVANCED_FACE('',(#271),#4379,.T.);
#4610=ADVANCED_FACE('',(#272),#4380,.T.);
#4611=ADVANCED_FACE('',(#273),#4381,.T.);
#4612=ADVANCED_FACE('',(#274),#4382,.T.);
#4613=ADVANCED_FACE('',(#275),#4383,.T.);
#4614=ADVANCED_FACE('',(#276),#4384,.T.);
#4615=ADVANCED_FACE('',(#277),#4385,.T.);
#4616=ADVANCED_FACE('',(#278),#4386,.T.);
#4617=ADVANCED_FACE('',(#279),#4387,.T.);
#4618=ADVANCED_FACE('',(#280),#4388,.T.);
#4619=ADVANCED_FACE('',(#281),#4389,.T.);
#4620=ADVANCED_FACE('',(#282,#91,#92,#93,#94,#95,#96,#97,#98),#4390,.T.);
#4621=ADVANCED_FACE('',(#283),#4391,.T.);
#4622=ADVANCED_FACE('',(#284),#4392,.T.);
#4623=ADVANCED_FACE('',(#285),#4393,.T.);
#4624=ADVANCED_FACE('',(#286),#4394,.T.);
#4625=ADVANCED_FACE('',(#287),#4395,.F.);
#4626=ADVANCED_FACE('',(#288),#4396,.F.);
#4627=ADVANCED_FACE('',(#289),#4397,.F.);
#4628=ADVANCED_FACE('',(#290),#4398,.F.);
#4629=ADVANCED_FACE('',(#291),#4399,.F.);
#4630=ADVANCED_FACE('',(#292),#4400,.F.);
#4631=ADVANCED_FACE('',(#293),#4401,.F.);
#4632=ADVANCED_FACE('',(#294),#4402,.F.);
#4633=ADVANCED_FACE('',(#295),#4403,.F.);
#4634=ADVANCED_FACE('',(#296),#4404,.F.);
#4635=ADVANCED_FACE('',(#297),#4405,.F.);
#4636=ADVANCED_FACE('',(#298),#4406,.F.);
#4637=ADVANCED_FACE('',(#299),#4407,.F.);
#4638=ADVANCED_FACE('',(#300),#4408,.F.);
#4639=ADVANCED_FACE('',(#301),#4409,.F.);
#4640=ADVANCED_FACE('',(#302),#4410,.F.);
#4641=ADVANCED_FACE('',(#303),#4411,.F.);
#4642=ADVANCED_FACE('',(#304),#4412,.F.);
#4643=ADVANCED_FACE('',(#305),#4413,.F.);
#4644=ADVANCED_FACE('',(#306),#4414,.F.);
#4645=ADVANCED_FACE('',(#307),#4415,.F.);
#4646=ADVANCED_FACE('',(#308),#4416,.F.);
#4647=ADVANCED_FACE('',(#309),#4417,.F.);
#4648=ADVANCED_FACE('',(#310),#4418,.F.);
#4649=ADVANCED_FACE('',(#311),#4419,.F.);
#4650=ADVANCED_FACE('',(#312),#4420,.F.);
#4651=ADVANCED_FACE('',(#313),#4421,.F.);
#4652=ADVANCED_FACE('',(#314),#4422,.F.);
#4653=ADVANCED_FACE('',(#315),#4423,.F.);
#4654=ADVANCED_FACE('',(#316),#4424,.F.);
#4655=ADVANCED_FACE('',(#317),#4425,.F.);
#4656=ADVANCED_FACE('',(#318),#4426,.F.);
#4657=ADVANCED_FACE('',(#319),#4427,.F.);
#4658=ADVANCED_FACE('',(#320),#4428,.F.);
#4659=ADVANCED_FACE('',(#321),#4429,.F.);
#4660=ADVANCED_FACE('',(#322),#4430,.F.);
#4661=ADVANCED_FACE('',(#323),#4431,.F.);
#4662=ADVANCED_FACE('',(#324),#4432,.F.);
#4663=ADVANCED_FACE('',(#325),#4433,.F.);
#4664=ADVANCED_FACE('',(#326),#4434,.F.);
#4665=ADVANCED_FACE('',(#327),#4435,.F.);
#4666=ADVANCED_FACE('',(#328),#4436,.F.);
#4667=ADVANCED_FACE('',(#329),#4437,.F.);
#4668=ADVANCED_FACE('',(#330),#4438,.F.);
#4669=ADVANCED_FACE('',(#331),#4439,.F.);
#4670=ADVANCED_FACE('',(#332),#4440,.F.);
#4671=ADVANCED_FACE('',(#333),#4441,.F.);
#4672=ADVANCED_FACE('',(#334),#4442,.F.);
#4673=ADVANCED_FACE('',(#335),#4443,.F.);
#4674=ADVANCED_FACE('',(#336),#4444,.F.);
#4675=ADVANCED_FACE('',(#337),#4445,.F.);
#4676=ADVANCED_FACE('',(#338),#4446,.F.);
#4677=ADVANCED_FACE('',(#339),#4447,.F.);
#4678=ADVANCED_FACE('',(#340),#4448,.F.);
#4679=ADVANCED_FACE('',(#341),#4449,.F.);
#4680=ADVANCED_FACE('',(#342),#4450,.F.);
#4681=ADVANCED_FACE('',(#343,#99,#100,#101,#102,#103,#104,#105,#106),#4451,
 .T.);
#4682=ADVANCED_FACE('',(#344,#107,#108,#109,#110,#111,#112,#113,#114),#4452,
 .T.);
#4683=CLOSED_SHELL('',(#4453,#4454,#4455,#4456,#4457,#4458,#4459,#4460,
#4461,#4462,#4463,#4464,#4465,#4466,#4467,#4468,#4469,#4470,#4471,#4472,
#4473,#4474,#4475,#4476,#4477,#4478,#4479,#4480,#4481,#4482,#4483,#4484,
#4485,#4486));
#4684=CLOSED_SHELL('',(#4487,#4488,#4489,#4490,#4491,#4492,#4493,#4494,
#4495,#4496,#4497,#4498,#4499,#4500,#4501,#4502,#4503,#4504,#4505,#4506,
#4507,#4508,#4509,#4510,#4511,#4512,#4513,#4514,#4515,#4516,#4517,#4518,
#4519,#4520,#4521,#4522,#4523,#4524,#4525,#4526,#4527,#4528,#4529,#4530,
#4531,#4532,#4533,#4534,#4535,#4536,#4537,#4538,#4539,#4540,#4541,#4542,
#4543,#4544,#4545,#4546,#4547,#4548,#4549,#4550,#4551,#4552,#4553,#4554,
#4555,#4556,#4557,#4558,#4559,#4560,#4561,#4562,#4563,#4564,#4565,#4566,
#4567,#4568,#4569,#4570,#4571,#4572,#4573,#4574,#4575,#4576,#4577,#4578,
#4579,#4580,#4581,#4582,#4583,#4584,#4585,#4586,#4587,#4588,#4589,#4590,
#4591,#4592,#4593,#4594,#4595,#4596,#4597,#4598,#4599,#4600,#4601,#4602,
#4603,#4604,#4605,#4606,#4607,#4608,#4609,#4610,#4611,#4612,#4613,#4614,
#4615,#4616,#4617,#4618,#4619,#4620));
#4685=CLOSED_SHELL('',(#4621,#4622,#4623,#4624,#4625,#4626,#4627,#4628,
#4629,#4630,#4631,#4632,#4633,#4634,#4635,#4636,#4637,#4638,#4639,#4640,
#4641,#4642,#4643,#4644,#4645,#4646,#4647,#4648,#4649,#4650,#4651,#4652,
#4653,#4654,#4655,#4656,#4657,#4658,#4659,#4660,#4661,#4662,#4663,#4664,
#4665,#4666,#4667,#4668,#4669,#4670,#4671,#4672,#4673,#4674,#4675,#4676,
#4677,#4678,#4679,#4680,#4681,#4682));
#4686=DERIVED_UNIT_ELEMENT(#4692,1.);
#4687=DERIVED_UNIT_ELEMENT(#7449,-3.);
#4688=DERIVED_UNIT_ELEMENT(#4692,1.);
#4689=DERIVED_UNIT_ELEMENT(#7449,-3.);
#4690=DERIVED_UNIT_ELEMENT(#4692,1.);
#4691=DERIVED_UNIT_ELEMENT(#7449,-3.);
#4692=(
MASS_UNIT()
NAMED_UNIT(*)
SI_UNIT(.KILO.,.GRAM.)
);
#4693=DERIVED_UNIT((#4686,#4687));
#4694=DERIVED_UNIT((#4688,#4689));
#4695=DERIVED_UNIT((#4690,#4691));
#4696=MEASURE_REPRESENTATION_ITEM('density measure',
POSITIVE_RATIO_MEASURE(7850.),#4693);
#4697=MEASURE_REPRESENTATION_ITEM('density measure',
POSITIVE_RATIO_MEASURE(7850.),#4694);
#4698=MEASURE_REPRESENTATION_ITEM('density measure',
POSITIVE_RATIO_MEASURE(7850.),#4695);
#4699=PROPERTY_DEFINITION_REPRESENTATION(#4714,#4705);
#4700=PROPERTY_DEFINITION_REPRESENTATION(#4715,#4706);
#4701=PROPERTY_DEFINITION_REPRESENTATION(#4716,#4707);
#4702=PROPERTY_DEFINITION_REPRESENTATION(#4717,#4708);
#4703=PROPERTY_DEFINITION_REPRESENTATION(#4718,#4709);
#4704=PROPERTY_DEFINITION_REPRESENTATION(#4719,#4710);
#4705=REPRESENTATION('material name',(#4711),#7442);
#4706=REPRESENTATION('density',(#4696),#7442);
#4707=REPRESENTATION('material name',(#4712),#7443);
#4708=REPRESENTATION('density',(#4697),#7443);
#4709=REPRESENTATION('material name',(#4713),#7444);
#4710=REPRESENTATION('density',(#4698),#7444);
#4711=DESCRIPTIVE_REPRESENTATION_ITEM('Steel','Steel');
#4712=DESCRIPTIVE_REPRESENTATION_ITEM('Steel','Steel');
#4713=DESCRIPTIVE_REPRESENTATION_ITEM('Steel','Steel');
#4714=PROPERTY_DEFINITION('material property','material name',#7470);
#4715=PROPERTY_DEFINITION('material property','density of part',#7470);
#4716=PROPERTY_DEFINITION('material property','material name',#7471);
#4717=PROPERTY_DEFINITION('material property','density of part',#7471);
#4718=PROPERTY_DEFINITION('material property','material name',#7472);
#4719=PROPERTY_DEFINITION('material property','density of part',#7472);
#4720=AXIS2_PLACEMENT_3D('',#6127,#4981,#4982);
#4721=AXIS2_PLACEMENT_3D('',#6128,#4983,#4984);
#4722=AXIS2_PLACEMENT_3D('',#6129,#4985,#4986);
#4723=AXIS2_PLACEMENT_3D('',#6186,#5015,#5016);
#4724=AXIS2_PLACEMENT_3D('',#6200,#5024,#5025);
#4725=AXIS2_PLACEMENT_3D('',#6206,#5029,#5030);
#4726=AXIS2_PLACEMENT_3D('',#6210,#5033,#5034);
#4727=AXIS2_PLACEMENT_3D('',#6214,#5037,#5038);
#4728=AXIS2_PLACEMENT_3D('',#6220,#5042,#5043);
#4729=AXIS2_PLACEMENT_3D('',#6224,#5046,#5047);
#4730=AXIS2_PLACEMENT_3D('',#6228,#5050,#5051);
#4731=AXIS2_PLACEMENT_3D('',#6234,#5055,#5056);
#4732=AXIS2_PLACEMENT_3D('',#6238,#5059,#5060);
#4733=AXIS2_PLACEMENT_3D('',#6242,#5063,#5064);
#4734=AXIS2_PLACEMENT_3D('',#6248,#5068,#5069);
#4735=AXIS2_PLACEMENT_3D('',#6252,#5072,#5073);
#4736=AXIS2_PLACEMENT_3D('',#6256,#5076,#5077);
#4737=AXIS2_PLACEMENT_3D('',#6262,#5081,#5082);
#4738=AXIS2_PLACEMENT_3D('',#6266,#5085,#5086);
#4739=AXIS2_PLACEMENT_3D('',#6270,#5089,#5090);
#4740=AXIS2_PLACEMENT_3D('',#6276,#5094,#5095);
#4741=AXIS2_PLACEMENT_3D('',#6280,#5098,#5099);
#4742=AXIS2_PLACEMENT_3D('',#6284,#5102,#5103);
#4743=AXIS2_PLACEMENT_3D('',#6286,#5105,#5106);
#4744=AXIS2_PLACEMENT_3D('',#6288,#5108,#5109);
#4745=AXIS2_PLACEMENT_3D('',#6290,#5111,#5112);
#4746=AXIS2_PLACEMENT_3D('',#6292,#5114,#5115);
#4747=AXIS2_PLACEMENT_3D('',#6294,#5117,#5118);
#4748=AXIS2_PLACEMENT_3D('',#6296,#5120,#5121);
#4749=AXIS2_PLACEMENT_3D('',#6310,#5129,#5130);
#4750=AXIS2_PLACEMENT_3D('',#6313,#5133,#5134);
#4751=AXIS2_PLACEMENT_3D('',#6316,#5137,#5138);
#4752=AXIS2_PLACEMENT_3D('',#6317,#5139,#5140);
#4753=AXIS2_PLACEMENT_3D('',#6318,#5141,#5142);
#4754=AXIS2_PLACEMENT_3D('',#6321,#5145,#5146);
#4755=AXIS2_PLACEMENT_3D('',#6322,#5147,#5148);
#4756=AXIS2_PLACEMENT_3D('',#6323,#5149,#5150);
#4757=AXIS2_PLACEMENT_3D('',#6324,#5151,#5152);
#4758=AXIS2_PLACEMENT_3D('',#6333,#5157,#5158);
#4759=AXIS2_PLACEMENT_3D('',#6342,#5163,#5164);
#4760=AXIS2_PLACEMENT_3D('',#6345,#5167,#5168);
#4761=AXIS2_PLACEMENT_3D('',#6348,#5171,#5172);
#4762=AXIS2_PLACEMENT_3D('',#6357,#5177,#5178);
#4763=AXIS2_PLACEMENT_3D('',#6363,#5182,#5183);
#4764=AXIS2_PLACEMENT_3D('',#6371,#5188,#5189);
#4765=AXIS2_PLACEMENT_3D('',#6379,#5194,#5195);
#4766=AXIS2_PLACEMENT_3D('',#6385,#5199,#5200);
#4767=AXIS2_PLACEMENT_3D('',#6393,#5205,#5206);
#4768=AXIS2_PLACEMENT_3D('',#6401,#5211,#5212);
#4769=AXIS2_PLACEMENT_3D('',#6410,#5217,#5218);
#4770=AXIS2_PLACEMENT_3D('',#6418,#5223,#5224);
#4771=AXIS2_PLACEMENT_3D('',#6426,#5229,#5230);
#4772=AXIS2_PLACEMENT_3D('',#6432,#5234,#5235);
#4773=AXIS2_PLACEMENT_3D('',#6440,#5240,#5241);
#4774=AXIS2_PLACEMENT_3D('',#6448,#5246,#5247);
#4775=AXIS2_PLACEMENT_3D('',#6454,#5251,#5252);
#4776=AXIS2_PLACEMENT_3D('',#6463,#5257,#5258);
#4777=AXIS2_PLACEMENT_3D('',#6469,#5262,#5263);
#4778=AXIS2_PLACEMENT_3D('',#6475,#5267,#5268);
#4779=AXIS2_PLACEMENT_3D('',#6484,#5273,#5274);
#4780=AXIS2_PLACEMENT_3D('',#6490,#5278,#5279);
#4781=AXIS2_PLACEMENT_3D('',#6498,#5284,#5285);
#4782=AXIS2_PLACEMENT_3D('',#6506,#5290,#5291);
#4783=AXIS2_PLACEMENT_3D('',#6512,#5295,#5296);
#4784=AXIS2_PLACEMENT_3D('',#6520,#5301,#5302);
#4785=AXIS2_PLACEMENT_3D('',#6528,#5307,#5308);
#4786=AXIS2_PLACEMENT_3D('',#6537,#5313,#5314);
#4787=AXIS2_PLACEMENT_3D('',#6545,#5319,#5320);
#4788=AXIS2_PLACEMENT_3D('',#6553,#5325,#5326);
#4789=AXIS2_PLACEMENT_3D('',#6559,#5330,#5331);
#4790=AXIS2_PLACEMENT_3D('',#6567,#5336,#5337);
#4791=AXIS2_PLACEMENT_3D('',#6575,#5342,#5343);
#4792=AXIS2_PLACEMENT_3D('',#6581,#5347,#5348);
#4793=AXIS2_PLACEMENT_3D('',#6590,#5353,#5354);
#4794=AXIS2_PLACEMENT_3D('',#6596,#5358,#5359);
#4795=AXIS2_PLACEMENT_3D('',#6602,#5363,#5364);
#4796=AXIS2_PLACEMENT_3D('',#6611,#5369,#5370);
#4797=AXIS2_PLACEMENT_3D('',#6617,#5374,#5375);
#4798=AXIS2_PLACEMENT_3D('',#6625,#5380,#5381);
#4799=AXIS2_PLACEMENT_3D('',#6633,#5386,#5387);
#4800=AXIS2_PLACEMENT_3D('',#6639,#5391,#5392);
#4801=AXIS2_PLACEMENT_3D('',#6647,#5397,#5398);
#4802=AXIS2_PLACEMENT_3D('',#6655,#5403,#5404);
#4803=AXIS2_PLACEMENT_3D('',#6664,#5409,#5410);
#4804=AXIS2_PLACEMENT_3D('',#6672,#5415,#5416);
#4805=AXIS2_PLACEMENT_3D('',#6680,#5421,#5422);
#4806=AXIS2_PLACEMENT_3D('',#6686,#5426,#5427);
#4807=AXIS2_PLACEMENT_3D('',#6694,#5432,#5433);
#4808=AXIS2_PLACEMENT_3D('',#6702,#5438,#5439);
#4809=AXIS2_PLACEMENT_3D('',#6708,#5443,#5444);
#4810=AXIS2_PLACEMENT_3D('',#6711,#5447,#5448);
#4811=AXIS2_PLACEMENT_3D('',#6714,#5451,#5452);
#4812=AXIS2_PLACEMENT_3D('',#6717,#5455,#5456);
#4813=AXIS2_PLACEMENT_3D('',#6720,#5459,#5460);
#4814=AXIS2_PLACEMENT_3D('',#6723,#5463,#5464);
#4815=AXIS2_PLACEMENT_3D('',#6726,#5467,#5468);
#4816=AXIS2_PLACEMENT_3D('',#6729,#5471,#5472);
#4817=AXIS2_PLACEMENT_3D('',#6732,#5475,#5476);
#4818=AXIS2_PLACEMENT_3D('',#6736,#5479,#5480);
#4819=AXIS2_PLACEMENT_3D('',#6740,#5483,#5484);
#4820=AXIS2_PLACEMENT_3D('',#6744,#5487,#5488);
#4821=AXIS2_PLACEMENT_3D('',#6748,#5491,#5492);
#4822=AXIS2_PLACEMENT_3D('',#6752,#5495,#5496);
#4823=AXIS2_PLACEMENT_3D('',#6756,#5499,#5500);
#4824=AXIS2_PLACEMENT_3D('',#6765,#5505,#5506);
#4825=AXIS2_PLACEMENT_3D('',#6774,#5511,#5512);
#4826=AXIS2_PLACEMENT_3D('',#6783,#5517,#5518);
#4827=AXIS2_PLACEMENT_3D('',#6789,#5522,#5523);
#4828=AXIS2_PLACEMENT_3D('',#6795,#5527,#5528);
#4829=AXIS2_PLACEMENT_3D('',#6801,#5532,#5533);
#4830=AXIS2_PLACEMENT_3D('',#6803,#5534,#5535);
#4831=AXIS2_PLACEMENT_3D('',#6805,#5536,#5537);
#4832=AXIS2_PLACEMENT_3D('',#6807,#5539,#5540);
#4833=AXIS2_PLACEMENT_3D('',#6809,#5541,#5542);
#4834=AXIS2_PLACEMENT_3D('',#6811,#5543,#5544);
#4835=AXIS2_PLACEMENT_3D('',#6813,#5546,#5547);
#4836=AXIS2_PLACEMENT_3D('',#6815,#5548,#5549);
#4837=AXIS2_PLACEMENT_3D('',#6817,#5550,#5551);
#4838=AXIS2_PLACEMENT_3D('',#6819,#5553,#5554);
#4839=AXIS2_PLACEMENT_3D('',#6823,#5558,#5559);
#4840=AXIS2_PLACEMENT_3D('',#6827,#5563,#5564);
#4841=AXIS2_PLACEMENT_3D('',#6831,#5568,#5569);
#4842=AXIS2_PLACEMENT_3D('',#6840,#5574,#5575);
#4843=AXIS2_PLACEMENT_3D('',#6849,#5580,#5581);
#4844=AXIS2_PLACEMENT_3D('',#6858,#5586,#5587);
#4845=AXIS2_PLACEMENT_3D('',#6862,#5589,#5590);
#4846=AXIS2_PLACEMENT_3D('',#6863,#5591,#5592);
#4847=AXIS2_PLACEMENT_3D('',#6864,#5593,#5594);
#4848=AXIS2_PLACEMENT_3D('',#6868,#5596,#5597);
#4849=AXIS2_PLACEMENT_3D('',#6869,#5598,#5599);
#4850=AXIS2_PLACEMENT_3D('',#6870,#5600,#5601);
#4851=AXIS2_PLACEMENT_3D('',#6874,#5603,#5604);
#4852=AXIS2_PLACEMENT_3D('',#6875,#5605,#5606);
#4853=AXIS2_PLACEMENT_3D('',#6876,#5607,#5608);
#4854=AXIS2_PLACEMENT_3D('',#6879,#5611,#5612);
#4855=AXIS2_PLACEMENT_3D('',#6882,#5615,#5616);
#4856=AXIS2_PLACEMENT_3D('',#6885,#5619,#5620);
#4857=AXIS2_PLACEMENT_3D('',#6889,#5623,#5624);
#4858=AXIS2_PLACEMENT_3D('',#6893,#5627,#5628);
#4859=AXIS2_PLACEMENT_3D('',#6897,#5631,#5632);
#4860=AXIS2_PLACEMENT_3D('',#6901,#5635,#5636);
#4861=AXIS2_PLACEMENT_3D('',#6905,#5639,#5640);
#4862=AXIS2_PLACEMENT_3D('',#6909,#5643,#5644);
#4863=AXIS2_PLACEMENT_3D('',#6916,#5649,#5650);
#4864=AXIS2_PLACEMENT_3D('',#6923,#5655,#5656);
#4865=AXIS2_PLACEMENT_3D('',#6930,#5661,#5662);
#4866=AXIS2_PLACEMENT_3D('',#6932,#5663,#5664);
#4867=AXIS2_PLACEMENT_3D('',#6934,#5665,#5666);
#4868=AXIS2_PLACEMENT_3D('',#6936,#5668,#5669);
#4869=AXIS2_PLACEMENT_3D('',#6938,#5670,#5671);
#4870=AXIS2_PLACEMENT_3D('',#6940,#5672,#5673);
#4871=AXIS2_PLACEMENT_3D('',#6942,#5675,#5676);
#4872=AXIS2_PLACEMENT_3D('',#6944,#5677,#5678);
#4873=AXIS2_PLACEMENT_3D('',#6946,#5679,#5680);
#4874=AXIS2_PLACEMENT_3D('',#6948,#5682,#5683);
#4875=AXIS2_PLACEMENT_3D('',#6954,#5687,#5688);
#4876=AXIS2_PLACEMENT_3D('',#6960,#5692,#5693);
#4877=AXIS2_PLACEMENT_3D('',#6966,#5697,#5698);
#4878=AXIS2_PLACEMENT_3D('',#6972,#5702,#5703);
#4879=AXIS2_PLACEMENT_3D('',#6978,#5707,#5708);
#4880=AXIS2_PLACEMENT_3D('',#6984,#5712,#5713);
#4881=AXIS2_PLACEMENT_3D('',#6990,#5717,#5718);
#4882=AXIS2_PLACEMENT_3D('',#6996,#5722,#5723);
#4883=AXIS2_PLACEMENT_3D('',#7002,#5727,#5728);
#4884=AXIS2_PLACEMENT_3D('',#7006,#5730,#5731);
#4885=AXIS2_PLACEMENT_3D('',#7007,#5732,#5733);
#4886=AXIS2_PLACEMENT_3D('',#7008,#5734,#5735);
#4887=AXIS2_PLACEMENT_3D('',#7012,#5737,#5738);
#4888=AXIS2_PLACEMENT_3D('',#7013,#5739,#5740);
#4889=AXIS2_PLACEMENT_3D('',#7014,#5741,#5742);
#4890=AXIS2_PLACEMENT_3D('',#7018,#5744,#5745);
#4891=AXIS2_PLACEMENT_3D('',#7019,#5746,#5747);
#4892=AXIS2_PLACEMENT_3D('',#7020,#5748,#5749);
#4893=AXIS2_PLACEMENT_3D('',#7026,#5753,#5754);
#4894=AXIS2_PLACEMENT_3D('',#7032,#5758,#5759);
#4895=AXIS2_PLACEMENT_3D('',#7038,#5763,#5764);
#4896=AXIS2_PLACEMENT_3D('',#7039,#5765,#5766);
#4897=AXIS2_PLACEMENT_3D('',#7040,#5767,#5768);
#4898=AXIS2_PLACEMENT_3D('',#7041,#5769,#5770);
#4899=AXIS2_PLACEMENT_3D('',#7042,#5771,#5772);
#4900=AXIS2_PLACEMENT_3D('',#7043,#5773,#5774);
#4901=AXIS2_PLACEMENT_3D('',#7044,#5775,#5776);
#4902=AXIS2_PLACEMENT_3D('',#7057,#5789,#5790);
#4903=AXIS2_PLACEMENT_3D('',#7058,#5791,#5792);
#4904=AXIS2_PLACEMENT_3D('',#7059,#5793,#5794);
#4905=AXIS2_PLACEMENT_3D('',#7060,#5795,#5796);
#4906=AXIS2_PLACEMENT_3D('',#7061,#5797,#5798);
#4907=AXIS2_PLACEMENT_3D('',#7062,#5799,#5800);
#4908=AXIS2_PLACEMENT_3D('',#7063,#5801,#5802);
#4909=AXIS2_PLACEMENT_3D('',#7064,#5803,#5804);
#4910=AXIS2_PLACEMENT_3D('',#7065,#5805,#5806);
#4911=AXIS2_PLACEMENT_3D('',#7066,#5807,#5808);
#4912=AXIS2_PLACEMENT_3D('',#7067,#5809,#5810);
#4913=AXIS2_PLACEMENT_3D('',#7068,#5811,#5812);
#4914=AXIS2_PLACEMENT_3D('',#7069,#5813,#5814);
#4915=AXIS2_PLACEMENT_3D('',#7070,#5815,#5816);
#4916=AXIS2_PLACEMENT_3D('',#7071,#5817,#5818);
#4917=AXIS2_PLACEMENT_3D('',#7080,#5823,#5824);
#4918=AXIS2_PLACEMENT_3D('',#7089,#5829,#5830);
#4919=AXIS2_PLACEMENT_3D('',#7092,#5833,#5834);
#4920=AXIS2_PLACEMENT_3D('',#7095,#5837,#5838);
#4921=AXIS2_PLACEMENT_3D('',#7104,#5843,#5844);
#4922=AXIS2_PLACEMENT_3D('',#7110,#5848,#5849);
#4923=AXIS2_PLACEMENT_3D('',#7116,#5853,#5854);
#4924=AXIS2_PLACEMENT_3D('',#7122,#5858,#5859);
#4925=AXIS2_PLACEMENT_3D('',#7128,#5863,#5864);
#4926=AXIS2_PLACEMENT_3D('',#7134,#5868,#5869);
#4927=AXIS2_PLACEMENT_3D('',#7140,#5873,#5874);
#4928=AXIS2_PLACEMENT_3D('',#7149,#5879,#5880);
#4929=AXIS2_PLACEMENT_3D('',#7155,#5884,#5885);
#4930=AXIS2_PLACEMENT_3D('',#7161,#5889,#5890);
#4931=AXIS2_PLACEMENT_3D('',#7167,#5894,#5895);
#4932=AXIS2_PLACEMENT_3D('',#7173,#5899,#5900);
#4933=AXIS2_PLACEMENT_3D('',#7179,#5904,#5905);
#4934=AXIS2_PLACEMENT_3D('',#7185,#5909,#5910);
#4935=AXIS2_PLACEMENT_3D('',#7194,#5915,#5916);
#4936=AXIS2_PLACEMENT_3D('',#7200,#5920,#5921);
#4937=AXIS2_PLACEMENT_3D('',#7206,#5925,#5926);
#4938=AXIS2_PLACEMENT_3D('',#7215,#5931,#5932);
#4939=AXIS2_PLACEMENT_3D('',#7221,#5936,#5937);
#4940=AXIS2_PLACEMENT_3D('',#7227,#5941,#5942);
#4941=AXIS2_PLACEMENT_3D('',#7233,#5946,#5947);
#4942=AXIS2_PLACEMENT_3D('',#7239,#5951,#5952);
#4943=AXIS2_PLACEMENT_3D('',#7245,#5956,#5957);
#4944=AXIS2_PLACEMENT_3D('',#7251,#5961,#5962);
#4945=AXIS2_PLACEMENT_3D('',#7260,#5967,#5968);
#4946=AXIS2_PLACEMENT_3D('',#7266,#5972,#5973);
#4947=AXIS2_PLACEMENT_3D('',#7272,#5977,#5978);
#4948=AXIS2_PLACEMENT_3D('',#7278,#5982,#5983);
#4949=AXIS2_PLACEMENT_3D('',#7284,#5987,#5988);
#4950=AXIS2_PLACEMENT_3D('',#7290,#5992,#5993);
#4951=AXIS2_PLACEMENT_3D('',#7296,#5997,#5998);
#4952=AXIS2_PLACEMENT_3D('',#7305,#6003,#6004);
#4953=AXIS2_PLACEMENT_3D('',#7311,#6008,#6009);
#4954=AXIS2_PLACEMENT_3D('',#7317,#6013,#6014);
#4955=AXIS2_PLACEMENT_3D('',#7326,#6019,#6020);
#4956=AXIS2_PLACEMENT_3D('',#7332,#6024,#6025);
#4957=AXIS2_PLACEMENT_3D('',#7338,#6029,#6030);
#4958=AXIS2_PLACEMENT_3D('',#7344,#6034,#6035);
#4959=AXIS2_PLACEMENT_3D('',#7350,#6039,#6040);
#4960=AXIS2_PLACEMENT_3D('',#7356,#6044,#6045);
#4961=AXIS2_PLACEMENT_3D('',#7362,#6049,#6050);
#4962=AXIS2_PLACEMENT_3D('',#7371,#6055,#6056);
#4963=AXIS2_PLACEMENT_3D('',#7377,#6060,#6061);
#4964=AXIS2_PLACEMENT_3D('',#7383,#6065,#6066);
#4965=AXIS2_PLACEMENT_3D('',#7389,#6070,#6071);
#4966=AXIS2_PLACEMENT_3D('',#7395,#6075,#6076);
#4967=AXIS2_PLACEMENT_3D('',#7401,#6080,#6081);
#4968=AXIS2_PLACEMENT_3D('',#7407,#6085,#6086);
#4969=AXIS2_PLACEMENT_3D('',#7410,#6089,#6090);
#4970=AXIS2_PLACEMENT_3D('',#7413,#6093,#6094);
#4971=AXIS2_PLACEMENT_3D('',#7416,#6097,#6098);
#4972=AXIS2_PLACEMENT_3D('',#7419,#6101,#6102);
#4973=AXIS2_PLACEMENT_3D('',#7422,#6105,#6106);
#4974=AXIS2_PLACEMENT_3D('',#7425,#6109,#6110);
#4975=AXIS2_PLACEMENT_3D('',#7428,#6113,#6114);
#4976=AXIS2_PLACEMENT_3D('',#7431,#6117,#6118);
#4977=AXIS2_PLACEMENT_3D('',#7432,#6119,#6120);
#4978=AXIS2_PLACEMENT_3D('',#7433,#6121,#6122);
#4979=AXIS2_PLACEMENT_3D('',#7434,#6123,#6124);
#4980=AXIS2_PLACEMENT_3D('',#7435,#6125,#6126);
#4981=DIRECTION('axis',(0.,0.,1.));
#4982=DIRECTION('refdir',(1.,0.,0.));
#4983=DIRECTION('axis',(0.,0.,1.));
#4984=DIRECTION('refdir',(1.,0.,0.));
#4985=DIRECTION('center_axis',(0.,1.,0.));
#4986=DIRECTION('ref_axis',(0.,0.,1.));
#4987=DIRECTION('',(-1.,0.,0.));
#4988=DIRECTION('',(0.,0.,1.));
#4989=DIRECTION('',(1.,0.,0.));
#4990=DIRECTION('',(0.,0.,-1.));
#4991=DIRECTION('',(-1.,0.,0.));
#4992=DIRECTION('',(0.,0.,-1.));
#4993=DIRECTION('',(1.,0.,0.));
#4994=DIRECTION('',(0.,0.,1.));
#4995=DIRECTION('',(-1.,0.,0.));
#4996=DIRECTION('',(0.,0.,-1.));
#4997=DIRECTION('',(1.,0.,0.));
#4998=DIRECTION('',(0.,0.,1.));
#4999=DIRECTION('',(-1.,0.,0.));
#5000=DIRECTION('',(0.,0.,-1.));
#5001=DIRECTION('',(1.,0.,0.));
#5002=DIRECTION('',(0.,0.,1.));
#5003=DIRECTION('',(-1.,0.,0.));
#5004=DIRECTION('',(0.,0.,-1.));
#5005=DIRECTION('',(1.,0.,0.));
#5006=DIRECTION('',(0.,0.,1.));
#5007=DIRECTION('',(-1.,0.,0.));
#5008=DIRECTION('',(0.,0.,-1.));
#5009=DIRECTION('',(1.,0.,0.));
#5010=DIRECTION('',(0.,0.,1.));
#5011=DIRECTION('',(-1.,0.,0.));
#5012=DIRECTION('',(0.,0.,-1.));
#5013=DIRECTION('',(1.,0.,0.));
#5014=DIRECTION('',(0.,0.,1.));
#5015=DIRECTION('center_axis',(1.,0.,0.));
#5016=DIRECTION('ref_axis',(0.,0.,-1.));
#5017=DIRECTION('',(0.,-1.,0.));
#5018=DIRECTION('',(0.,0.,1.));
#5019=DIRECTION('',(0.,-1.,0.));
#5020=DIRECTION('',(0.,-1.,0.));
#5021=DIRECTION('',(0.,0.,1.));
#5022=DIRECTION('',(0.,1.,0.));
#5023=DIRECTION('',(0.,0.,1.));
#5024=DIRECTION('center_axis',(0.,0.,1.));
#5025=DIRECTION('ref_axis',(1.,0.,0.));
#5026=DIRECTION('',(0.,-1.,0.));
#5027=DIRECTION('',(1.,0.,0.));
#5028=DIRECTION('',(0.,-1.,0.));
#5029=DIRECTION('center_axis',(-1.,0.,0.));
#5030=DIRECTION('ref_axis',(0.,0.,1.));
#5031=DIRECTION('',(0.,0.,1.));
#5032=DIRECTION('',(0.,-1.,0.));
#5033=DIRECTION('center_axis',(0.,0.,-1.));
#5034=DIRECTION('ref_axis',(-1.,0.,0.));
#5035=DIRECTION('',(-1.,0.,0.));
#5036=DIRECTION('',(0.,-1.,0.));
#5037=DIRECTION('center_axis',(0.,0.,1.));
#5038=DIRECTION('ref_axis',(1.,0.,0.));
#5039=DIRECTION('',(0.,-1.,0.));
#5040=DIRECTION('',(1.,0.,0.));
#5041=DIRECTION('',(0.,-1.,0.));
#5042=DIRECTION('center_axis',(-1.,0.,0.));
#5043=DIRECTION('ref_axis',(0.,0.,1.));
#5044=DIRECTION('',(0.,0.,1.));
#5045=DIRECTION('',(0.,-1.,0.));
#5046=DIRECTION('center_axis',(0.,0.,-1.));
#5047=DIRECTION('ref_axis',(-1.,0.,0.));
#5048=DIRECTION('',(-1.,0.,0.));
#5049=DIRECTION('',(0.,-1.,0.));
#5050=DIRECTION('center_axis',(0.,0.,1.));
#5051=DIRECTION('ref_axis',(1.,0.,0.));
#5052=DIRECTION('',(0.,-1.,0.));
#5053=DIRECTION('',(1.,0.,0.));
#5054=DIRECTION('',(0.,-1.,0.));
#5055=DIRECTION('center_axis',(-1.,0.,0.));
#5056=DIRECTION('ref_axis',(0.,0.,1.));
#5057=DIRECTION('',(0.,0.,1.));
#5058=DIRECTION('',(0.,-1.,0.));
#5059=DIRECTION('center_axis',(0.,0.,-1.));
#5060=DIRECTION('ref_axis',(-1.,0.,0.));
#5061=DIRECTION('',(-1.,0.,0.));
#5062=DIRECTION('',(0.,-1.,0.));
#5063=DIRECTION('center_axis',(0.,0.,1.));
#5064=DIRECTION('ref_axis',(1.,0.,0.));
#5065=DIRECTION('',(0.,-1.,0.));
#5066=DIRECTION('',(1.,0.,0.));
#5067=DIRECTION('',(0.,-1.,0.));
#5068=DIRECTION('center_axis',(-1.,0.,0.));
#5069=DIRECTION('ref_axis',(0.,0.,1.));
#5070=DIRECTION('',(0.,0.,1.));
#5071=DIRECTION('',(0.,-1.,0.));
#5072=DIRECTION('center_axis',(0.,0.,-1.));
#5073=DIRECTION('ref_axis',(-1.,0.,0.));
#5074=DIRECTION('',(-1.,0.,0.));
#5075=DIRECTION('',(0.,-1.,0.));
#5076=DIRECTION('center_axis',(0.,0.,1.));
#5077=DIRECTION('ref_axis',(1.,0.,0.));
#5078=DIRECTION('',(0.,-1.,0.));
#5079=DIRECTION('',(1.,0.,0.));
#5080=DIRECTION('',(0.,-1.,0.));
#5081=DIRECTION('center_axis',(-1.,0.,0.));
#5082=DIRECTION('ref_axis',(0.,0.,1.));
#5083=DIRECTION('',(0.,0.,1.));
#5084=DIRECTION('',(0.,-1.,0.));
#5085=DIRECTION('center_axis',(0.,0.,-1.));
#5086=DIRECTION('ref_axis',(-1.,0.,0.));
#5087=DIRECTION('',(-1.,0.,0.));
#5088=DIRECTION('',(0.,-1.,0.));
#5089=DIRECTION('center_axis',(0.,0.,1.));
#5090=DIRECTION('ref_axis',(1.,0.,0.));
#5091=DIRECTION('',(0.,-1.,0.));
#5092=DIRECTION('',(1.,0.,0.));
#5093=DIRECTION('',(0.,-1.,0.));
#5094=DIRECTION('center_axis',(-1.,0.,0.));
#5095=DIRECTION('ref_axis',(0.,0.,1.));
#5096=DIRECTION('',(0.,0.,1.));
#5097=DIRECTION('',(0.,-1.,0.));
#5098=DIRECTION('center_axis',(0.,0.,-1.));
#5099=DIRECTION('ref_axis',(-1.,0.,0.));
#5100=DIRECTION('',(-1.,0.,0.));
#5101=DIRECTION('',(0.,-1.,0.));
#5102=DIRECTION('center_axis',(1.,0.,0.));
#5103=DIRECTION('ref_axis',(0.,0.,-1.));
#5104=DIRECTION('',(0.,0.,-1.));
#5105=DIRECTION('center_axis',(1.,0.,0.));
#5106=DIRECTION('ref_axis',(0.,0.,-1.));
#5107=DIRECTION('',(0.,0.,-1.));
#5108=DIRECTION('center_axis',(1.,0.,0.));
#5109=DIRECTION('ref_axis',(0.,0.,-1.));
#5110=DIRECTION('',(0.,0.,-1.));
#5111=DIRECTION('center_axis',(1.,0.,0.));
#5112=DIRECTION('ref_axis',(0.,0.,-1.));
#5113=DIRECTION('',(0.,0.,-1.));
#5114=DIRECTION('center_axis',(1.,0.,0.));
#5115=DIRECTION('ref_axis',(0.,0.,-1.));
#5116=DIRECTION('',(0.,0.,-1.));
#5117=DIRECTION('center_axis',(1.,0.,0.));
#5118=DIRECTION('ref_axis',(0.,0.,-1.));
#5119=DIRECTION('',(0.,0.,-1.));
#5120=DIRECTION('center_axis',(-1.,0.,0.));
#5121=DIRECTION('ref_axis',(0.,0.,1.));
#5122=DIRECTION('',(0.,-1.,0.));
#5123=DIRECTION('',(0.,0.,1.));
#5124=DIRECTION('',(0.,1.,0.));
#5125=DIRECTION('',(0.,0.,-1.));
#5126=DIRECTION('',(0.,-1.,0.));
#5127=DIRECTION('',(0.,-1.,0.));
#5128=DIRECTION('',(0.,0.,-1.));
#5129=DIRECTION('center_axis',(0.,1.,0.));
#5130=DIRECTION('ref_axis',(0.,0.,1.));
#5131=DIRECTION('',(-1.,0.,0.));
#5132=DIRECTION('',(1.,0.,0.));
#5133=DIRECTION('center_axis',(0.,1.,0.));
#5134=DIRECTION('ref_axis',(0.,0.,1.));
#5135=DIRECTION('',(-1.,0.,0.));
#5136=DIRECTION('',(-1.,0.,0.));
#5137=DIRECTION('center_axis',(0.,0.,1.));
#5138=DIRECTION('ref_axis',(1.,0.,0.));
#5139=DIRECTION('center_axis',(0.,0.,-1.));
#5140=DIRECTION('ref_axis',(-1.,0.,0.));
#5141=DIRECTION('center_axis',(0.,-1.,0.));
#5142=DIRECTION('ref_axis',(0.,0.,-1.));
#5143=DIRECTION('',(-1.,0.,0.));
#5144=DIRECTION('',(-1.,0.,0.));
#5145=DIRECTION('center_axis',(0.,0.,-1.));
#5146=DIRECTION('ref_axis',(-1.,0.,0.));
#5147=DIRECTION('center_axis',(0.,0.,1.));
#5148=DIRECTION('ref_axis',(1.,0.,0.));
#5149=DIRECTION('axis',(0.,0.,1.));
#5150=DIRECTION('refdir',(1.,0.,0.));
#5151=DIRECTION('center_axis',(-1.,0.,0.));
#5152=DIRECTION('ref_axis',(0.,0.,1.));
#5153=DIRECTION('',(0.,1.,0.));
#5154=DIRECTION('',(0.,-8.53702498020082E-17,-1.));
#5155=DIRECTION('',(0.,1.,0.));
#5156=DIRECTION('',(0.,0.,1.));
#5157=DIRECTION('center_axis',(1.,0.,0.));
#5158=DIRECTION('ref_axis',(0.,0.,-1.));
#5159=DIRECTION('',(0.,1.,0.));
#5160=DIRECTION('',(0.,8.53702498020082E-17,1.));
#5161=DIRECTION('',(0.,1.,0.));
#5162=DIRECTION('',(0.,0.,-1.));
#5163=DIRECTION('center_axis',(0.,0.,-1.));
#5164=DIRECTION('ref_axis',(-1.,0.,0.));
#5165=DIRECTION('',(1.,0.,0.));
#5166=DIRECTION('',(-1.,0.,0.));
#5167=DIRECTION('center_axis',(0.,0.,1.));
#5168=DIRECTION('ref_axis',(1.,0.,0.));
#5169=DIRECTION('',(-1.,0.,0.));
#5170=DIRECTION('',(1.,0.,0.));
#5171=DIRECTION('center_axis',(0.,0.,-1.));
#5172=DIRECTION('ref_axis',(-1.,0.,0.));
#5173=DIRECTION('',(1.,0.,0.));
#5174=DIRECTION('',(0.,1.,0.));
#5175=DIRECTION('',(-1.,0.,0.));
#5176=DIRECTION('',(0.,1.,0.));
#5177=DIRECTION('center_axis',(1.,0.,0.));
#5178=DIRECTION('ref_axis',(0.,0.,-1.));
#5179=DIRECTION('',(0.,8.53702498020082E-17,1.));
#5180=DIRECTION('',(0.,0.,-1.));
#5181=DIRECTION('',(0.,1.,0.));
#5182=DIRECTION('center_axis',(0.,0.,1.));
#5183=DIRECTION('ref_axis',(1.,0.,0.));
#5184=DIRECTION('',(-1.,0.,0.));
#5185=DIRECTION('',(1.,0.,0.));
#5186=DIRECTION('',(1.,0.,0.));
#5187=DIRECTION('',(0.,1.,0.));
#5188=DIRECTION('center_axis',(-1.,0.,0.));
#5189=DIRECTION('ref_axis',(0.,0.,1.));
#5190=DIRECTION('',(0.,-8.53702498020082E-17,-1.));
#5191=DIRECTION('',(0.,0.,1.));
#5192=DIRECTION('',(0.,0.,1.));
#5193=DIRECTION('',(0.,1.,0.));
#5194=DIRECTION('center_axis',(0.,0.,1.));
#5195=DIRECTION('ref_axis',(1.,0.,0.));
#5196=DIRECTION('',(-1.,0.,0.));
#5197=DIRECTION('',(1.,0.,0.));
#5198=DIRECTION('',(0.,1.,0.));
#5199=DIRECTION('center_axis',(1.,0.,0.));
#5200=DIRECTION('ref_axis',(0.,0.,-1.));
#5201=DIRECTION('',(0.,8.53702498020082E-17,1.));
#5202=DIRECTION('',(0.,0.,-1.));
#5203=DIRECTION('',(0.,0.,-1.));
#5204=DIRECTION('',(0.,1.,0.));
#5205=DIRECTION('center_axis',(0.,0.,1.));
#5206=DIRECTION('ref_axis',(1.,0.,0.));
#5207=DIRECTION('',(-1.,0.,0.));
#5208=DIRECTION('',(1.,0.,0.));
#5209=DIRECTION('',(1.,0.,0.));
#5210=DIRECTION('',(0.,1.,0.));
#5211=DIRECTION('center_axis',(-1.,0.,0.));
#5212=DIRECTION('ref_axis',(0.,0.,1.));
#5213=DIRECTION('',(0.,-8.53702498020082E-17,-1.));
#5214=DIRECTION('',(0.,1.,0.));
#5215=DIRECTION('',(0.,0.,1.));
#5216=DIRECTION('',(0.,1.,0.));
#5217=DIRECTION('center_axis',(0.,0.,-1.));
#5218=DIRECTION('ref_axis',(-1.,0.,0.));
#5219=DIRECTION('',(1.,0.,0.));
#5220=DIRECTION('',(-1.,0.,0.));
#5221=DIRECTION('',(-1.,0.,0.));
#5222=DIRECTION('',(0.,1.,0.));
#5223=DIRECTION('center_axis',(1.,0.,0.));
#5224=DIRECTION('ref_axis',(0.,0.,-1.));
#5225=DIRECTION('',(0.,8.53702498020082E-17,1.));
#5226=DIRECTION('',(0.,0.,-1.));
#5227=DIRECTION('',(0.,0.,-1.));
#5228=DIRECTION('',(0.,1.,0.));
#5229=DIRECTION('center_axis',(0.,0.,-1.));
#5230=DIRECTION('ref_axis',(-1.,0.,0.));
#5231=DIRECTION('',(1.,0.,0.));
#5232=DIRECTION('',(-1.,0.,0.));
#5233=DIRECTION('',(0.,1.,0.));
#5234=DIRECTION('center_axis',(-1.,0.,0.));
#5235=DIRECTION('ref_axis',(0.,0.,1.));
#5236=DIRECTION('',(0.,-8.53702498020082E-17,-1.));
#5237=DIRECTION('',(0.,0.,1.));
#5238=DIRECTION('',(0.,0.,1.));
#5239=DIRECTION('',(0.,1.,0.));
#5240=DIRECTION('center_axis',(0.,0.,-1.));
#5241=DIRECTION('ref_axis',(-1.,0.,0.));
#5242=DIRECTION('',(1.,0.,0.));
#5243=DIRECTION('',(-1.,0.,0.));
#5244=DIRECTION('',(-1.,0.,0.));
#5245=DIRECTION('',(0.,1.,0.));
#5246=DIRECTION('center_axis',(1.,0.,0.));
#5247=DIRECTION('ref_axis',(0.,0.,-1.));
#5248=DIRECTION('',(0.,8.53702498020082E-17,1.));
#5249=DIRECTION('',(0.,0.,-1.));
#5250=DIRECTION('',(0.,1.,0.));
#5251=DIRECTION('center_axis',(0.,0.,-1.));
#5252=DIRECTION('ref_axis',(-1.,0.,0.));
#5253=DIRECTION('',(1.,0.,0.));
#5254=DIRECTION('',(0.,1.,0.));
#5255=DIRECTION('',(-1.,0.,0.));
#5256=DIRECTION('',(0.,1.,0.));
#5257=DIRECTION('center_axis',(1.,0.,0.));
#5258=DIRECTION('ref_axis',(0.,0.,-1.));
#5259=DIRECTION('',(0.,8.53702498020082E-17,1.));
#5260=DIRECTION('',(0.,0.,-1.));
#5261=DIRECTION('',(0.,1.,0.));
#5262=DIRECTION('center_axis',(0.,0.,1.));
#5263=DIRECTION('ref_axis',(1.,0.,0.));
#5264=DIRECTION('',(-1.,0.,0.));
#5265=DIRECTION('',(1.,0.,0.));
#5266=DIRECTION('',(0.,1.,0.));
#5267=DIRECTION('center_axis',(0.,0.,-1.));
#5268=DIRECTION('ref_axis',(-1.,0.,0.));
#5269=DIRECTION('',(1.,0.,0.));
#5270=DIRECTION('',(0.,1.,0.));
#5271=DIRECTION('',(-1.,0.,0.));
#5272=DIRECTION('',(0.,1.,0.));
#5273=DIRECTION('center_axis',(1.,0.,0.));
#5274=DIRECTION('ref_axis',(0.,0.,-1.));
#5275=DIRECTION('',(0.,8.53702498020082E-17,1.));
#5276=DIRECTION('',(0.,0.,-1.));
#5277=DIRECTION('',(0.,1.,0.));
#5278=DIRECTION('center_axis',(0.,0.,1.));
#5279=DIRECTION('ref_axis',(1.,0.,0.));
#5280=DIRECTION('',(-1.,0.,0.));
#5281=DIRECTION('',(1.,0.,0.));
#5282=DIRECTION('',(1.,0.,0.));
#5283=DIRECTION('',(0.,1.,0.));
#5284=DIRECTION('center_axis',(-1.,0.,0.));
#5285=DIRECTION('ref_axis',(0.,0.,1.));
#5286=DIRECTION('',(0.,-8.53702498020082E-17,-1.));
#5287=DIRECTION('',(0.,0.,1.));
#5288=DIRECTION('',(0.,0.,1.));
#5289=DIRECTION('',(0.,1.,0.));
#5290=DIRECTION('center_axis',(0.,0.,1.));
#5291=DIRECTION('ref_axis',(1.,0.,0.));
#5292=DIRECTION('',(-1.,0.,0.));
#5293=DIRECTION('',(1.,0.,0.));
#5294=DIRECTION('',(0.,1.,0.));
#5295=DIRECTION('center_axis',(1.,0.,0.));
#5296=DIRECTION('ref_axis',(0.,0.,-1.));
#5297=DIRECTION('',(0.,8.53702498020082E-17,1.));
#5298=DIRECTION('',(0.,0.,-1.));
#5299=DIRECTION('',(0.,0.,-1.));
#5300=DIRECTION('',(0.,1.,0.));
#5301=DIRECTION('center_axis',(0.,0.,1.));
#5302=DIRECTION('ref_axis',(1.,0.,0.));
#5303=DIRECTION('',(-1.,0.,0.));
#5304=DIRECTION('',(1.,0.,0.));
#5305=DIRECTION('',(1.,0.,0.));
#5306=DIRECTION('',(0.,1.,0.));
#5307=DIRECTION('center_axis',(-1.,0.,0.));
#5308=DIRECTION('ref_axis',(0.,0.,1.));
#5309=DIRECTION('',(0.,-8.53702498020082E-17,-1.));
#5310=DIRECTION('',(0.,1.,0.));
#5311=DIRECTION('',(0.,0.,1.));
#5312=DIRECTION('',(0.,1.,0.));
#5313=DIRECTION('center_axis',(0.,0.,-1.));
#5314=DIRECTION('ref_axis',(-1.,0.,0.));
#5315=DIRECTION('',(1.,0.,0.));
#5316=DIRECTION('',(-1.,0.,0.));
#5317=DIRECTION('',(-1.,0.,0.));
#5318=DIRECTION('',(0.,1.,0.));
#5319=DIRECTION('center_axis',(1.,0.,0.));
#5320=DIRECTION('ref_axis',(0.,0.,-1.));
#5321=DIRECTION('',(0.,8.53702498020082E-17,1.));
#5322=DIRECTION('',(0.,0.,-1.));
#5323=DIRECTION('',(0.,0.,-1.));
#5324=DIRECTION('',(0.,1.,0.));
#5325=DIRECTION('center_axis',(0.,0.,-1.));
#5326=DIRECTION('ref_axis',(-1.,0.,0.));
#5327=DIRECTION('',(1.,0.,0.));
#5328=DIRECTION('',(-1.,0.,0.));
#5329=DIRECTION('',(0.,1.,0.));
#5330=DIRECTION('center_axis',(-1.,0.,0.));
#5331=DIRECTION('ref_axis',(0.,0.,1.));
#5332=DIRECTION('',(0.,-8.53702498020082E-17,-1.));
#5333=DIRECTION('',(0.,0.,1.));
#5334=DIRECTION('',(0.,0.,1.));
#5335=DIRECTION('',(0.,1.,0.));
#5336=DIRECTION('center_axis',(0.,0.,-1.));
#5337=DIRECTION('ref_axis',(-1.,0.,0.));
#5338=DIRECTION('',(1.,0.,0.));
#5339=DIRECTION('',(-1.,0.,0.));
#5340=DIRECTION('',(-1.,0.,0.));
#5341=DIRECTION('',(0.,1.,0.));
#5342=DIRECTION('center_axis',(1.,0.,0.));
#5343=DIRECTION('ref_axis',(0.,0.,-1.));
#5344=DIRECTION('',(0.,8.53702498020082E-17,1.));
#5345=DIRECTION('',(0.,0.,-1.));
#5346=DIRECTION('',(0.,1.,0.));
#5347=DIRECTION('center_axis',(0.,0.,-1.));
#5348=DIRECTION('ref_axis',(-1.,0.,0.));
#5349=DIRECTION('',(1.,0.,0.));
#5350=DIRECTION('',(0.,1.,0.));
#5351=DIRECTION('',(-1.,0.,0.));
#5352=DIRECTION('',(0.,1.,0.));
#5353=DIRECTION('center_axis',(1.,0.,0.));
#5354=DIRECTION('ref_axis',(0.,0.,-1.));
#5355=DIRECTION('',(0.,8.53702498020082E-17,1.));
#5356=DIRECTION('',(0.,0.,-1.));
#5357=DIRECTION('',(0.,1.,0.));
#5358=DIRECTION('center_axis',(0.,0.,1.));
#5359=DIRECTION('ref_axis',(1.,0.,0.));
#5360=DIRECTION('',(-1.,0.,0.));
#5361=DIRECTION('',(1.,0.,0.));
#5362=DIRECTION('',(0.,1.,0.));
#5363=DIRECTION('center_axis',(0.,0.,-1.));
#5364=DIRECTION('ref_axis',(-1.,0.,0.));
#5365=DIRECTION('',(1.,0.,0.));
#5366=DIRECTION('',(0.,1.,0.));
#5367=DIRECTION('',(-1.,0.,0.));
#5368=DIRECTION('',(0.,1.,0.));
#5369=DIRECTION('center_axis',(1.,0.,0.));
#5370=DIRECTION('ref_axis',(0.,0.,-1.));
#5371=DIRECTION('',(0.,8.53702498020082E-17,1.));
#5372=DIRECTION('',(0.,0.,-1.));
#5373=DIRECTION('',(0.,1.,0.));
#5374=DIRECTION('center_axis',(0.,0.,1.));
#5375=DIRECTION('ref_axis',(1.,0.,0.));
#5376=DIRECTION('',(-1.,0.,0.));
#5377=DIRECTION('',(1.,0.,0.));
#5378=DIRECTION('',(1.,0.,0.));
#5379=DIRECTION('',(0.,1.,0.));
#5380=DIRECTION('center_axis',(-1.,0.,0.));
#5381=DIRECTION('ref_axis',(0.,0.,1.));
#5382=DIRECTION('',(0.,-8.53702498020082E-17,-1.));
#5383=DIRECTION('',(0.,0.,1.));
#5384=DIRECTION('',(0.,0.,1.));
#5385=DIRECTION('',(0.,1.,0.));
#5386=DIRECTION('center_axis',(0.,0.,1.));
#5387=DIRECTION('ref_axis',(1.,0.,0.));
#5388=DIRECTION('',(-1.,0.,0.));
#5389=DIRECTION('',(1.,0.,0.));
#5390=DIRECTION('',(0.,1.,0.));
#5391=DIRECTION('center_axis',(1.,0.,0.));
#5392=DIRECTION('ref_axis',(0.,0.,-1.));
#5393=DIRECTION('',(0.,8.53702498020082E-17,1.));
#5394=DIRECTION('',(0.,0.,-1.));
#5395=DIRECTION('',(0.,0.,-1.));
#5396=DIRECTION('',(0.,1.,0.));
#5397=DIRECTION('center_axis',(0.,0.,1.));
#5398=DIRECTION('ref_axis',(1.,0.,0.));
#5399=DIRECTION('',(-1.,0.,0.));
#5400=DIRECTION('',(1.,0.,0.));
#5401=DIRECTION('',(1.,0.,0.));
#5402=DIRECTION('',(0.,1.,0.));
#5403=DIRECTION('center_axis',(-1.,0.,0.));
#5404=DIRECTION('ref_axis',(0.,0.,1.));
#5405=DIRECTION('',(0.,-8.53702498020082E-17,-1.));
#5406=DIRECTION('',(0.,1.,0.));
#5407=DIRECTION('',(0.,0.,1.));
#5408=DIRECTION('',(0.,1.,0.));
#5409=DIRECTION('center_axis',(0.,0.,-1.));
#5410=DIRECTION('ref_axis',(-1.,0.,0.));
#5411=DIRECTION('',(1.,0.,0.));
#5412=DIRECTION('',(-1.,0.,0.));
#5413=DIRECTION('',(-1.,0.,0.));
#5414=DIRECTION('',(0.,1.,0.));
#5415=DIRECTION('center_axis',(1.,0.,0.));
#5416=DIRECTION('ref_axis',(0.,0.,-1.));
#5417=DIRECTION('',(0.,8.53702498020082E-17,1.));
#5418=DIRECTION('',(0.,0.,-1.));
#5419=DIRECTION('',(0.,0.,-1.));
#5420=DIRECTION('',(0.,1.,0.));
#5421=DIRECTION('center_axis',(0.,0.,-1.));
#5422=DIRECTION('ref_axis',(-1.,0.,0.));
#5423=DIRECTION('',(1.,0.,0.));
#5424=DIRECTION('',(-1.,0.,0.));
#5425=DIRECTION('',(0.,1.,0.));
#5426=DIRECTION('center_axis',(-1.,0.,0.));
#5427=DIRECTION('ref_axis',(0.,0.,1.));
#5428=DIRECTION('',(0.,-8.53702498020082E-17,-1.));
#5429=DIRECTION('',(0.,0.,1.));
#5430=DIRECTION('',(0.,0.,1.));
#5431=DIRECTION('',(0.,1.,0.));
#5432=DIRECTION('center_axis',(0.,0.,-1.));
#5433=DIRECTION('ref_axis',(-1.,0.,0.));
#5434=DIRECTION('',(1.,0.,0.));
#5435=DIRECTION('',(-1.,0.,0.));
#5436=DIRECTION('',(-1.,0.,0.));
#5437=DIRECTION('',(0.,1.,0.));
#5438=DIRECTION('center_axis',(1.,0.,0.));
#5439=DIRECTION('ref_axis',(0.,0.,-1.));
#5440=DIRECTION('',(0.,8.53702498020082E-17,1.));
#5441=DIRECTION('',(0.,0.,-1.));
#5442=DIRECTION('',(0.,1.,0.));
#5443=DIRECTION('center_axis',(-1.,0.,0.));
#5444=DIRECTION('ref_axis',(0.,0.,1.));
#5445=DIRECTION('',(0.,-8.53702498020082E-17,-1.));
#5446=DIRECTION('',(0.,0.,1.));
#5447=DIRECTION('center_axis',(0.,0.,1.));
#5448=DIRECTION('ref_axis',(1.,0.,0.));
#5449=DIRECTION('',(-1.,0.,0.));
#5450=DIRECTION('',(1.,0.,0.));
#5451=DIRECTION('center_axis',(-1.,0.,0.));
#5452=DIRECTION('ref_axis',(0.,0.,1.));
#5453=DIRECTION('',(0.,-8.53702498020082E-17,-1.));
#5454=DIRECTION('',(0.,0.,1.));
#5455=DIRECTION('center_axis',(-1.,0.,0.));
#5456=DIRECTION('ref_axis',(0.,0.,1.));
#5457=DIRECTION('',(0.,-8.53702498020082E-17,-1.));
#5458=DIRECTION('',(0.,0.,1.));
#5459=DIRECTION('center_axis',(0.,0.,1.));
#5460=DIRECTION('ref_axis',(1.,0.,0.));
#5461=DIRECTION('',(-1.,0.,0.));
#5462=DIRECTION('',(1.,0.,0.));
#5463=DIRECTION('center_axis',(-1.,0.,0.));
#5464=DIRECTION('ref_axis',(0.,0.,1.));
#5465=DIRECTION('',(0.,-8.53702498020082E-17,-1.));
#5466=DIRECTION('',(0.,0.,1.));
#5467=DIRECTION('center_axis',(-1.,0.,0.));
#5468=DIRECTION('ref_axis',(0.,0.,1.));
#5469=DIRECTION('',(0.,-8.53702498020082E-17,-1.));
#5470=DIRECTION('',(0.,0.,1.));
#5471=DIRECTION('center_axis',(0.,0.,1.));
#5472=DIRECTION('ref_axis',(1.,0.,0.));
#5473=DIRECTION('',(-1.,0.,0.));
#5474=DIRECTION('',(1.,0.,0.));
#5475=DIRECTION('center_axis',(0.,-1.,0.));
#5476=DIRECTION('ref_axis',(0.,0.,-1.));
#5477=DIRECTION('',(0.,0.,-1.));
#5478=DIRECTION('',(-1.,0.,0.));
#5479=DIRECTION('center_axis',(0.,-1.,0.));
#5480=DIRECTION('ref_axis',(0.,0.,-1.));
#5481=DIRECTION('',(0.,0.,-1.));
#5482=DIRECTION('',(-1.,0.,0.));
#5483=DIRECTION('center_axis',(0.,-1.,0.));
#5484=DIRECTION('ref_axis',(0.,0.,-1.));
#5485=DIRECTION('',(0.,0.,-1.));
#5486=DIRECTION('',(-1.,0.,0.));
#5487=DIRECTION('center_axis',(0.,-1.,0.));
#5488=DIRECTION('ref_axis',(0.,0.,-1.));
#5489=DIRECTION('',(0.,0.,-1.));
#5490=DIRECTION('',(-1.,0.,0.));
#5491=DIRECTION('center_axis',(0.,-1.,0.));
#5492=DIRECTION('ref_axis',(0.,0.,-1.));
#5493=DIRECTION('',(0.,0.,-1.));
#5494=DIRECTION('',(-1.,0.,0.));
#5495=DIRECTION('center_axis',(0.,-1.,0.));
#5496=DIRECTION('ref_axis',(0.,0.,-1.));
#5497=DIRECTION('',(0.,0.,-1.));
#5498=DIRECTION('',(-1.,0.,0.));
#5499=DIRECTION('center_axis',(0.,0.,-1.));
#5500=DIRECTION('ref_axis',(-1.,0.,0.));
#5501=DIRECTION('',(0.,-1.,0.));
#5502=DIRECTION('',(-1.,0.,0.));
#5503=DIRECTION('',(0.,1.,0.));
#5504=DIRECTION('',(-1.,0.,0.));
#5505=DIRECTION('center_axis',(0.,0.,-1.));
#5506=DIRECTION('ref_axis',(-1.,0.,0.));
#5507=DIRECTION('',(0.,-1.,0.));
#5508=DIRECTION('',(-1.,0.,0.));
#5509=DIRECTION('',(0.,1.,0.));
#5510=DIRECTION('',(-1.,0.,0.));
#5511=DIRECTION('center_axis',(0.,0.,-1.));
#5512=DIRECTION('ref_axis',(-1.,0.,0.));
#5513=DIRECTION('',(0.,-1.,0.));
#5514=DIRECTION('',(-1.,0.,0.));
#5515=DIRECTION('',(0.,1.,0.));
#5516=DIRECTION('',(-1.,0.,0.));
#5517=DIRECTION('center_axis',(0.,1.,0.));
#5518=DIRECTION('ref_axis',(0.,0.,1.));
#5519=DIRECTION('',(0.,0.,-1.));
#5520=DIRECTION('',(0.,0.,1.));
#5521=DIRECTION('',(-1.,0.,0.));
#5522=DIRECTION('center_axis',(0.,1.,0.));
#5523=DIRECTION('ref_axis',(0.,0.,1.));
#5524=DIRECTION('',(0.,0.,-1.));
#5525=DIRECTION('',(0.,0.,1.));
#5526=DIRECTION('',(-1.,0.,0.));
#5527=DIRECTION('center_axis',(0.,1.,0.));
#5528=DIRECTION('ref_axis',(0.,0.,1.));
#5529=DIRECTION('',(0.,0.,-1.));
#5530=DIRECTION('',(0.,0.,1.));
#5531=DIRECTION('',(-1.,0.,0.));
#5532=DIRECTION('center_axis',(-1.,0.,0.));
#5533=DIRECTION('ref_axis',(0.,0.,1.));
#5534=DIRECTION('center_axis',(1.,0.,0.));
#5535=DIRECTION('ref_axis',(0.,0.,-1.));
#5536=DIRECTION('center_axis',(-1.,0.,0.));
#5537=DIRECTION('ref_axis',(0.,0.,1.));
#5538=DIRECTION('',(-1.,0.,0.));
#5539=DIRECTION('center_axis',(-1.,0.,0.));
#5540=DIRECTION('ref_axis',(0.,0.,1.));
#5541=DIRECTION('center_axis',(1.,0.,0.));
#5542=DIRECTION('ref_axis',(0.,0.,-1.));
#5543=DIRECTION('center_axis',(-1.,0.,0.));
#5544=DIRECTION('ref_axis',(0.,0.,1.));
#5545=DIRECTION('',(-1.,0.,0.));
#5546=DIRECTION('center_axis',(-1.,0.,0.));
#5547=DIRECTION('ref_axis',(0.,0.,1.));
#5548=DIRECTION('center_axis',(1.,0.,0.));
#5549=DIRECTION('ref_axis',(0.,0.,-1.));
#5550=DIRECTION('center_axis',(-1.,0.,0.));
#5551=DIRECTION('ref_axis',(0.,0.,1.));
#5552=DIRECTION('',(-1.,0.,0.));
#5553=DIRECTION('center_axis',(0.,0.,1.));
#5554=DIRECTION('ref_axis',(1.,0.,0.));
#5555=DIRECTION('',(0.,1.,0.));
#5556=DIRECTION('',(0.,-1.,0.));
#5557=DIRECTION('',(1.,0.,0.));
#5558=DIRECTION('center_axis',(0.,0.,1.));
#5559=DIRECTION('ref_axis',(1.,0.,0.));
#5560=DIRECTION('',(0.,1.,0.));
#5561=DIRECTION('',(0.,-1.,0.));
#5562=DIRECTION('',(1.,0.,0.));
#5563=DIRECTION('center_axis',(0.,0.,1.));
#5564=DIRECTION('ref_axis',(1.,0.,0.));
#5565=DIRECTION('',(0.,1.,0.));
#5566=DIRECTION('',(0.,-1.,0.));
#5567=DIRECTION('',(1.,0.,0.));
#5568=DIRECTION('center_axis',(0.,0.,-1.));
#5569=DIRECTION('ref_axis',(-1.,0.,0.));
#5570=DIRECTION('',(0.,-1.,0.));
#5571=DIRECTION('',(-1.,0.,0.));
#5572=DIRECTION('',(0.,1.,0.));
#5573=DIRECTION('',(-1.,0.,0.));
#5574=DIRECTION('center_axis',(0.,0.,-1.));
#5575=DIRECTION('ref_axis',(-1.,0.,0.));
#5576=DIRECTION('',(0.,-1.,0.));
#5577=DIRECTION('',(-1.,0.,0.));
#5578=DIRECTION('',(0.,1.,0.));
#5579=DIRECTION('',(-1.,0.,0.));
#5580=DIRECTION('center_axis',(0.,0.,-1.));
#5581=DIRECTION('ref_axis',(-1.,0.,0.));
#5582=DIRECTION('',(0.,-1.,0.));
#5583=DIRECTION('',(-1.,0.,0.));
#5584=DIRECTION('',(0.,1.,0.));
#5585=DIRECTION('',(-1.,0.,0.));
#5586=DIRECTION('center_axis',(-1.,0.,0.));
#5587=DIRECTION('ref_axis',(0.,0.,1.));
#5588=DIRECTION('',(-1.,0.,0.));
#5589=DIRECTION('center_axis',(1.,0.,0.));
#5590=DIRECTION('ref_axis',(0.,0.,-1.));
#5591=DIRECTION('center_axis',(-1.,0.,0.));
#5592=DIRECTION('ref_axis',(0.,0.,1.));
#5593=DIRECTION('center_axis',(-1.,0.,0.));
#5594=DIRECTION('ref_axis',(0.,0.,1.));
#5595=DIRECTION('',(-1.,0.,0.));
#5596=DIRECTION('center_axis',(1.,0.,0.));
#5597=DIRECTION('ref_axis',(0.,0.,-1.));
#5598=DIRECTION('center_axis',(-1.,0.,0.));
#5599=DIRECTION('ref_axis',(0.,0.,1.));
#5600=DIRECTION('center_axis',(-1.,0.,0.));
#5601=DIRECTION('ref_axis',(0.,0.,1.));
#5602=DIRECTION('',(-1.,0.,0.));
#5603=DIRECTION('center_axis',(1.,0.,0.));
#5604=DIRECTION('ref_axis',(0.,0.,-1.));
#5605=DIRECTION('center_axis',(-1.,0.,0.));
#5606=DIRECTION('ref_axis',(0.,0.,1.));
#5607=DIRECTION('center_axis',(0.,-1.,0.));
#5608=DIRECTION('ref_axis',(0.,0.,-1.));
#5609=DIRECTION('',(0.,0.,1.));
#5610=DIRECTION('',(0.,0.,-1.));
#5611=DIRECTION('center_axis',(0.,-1.,0.));
#5612=DIRECTION('ref_axis',(0.,0.,-1.));
#5613=DIRECTION('',(0.,0.,1.));
#5614=DIRECTION('',(0.,0.,-1.));
#5615=DIRECTION('center_axis',(0.,-1.,0.));
#5616=DIRECTION('ref_axis',(0.,0.,-1.));
#5617=DIRECTION('',(0.,0.,1.));
#5618=DIRECTION('',(0.,0.,-1.));
#5619=DIRECTION('center_axis',(0.,-1.,0.));
#5620=DIRECTION('ref_axis',(0.,0.,-1.));
#5621=DIRECTION('',(0.,0.,-1.));
#5622=DIRECTION('',(-1.,0.,0.));
#5623=DIRECTION('center_axis',(0.,-1.,0.));
#5624=DIRECTION('ref_axis',(0.,0.,-1.));
#5625=DIRECTION('',(0.,0.,-1.));
#5626=DIRECTION('',(-1.,0.,0.));
#5627=DIRECTION('center_axis',(0.,-1.,0.));
#5628=DIRECTION('ref_axis',(0.,0.,-1.));
#5629=DIRECTION('',(0.,0.,-1.));
#5630=DIRECTION('',(-1.,0.,0.));
#5631=DIRECTION('center_axis',(0.,-1.,0.));
#5632=DIRECTION('ref_axis',(0.,0.,-1.));
#5633=DIRECTION('',(0.,0.,-1.));
#5634=DIRECTION('',(-1.,0.,0.));
#5635=DIRECTION('center_axis',(0.,-1.,0.));
#5636=DIRECTION('ref_axis',(0.,0.,-1.));
#5637=DIRECTION('',(0.,0.,-1.));
#5638=DIRECTION('',(-1.,0.,0.));
#5639=DIRECTION('center_axis',(0.,-1.,0.));
#5640=DIRECTION('ref_axis',(0.,0.,-1.));
#5641=DIRECTION('',(0.,0.,-1.));
#5642=DIRECTION('',(-1.,0.,0.));
#5643=DIRECTION('center_axis',(0.,0.,-1.));
#5644=DIRECTION('ref_axis',(-1.,0.,0.));
#5645=DIRECTION('',(0.,-1.,0.));
#5646=DIRECTION('',(-1.,0.,0.));
#5647=DIRECTION('',(0.,1.,0.));
#5648=DIRECTION('',(-1.,0.,0.));
#5649=DIRECTION('center_axis',(0.,0.,-1.));
#5650=DIRECTION('ref_axis',(-1.,0.,0.));
#5651=DIRECTION('',(0.,-1.,0.));
#5652=DIRECTION('',(-1.,0.,0.));
#5653=DIRECTION('',(0.,1.,0.));
#5654=DIRECTION('',(-1.,0.,0.));
#5655=DIRECTION('center_axis',(0.,0.,-1.));
#5656=DIRECTION('ref_axis',(-1.,0.,0.));
#5657=DIRECTION('',(0.,-1.,0.));
#5658=DIRECTION('',(-1.,0.,0.));
#5659=DIRECTION('',(0.,1.,0.));
#5660=DIRECTION('',(-1.,0.,0.));
#5661=DIRECTION('center_axis',(-1.,0.,0.));
#5662=DIRECTION('ref_axis',(0.,0.,1.));
#5663=DIRECTION('center_axis',(1.,0.,0.));
#5664=DIRECTION('ref_axis',(0.,0.,-1.));
#5665=DIRECTION('center_axis',(-1.,0.,0.));
#5666=DIRECTION('ref_axis',(0.,0.,1.));
#5667=DIRECTION('',(-1.,0.,0.));
#5668=DIRECTION('center_axis',(-1.,0.,0.));
#5669=DIRECTION('ref_axis',(0.,0.,1.));
#5670=DIRECTION('center_axis',(1.,0.,0.));
#5671=DIRECTION('ref_axis',(0.,0.,-1.));
#5672=DIRECTION('center_axis',(-1.,0.,0.));
#5673=DIRECTION('ref_axis',(0.,0.,1.));
#5674=DIRECTION('',(-1.,0.,0.));
#5675=DIRECTION('center_axis',(-1.,0.,0.));
#5676=DIRECTION('ref_axis',(0.,0.,1.));
#5677=DIRECTION('center_axis',(1.,0.,0.));
#5678=DIRECTION('ref_axis',(0.,0.,-1.));
#5679=DIRECTION('center_axis',(-1.,0.,0.));
#5680=DIRECTION('ref_axis',(0.,0.,1.));
#5681=DIRECTION('',(-1.,0.,0.));
#5682=DIRECTION('center_axis',(0.,1.,0.));
#5683=DIRECTION('ref_axis',(0.,0.,1.));
#5684=DIRECTION('',(0.,0.,-1.));
#5685=DIRECTION('',(0.,0.,1.));
#5686=DIRECTION('',(-1.,0.,0.));
#5687=DIRECTION('center_axis',(0.,1.,0.));
#5688=DIRECTION('ref_axis',(0.,0.,1.));
#5689=DIRECTION('',(0.,0.,-1.));
#5690=DIRECTION('',(0.,0.,1.));
#5691=DIRECTION('',(-1.,0.,0.));
#5692=DIRECTION('center_axis',(0.,1.,0.));
#5693=DIRECTION('ref_axis',(0.,0.,1.));
#5694=DIRECTION('',(0.,0.,-1.));
#5695=DIRECTION('',(0.,0.,1.));
#5696=DIRECTION('',(-1.,0.,0.));
#5697=DIRECTION('center_axis',(0.,0.,1.));
#5698=DIRECTION('ref_axis',(1.,0.,0.));
#5699=DIRECTION('',(0.,1.,0.));
#5700=DIRECTION('',(0.,-1.,0.));
#5701=DIRECTION('',(-1.,0.,0.));
#5702=DIRECTION('center_axis',(0.,0.,1.));
#5703=DIRECTION('ref_axis',(1.,0.,0.));
#5704=DIRECTION('',(0.,1.,0.));
#5705=DIRECTION('',(0.,-1.,0.));
#5706=DIRECTION('',(-1.,0.,0.));
#5707=DIRECTION('center_axis',(0.,0.,1.));
#5708=DIRECTION('ref_axis',(1.,0.,0.));
#5709=DIRECTION('',(0.,1.,0.));
#5710=DIRECTION('',(0.,-1.,0.));
#5711=DIRECTION('',(-1.,0.,0.));
#5712=DIRECTION('center_axis',(0.,-1.,0.));
#5713=DIRECTION('ref_axis',(0.,0.,-1.));
#5714=DIRECTION('',(0.,0.,1.));
#5715=DIRECTION('',(0.,0.,-1.));
#5716=DIRECTION('',(-1.,0.,0.));
#5717=DIRECTION('center_axis',(0.,-1.,0.));
#5718=DIRECTION('ref_axis',(0.,0.,-1.));
#5719=DIRECTION('',(0.,0.,1.));
#5720=DIRECTION('',(0.,0.,-1.));
#5721=DIRECTION('',(-1.,0.,0.));
#5722=DIRECTION('center_axis',(0.,-1.,0.));
#5723=DIRECTION('ref_axis',(0.,0.,-1.));
#5724=DIRECTION('',(0.,0.,1.));
#5725=DIRECTION('',(0.,0.,-1.));
#5726=DIRECTION('',(-1.,0.,0.));
#5727=DIRECTION('center_axis',(-1.,0.,0.));
#5728=DIRECTION('ref_axis',(0.,0.,1.));
#5729=DIRECTION('',(-1.,0.,0.));
#5730=DIRECTION('center_axis',(1.,0.,0.));
#5731=DIRECTION('ref_axis',(0.,0.,-1.));
#5732=DIRECTION('center_axis',(-1.,0.,0.));
#5733=DIRECTION('ref_axis',(0.,0.,1.));
#5734=DIRECTION('center_axis',(-1.,0.,0.));
#5735=DIRECTION('ref_axis',(0.,0.,1.));
#5736=DIRECTION('',(-1.,0.,0.));
#5737=DIRECTION('center_axis',(1.,0.,0.));
#5738=DIRECTION('ref_axis',(0.,0.,-1.));
#5739=DIRECTION('center_axis',(-1.,0.,0.));
#5740=DIRECTION('ref_axis',(0.,0.,1.));
#5741=DIRECTION('center_axis',(-1.,0.,0.));
#5742=DIRECTION('ref_axis',(0.,0.,1.));
#5743=DIRECTION('',(-1.,0.,0.));
#5744=DIRECTION('center_axis',(1.,0.,0.));
#5745=DIRECTION('ref_axis',(0.,0.,-1.));
#5746=DIRECTION('center_axis',(-1.,0.,0.));
#5747=DIRECTION('ref_axis',(0.,0.,1.));
#5748=DIRECTION('center_axis',(0.,0.,1.));
#5749=DIRECTION('ref_axis',(1.,0.,0.));
#5750=DIRECTION('',(0.,1.,0.));
#5751=DIRECTION('',(0.,-1.,0.));
#5752=DIRECTION('',(-1.,0.,0.));
#5753=DIRECTION('center_axis',(0.,0.,1.));
#5754=DIRECTION('ref_axis',(1.,0.,0.));
#5755=DIRECTION('',(0.,1.,0.));
#5756=DIRECTION('',(0.,-1.,0.));
#5757=DIRECTION('',(-1.,0.,0.));
#5758=DIRECTION('center_axis',(0.,0.,1.));
#5759=DIRECTION('ref_axis',(1.,0.,0.));
#5760=DIRECTION('',(0.,1.,0.));
#5761=DIRECTION('',(0.,-1.,0.));
#5762=DIRECTION('',(-1.,0.,0.));
#5763=DIRECTION('center_axis',(0.,1.,0.));
#5764=DIRECTION('ref_axis',(0.,0.,1.));
#5765=DIRECTION('center_axis',(0.,1.,0.));
#5766=DIRECTION('ref_axis',(0.,0.,1.));
#5767=DIRECTION('center_axis',(0.,1.,0.));
#5768=DIRECTION('ref_axis',(0.,0.,1.));
#5769=DIRECTION('center_axis',(0.,1.,0.));
#5770=DIRECTION('ref_axis',(0.,0.,1.));
#5771=DIRECTION('center_axis',(0.,1.,0.));
#5772=DIRECTION('ref_axis',(0.,0.,1.));
#5773=DIRECTION('center_axis',(0.,1.,0.));
#5774=DIRECTION('ref_axis',(0.,0.,1.));
#5775=DIRECTION('center_axis',(0.,1.,0.));
#5776=DIRECTION('ref_axis',(0.,0.,1.));
#5777=DIRECTION('',(0.,0.,-1.));
#5778=DIRECTION('',(0.,0.,-1.));
#5779=DIRECTION('',(0.,0.,-1.));
#5780=DIRECTION('',(0.,0.,-1.));
#5781=DIRECTION('',(0.,0.,-1.));
#5782=DIRECTION('',(0.,0.,-1.));
#5783=DIRECTION('',(0.,0.,-1.));
#5784=DIRECTION('',(0.,0.,-1.));
#5785=DIRECTION('',(0.,0.,-1.));
#5786=DIRECTION('',(0.,0.,-1.));
#5787=DIRECTION('',(0.,0.,-1.));
#5788=DIRECTION('',(0.,0.,-1.));
#5789=DIRECTION('center_axis',(-1.,0.,0.));
#5790=DIRECTION('ref_axis',(0.,0.,1.));
#5791=DIRECTION('center_axis',(1.,0.,0.));
#5792=DIRECTION('ref_axis',(0.,0.,-1.));
#5793=DIRECTION('center_axis',(-1.,0.,0.));
#5794=DIRECTION('ref_axis',(0.,0.,1.));
#5795=DIRECTION('center_axis',(1.,0.,0.));
#5796=DIRECTION('ref_axis',(0.,0.,-1.));
#5797=DIRECTION('center_axis',(-1.,0.,0.));
#5798=DIRECTION('ref_axis',(0.,0.,1.));
#5799=DIRECTION('center_axis',(1.,0.,0.));
#5800=DIRECTION('ref_axis',(0.,0.,-1.));
#5801=DIRECTION('center_axis',(-1.,0.,0.));
#5802=DIRECTION('ref_axis',(0.,0.,1.));
#5803=DIRECTION('center_axis',(-1.,0.,0.));
#5804=DIRECTION('ref_axis',(0.,0.,1.));
#5805=DIRECTION('center_axis',(1.,0.,0.));
#5806=DIRECTION('ref_axis',(0.,0.,-1.));
#5807=DIRECTION('center_axis',(-1.,0.,0.));
#5808=DIRECTION('ref_axis',(0.,0.,1.));
#5809=DIRECTION('center_axis',(1.,0.,0.));
#5810=DIRECTION('ref_axis',(0.,0.,-1.));
#5811=DIRECTION('center_axis',(1.,0.,0.));
#5812=DIRECTION('ref_axis',(0.,0.,-1.));
#5813=DIRECTION('center_axis',(0.,1.,-8.53702498020082E-17));
#5814=DIRECTION('ref_axis',(0.,8.53702498020082E-17,1.));
#5815=DIRECTION('axis',(0.,0.,1.));
#5816=DIRECTION('refdir',(1.,0.,0.));
#5817=DIRECTION('center_axis',(-1.,0.,0.));
#5818=DIRECTION('ref_axis',(0.,0.,1.));
#5819=DIRECTION('',(0.,1.,0.));
#5820=DIRECTION('',(0.,-8.53702498020082E-17,1.));
#5821=DIRECTION('',(0.,1.,0.));
#5822=DIRECTION('',(0.,0.,1.));
#5823=DIRECTION('center_axis',(1.,0.,0.));
#5824=DIRECTION('ref_axis',(0.,0.,-1.));
#5825=DIRECTION('',(0.,1.,0.));
#5826=DIRECTION('',(0.,8.53702498020082E-17,-1.));
#5827=DIRECTION('',(0.,1.,0.));
#5828=DIRECTION('',(0.,0.,-1.));
#5829=DIRECTION('center_axis',(0.,0.,-1.));
#5830=DIRECTION('ref_axis',(-1.,0.,0.));
#5831=DIRECTION('',(-1.,0.,0.));
#5832=DIRECTION('',(-1.,0.,0.));
#5833=DIRECTION('center_axis',(0.,0.,1.));
#5834=DIRECTION('ref_axis',(1.,0.,0.));
#5835=DIRECTION('',(1.,0.,0.));
#5836=DIRECTION('',(1.,0.,0.));
#5837=DIRECTION('center_axis',(0.,0.,-1.));
#5838=DIRECTION('ref_axis',(-1.,0.,0.));
#5839=DIRECTION('',(-1.,0.,0.));
#5840=DIRECTION('',(0.,1.,0.));
#5841=DIRECTION('',(-1.,0.,0.));
#5842=DIRECTION('',(0.,1.,0.));
#5843=DIRECTION('center_axis',(1.,0.,0.));
#5844=DIRECTION('ref_axis',(0.,0.,-1.));
#5845=DIRECTION('',(0.,8.53702498020082E-17,-1.));
#5846=DIRECTION('',(0.,1.,0.));
#5847=DIRECTION('',(0.,0.,-1.));
#5848=DIRECTION('center_axis',(0.,0.,1.));
#5849=DIRECTION('ref_axis',(1.,0.,0.));
#5850=DIRECTION('',(1.,0.,0.));
#5851=DIRECTION('',(0.,1.,0.));
#5852=DIRECTION('',(1.,0.,0.));
#5853=DIRECTION('center_axis',(-1.,0.,0.));
#5854=DIRECTION('ref_axis',(0.,0.,1.));
#5855=DIRECTION('',(0.,-8.53702498020082E-17,1.));
#5856=DIRECTION('',(0.,1.,0.));
#5857=DIRECTION('',(0.,0.,1.));
#5858=DIRECTION('center_axis',(0.,0.,1.));
#5859=DIRECTION('ref_axis',(1.,0.,0.));
#5860=DIRECTION('',(1.,0.,0.));
#5861=DIRECTION('',(0.,1.,0.));
#5862=DIRECTION('',(1.,0.,0.));
#5863=DIRECTION('center_axis',(1.,0.,0.));
#5864=DIRECTION('ref_axis',(0.,0.,-1.));
#5865=DIRECTION('',(0.,8.53702498020082E-17,-1.));
#5866=DIRECTION('',(0.,1.,0.));
#5867=DIRECTION('',(0.,0.,-1.));
#5868=DIRECTION('center_axis',(0.,0.,1.));
#5869=DIRECTION('ref_axis',(1.,0.,0.));
#5870=DIRECTION('',(1.,0.,0.));
#5871=DIRECTION('',(0.,1.,0.));
#5872=DIRECTION('',(1.,0.,0.));
#5873=DIRECTION('center_axis',(-1.,0.,0.));
#5874=DIRECTION('ref_axis',(0.,0.,1.));
#5875=DIRECTION('',(0.,-8.53702498020082E-17,1.));
#5876=DIRECTION('',(0.,1.,0.));
#5877=DIRECTION('',(0.,0.,1.));
#5878=DIRECTION('',(0.,1.,0.));
#5879=DIRECTION('center_axis',(0.,0.,-1.));
#5880=DIRECTION('ref_axis',(-1.,0.,0.));
#5881=DIRECTION('',(-1.,0.,0.));
#5882=DIRECTION('',(0.,1.,0.));
#5883=DIRECTION('',(-1.,0.,0.));
#5884=DIRECTION('center_axis',(1.,0.,0.));
#5885=DIRECTION('ref_axis',(0.,0.,-1.));
#5886=DIRECTION('',(0.,8.53702498020082E-17,-1.));
#5887=DIRECTION('',(0.,1.,0.));
#5888=DIRECTION('',(0.,0.,-1.));
#5889=DIRECTION('center_axis',(0.,0.,-1.));
#5890=DIRECTION('ref_axis',(-1.,0.,0.));
#5891=DIRECTION('',(-1.,0.,0.));
#5892=DIRECTION('',(0.,1.,0.));
#5893=DIRECTION('',(-1.,0.,0.));
#5894=DIRECTION('center_axis',(-1.,0.,0.));
#5895=DIRECTION('ref_axis',(0.,0.,1.));
#5896=DIRECTION('',(0.,-8.53702498020082E-17,1.));
#5897=DIRECTION('',(0.,1.,0.));
#5898=DIRECTION('',(0.,0.,1.));
#5899=DIRECTION('center_axis',(0.,0.,-1.));
#5900=DIRECTION('ref_axis',(-1.,0.,0.));
#5901=DIRECTION('',(-1.,0.,0.));
#5902=DIRECTION('',(0.,1.,0.));
#5903=DIRECTION('',(-1.,0.,0.));
#5904=DIRECTION('center_axis',(1.,0.,0.));
#5905=DIRECTION('ref_axis',(0.,0.,-1.));
#5906=DIRECTION('',(0.,8.53702498020082E-17,-1.));
#5907=DIRECTION('',(0.,1.,0.));
#5908=DIRECTION('',(0.,0.,-1.));
#5909=DIRECTION('center_axis',(0.,0.,-1.));
#5910=DIRECTION('ref_axis',(-1.,0.,0.));
#5911=DIRECTION('',(-1.,0.,0.));
#5912=DIRECTION('',(0.,1.,0.));
#5913=DIRECTION('',(-1.,0.,0.));
#5914=DIRECTION('',(0.,1.,0.));
#5915=DIRECTION('center_axis',(1.,0.,0.));
#5916=DIRECTION('ref_axis',(0.,0.,-1.));
#5917=DIRECTION('',(0.,8.53702498020082E-17,-1.));
#5918=DIRECTION('',(0.,1.,0.));
#5919=DIRECTION('',(0.,0.,-1.));
#5920=DIRECTION('center_axis',(0.,0.,1.));
#5921=DIRECTION('ref_axis',(1.,0.,0.));
#5922=DIRECTION('',(1.,0.,0.));
#5923=DIRECTION('',(0.,1.,0.));
#5924=DIRECTION('',(1.,0.,0.));
#5925=DIRECTION('center_axis',(0.,0.,-1.));
#5926=DIRECTION('ref_axis',(-1.,0.,0.));
#5927=DIRECTION('',(-1.,0.,0.));
#5928=DIRECTION('',(0.,1.,0.));
#5929=DIRECTION('',(-1.,0.,0.));
#5930=DIRECTION('',(0.,1.,0.));
#5931=DIRECTION('center_axis',(1.,0.,0.));
#5932=DIRECTION('ref_axis',(0.,0.,-1.));
#5933=DIRECTION('',(0.,8.53702498020082E-17,-1.));
#5934=DIRECTION('',(0.,1.,0.));
#5935=DIRECTION('',(0.,0.,-1.));
#5936=DIRECTION('center_axis',(0.,0.,1.));
#5937=DIRECTION('ref_axis',(1.,0.,0.));
#5938=DIRECTION('',(1.,0.,0.));
#5939=DIRECTION('',(0.,1.,0.));
#5940=DIRECTION('',(1.,0.,0.));
#5941=DIRECTION('center_axis',(-1.,0.,0.));
#5942=DIRECTION('ref_axis',(0.,0.,1.));
#5943=DIRECTION('',(0.,-8.53702498020082E-17,1.));
#5944=DIRECTION('',(0.,1.,0.));
#5945=DIRECTION('',(0.,0.,1.));
#5946=DIRECTION('center_axis',(0.,0.,1.));
#5947=DIRECTION('ref_axis',(1.,0.,0.));
#5948=DIRECTION('',(1.,0.,0.));
#5949=DIRECTION('',(0.,1.,0.));
#5950=DIRECTION('',(1.,0.,0.));
#5951=DIRECTION('center_axis',(1.,0.,0.));
#5952=DIRECTION('ref_axis',(0.,0.,-1.));
#5953=DIRECTION('',(0.,8.53702498020082E-17,-1.));
#5954=DIRECTION('',(0.,1.,0.));
#5955=DIRECTION('',(0.,0.,-1.));
#5956=DIRECTION('center_axis',(0.,0.,1.));
#5957=DIRECTION('ref_axis',(1.,0.,0.));
#5958=DIRECTION('',(1.,0.,0.));
#5959=DIRECTION('',(0.,1.,0.));
#5960=DIRECTION('',(1.,0.,0.));
#5961=DIRECTION('center_axis',(-1.,0.,0.));
#5962=DIRECTION('ref_axis',(0.,0.,1.));
#5963=DIRECTION('',(0.,-8.53702498020082E-17,1.));
#5964=DIRECTION('',(0.,1.,0.));
#5965=DIRECTION('',(0.,0.,1.));
#5966=DIRECTION('',(0.,1.,0.));
#5967=DIRECTION('center_axis',(0.,0.,-1.));
#5968=DIRECTION('ref_axis',(-1.,0.,0.));
#5969=DIRECTION('',(-1.,0.,0.));
#5970=DIRECTION('',(0.,1.,0.));
#5971=DIRECTION('',(-1.,0.,0.));
#5972=DIRECTION('center_axis',(1.,0.,0.));
#5973=DIRECTION('ref_axis',(0.,0.,-1.));
#5974=DIRECTION('',(0.,8.53702498020082E-17,-1.));
#5975=DIRECTION('',(0.,1.,0.));
#5976=DIRECTION('',(0.,0.,-1.));
#5977=DIRECTION('center_axis',(0.,0.,-1.));
#5978=DIRECTION('ref_axis',(-1.,0.,0.));
#5979=DIRECTION('',(-1.,0.,0.));
#5980=DIRECTION('',(0.,1.,0.));
#5981=DIRECTION('',(-1.,0.,0.));
#5982=DIRECTION('center_axis',(-1.,0.,0.));
#5983=DIRECTION('ref_axis',(0.,0.,1.));
#5984=DIRECTION('',(0.,-8.53702498020082E-17,1.));
#5985=DIRECTION('',(0.,1.,0.));
#5986=DIRECTION('',(0.,0.,1.));
#5987=DIRECTION('center_axis',(0.,0.,-1.));
#5988=DIRECTION('ref_axis',(-1.,0.,0.));
#5989=DIRECTION('',(-1.,0.,0.));
#5990=DIRECTION('',(0.,1.,0.));
#5991=DIRECTION('',(-1.,0.,0.));
#5992=DIRECTION('center_axis',(1.,0.,0.));
#5993=DIRECTION('ref_axis',(0.,0.,-1.));
#5994=DIRECTION('',(0.,8.53702498020082E-17,-1.));
#5995=DIRECTION('',(0.,1.,0.));
#5996=DIRECTION('',(0.,0.,-1.));
#5997=DIRECTION('center_axis',(0.,0.,-1.));
#5998=DIRECTION('ref_axis',(-1.,0.,0.));
#5999=DIRECTION('',(-1.,0.,0.));
#6000=DIRECTION('',(0.,1.,0.));
#6001=DIRECTION('',(-1.,0.,0.));
#6002=DIRECTION('',(0.,1.,0.));
#6003=DIRECTION('center_axis',(1.,0.,0.));
#6004=DIRECTION('ref_axis',(0.,0.,-1.));
#6005=DIRECTION('',(0.,8.53702498020082E-17,-1.));
#6006=DIRECTION('',(0.,1.,0.));
#6007=DIRECTION('',(0.,0.,-1.));
#6008=DIRECTION('center_axis',(0.,0.,1.));
#6009=DIRECTION('ref_axis',(1.,0.,0.));
#6010=DIRECTION('',(1.,0.,0.));
#6011=DIRECTION('',(0.,1.,0.));
#6012=DIRECTION('',(1.,0.,0.));
#6013=DIRECTION('center_axis',(0.,0.,-1.));
#6014=DIRECTION('ref_axis',(-1.,0.,0.));
#6015=DIRECTION('',(-1.,0.,0.));
#6016=DIRECTION('',(0.,1.,0.));
#6017=DIRECTION('',(-1.,0.,0.));
#6018=DIRECTION('',(0.,1.,0.));
#6019=DIRECTION('center_axis',(1.,0.,0.));
#6020=DIRECTION('ref_axis',(0.,0.,-1.));
#6021=DIRECTION('',(0.,8.53702498020082E-17,-1.));
#6022=DIRECTION('',(0.,1.,0.));
#6023=DIRECTION('',(0.,0.,-1.));
#6024=DIRECTION('center_axis',(0.,0.,1.));
#6025=DIRECTION('ref_axis',(1.,0.,0.));
#6026=DIRECTION('',(1.,0.,0.));
#6027=DIRECTION('',(0.,1.,0.));
#6028=DIRECTION('',(1.,0.,0.));
#6029=DIRECTION('center_axis',(-1.,0.,0.));
#6030=DIRECTION('ref_axis',(0.,0.,1.));
#6031=DIRECTION('',(0.,-8.53702498020082E-17,1.));
#6032=DIRECTION('',(0.,1.,0.));
#6033=DIRECTION('',(0.,0.,1.));
#6034=DIRECTION('center_axis',(0.,0.,1.));
#6035=DIRECTION('ref_axis',(1.,0.,0.));
#6036=DIRECTION('',(1.,0.,0.));
#6037=DIRECTION('',(0.,1.,0.));
#6038=DIRECTION('',(1.,0.,0.));
#6039=DIRECTION('center_axis',(1.,0.,0.));
#6040=DIRECTION('ref_axis',(0.,0.,-1.));
#6041=DIRECTION('',(0.,8.53702498020082E-17,-1.));
#6042=DIRECTION('',(0.,1.,0.));
#6043=DIRECTION('',(0.,0.,-1.));
#6044=DIRECTION('center_axis',(0.,0.,1.));
#6045=DIRECTION('ref_axis',(1.,0.,0.));
#6046=DIRECTION('',(1.,0.,0.));
#6047=DIRECTION('',(0.,1.,0.));
#6048=DIRECTION('',(1.,0.,0.));
#6049=DIRECTION('center_axis',(-1.,0.,0.));
#6050=DIRECTION('ref_axis',(0.,0.,1.));
#6051=DIRECTION('',(0.,-8.53702498020082E-17,1.));
#6052=DIRECTION('',(0.,1.,0.));
#6053=DIRECTION('',(0.,0.,1.));
#6054=DIRECTION('',(0.,1.,0.));
#6055=DIRECTION('center_axis',(0.,0.,-1.));
#6056=DIRECTION('ref_axis',(-1.,0.,0.));
#6057=DIRECTION('',(-1.,0.,0.));
#6058=DIRECTION('',(0.,1.,0.));
#6059=DIRECTION('',(-1.,0.,0.));
#6060=DIRECTION('center_axis',(1.,0.,0.));
#6061=DIRECTION('ref_axis',(0.,0.,-1.));
#6062=DIRECTION('',(0.,8.53702498020082E-17,-1.));
#6063=DIRECTION('',(0.,1.,0.));
#6064=DIRECTION('',(0.,0.,-1.));
#6065=DIRECTION('center_axis',(0.,0.,-1.));
#6066=DIRECTION('ref_axis',(-1.,0.,0.));
#6067=DIRECTION('',(-1.,0.,0.));
#6068=DIRECTION('',(0.,1.,0.));
#6069=DIRECTION('',(-1.,0.,0.));
#6070=DIRECTION('center_axis',(-1.,0.,0.));
#6071=DIRECTION('ref_axis',(0.,0.,1.));
#6072=DIRECTION('',(0.,-8.53702498020082E-17,1.));
#6073=DIRECTION('',(0.,1.,0.));
#6074=DIRECTION('',(0.,0.,1.));
#6075=DIRECTION('center_axis',(0.,0.,-1.));
#6076=DIRECTION('ref_axis',(-1.,0.,0.));
#6077=DIRECTION('',(-1.,0.,0.));
#6078=DIRECTION('',(0.,1.,0.));
#6079=DIRECTION('',(-1.,0.,0.));
#6080=DIRECTION('center_axis',(1.,0.,0.));
#6081=DIRECTION('ref_axis',(0.,0.,-1.));
#6082=DIRECTION('',(0.,8.53702498020082E-17,-1.));
#6083=DIRECTION('',(0.,1.,0.));
#6084=DIRECTION('',(0.,0.,-1.));
#6085=DIRECTION('center_axis',(-1.,0.,0.));
#6086=DIRECTION('ref_axis',(0.,0.,1.));
#6087=DIRECTION('',(0.,-8.53702498020082E-17,1.));
#6088=DIRECTION('',(0.,0.,1.));
#6089=DIRECTION('center_axis',(0.,0.,1.));
#6090=DIRECTION('ref_axis',(1.,0.,0.));
#6091=DIRECTION('',(1.,0.,0.));
#6092=DIRECTION('',(1.,0.,0.));
#6093=DIRECTION('center_axis',(-1.,0.,0.));
#6094=DIRECTION('ref_axis',(0.,0.,1.));
#6095=DIRECTION('',(0.,-8.53702498020082E-17,1.));
#6096=DIRECTION('',(0.,0.,1.));
#6097=DIRECTION('center_axis',(-1.,0.,0.));
#6098=DIRECTION('ref_axis',(0.,0.,1.));
#6099=DIRECTION('',(0.,-8.53702498020082E-17,1.));
#6100=DIRECTION('',(0.,0.,1.));
#6101=DIRECTION('center_axis',(0.,0.,1.));
#6102=DIRECTION('ref_axis',(1.,0.,0.));
#6103=DIRECTION('',(1.,0.,0.));
#6104=DIRECTION('',(1.,0.,0.));
#6105=DIRECTION('center_axis',(-1.,0.,0.));
#6106=DIRECTION('ref_axis',(0.,0.,1.));
#6107=DIRECTION('',(0.,-8.53702498020082E-17,1.));
#6108=DIRECTION('',(0.,0.,1.));
#6109=DIRECTION('center_axis',(-1.,0.,0.));
#6110=DIRECTION('ref_axis',(0.,0.,1.));
#6111=DIRECTION('',(0.,-8.53702498020082E-17,1.));
#6112=DIRECTION('',(0.,0.,1.));
#6113=DIRECTION('center_axis',(0.,0.,1.));
#6114=DIRECTION('ref_axis',(1.,0.,0.));
#6115=DIRECTION('',(1.,0.,0.));
#6116=DIRECTION('',(1.,0.,0.));
#6117=DIRECTION('center_axis',(0.,1.,0.));
#6118=DIRECTION('ref_axis',(0.,0.,1.));
#6119=DIRECTION('center_axis',(0.,-1.,-8.53702498020082E-17));
#6120=DIRECTION('ref_axis',(0.,8.53702498020082E-17,-1.));
#6121=DIRECTION('',(0.,0.,1.));
#6122=DIRECTION('',(1.,0.,0.));
#6123=DIRECTION('',(0.,0.,1.));
#6124=DIRECTION('',(1.,0.,0.));
#6125=DIRECTION('',(0.,0.,1.));
#6126=DIRECTION('',(1.,0.,0.));
#6127=CARTESIAN_POINT('',(0.,0.,0.));
#6128=CARTESIAN_POINT('',(0.,0.,0.));
#6129=CARTESIAN_POINT('Origin',(0.,0.138,0.));
#6130=CARTESIAN_POINT('',(0.15,0.138,-0.1));
#6131=CARTESIAN_POINT('',(-0.15,0.138,-0.1));
#6132=CARTESIAN_POINT('',(0.15,0.138,-0.1));
#6133=CARTESIAN_POINT('',(-0.15,0.138,0.1));
#6134=CARTESIAN_POINT('',(-0.15,0.138,-0.1));
#6135=CARTESIAN_POINT('',(0.15,0.138,0.1));
#6136=CARTESIAN_POINT('',(-0.15,0.138,0.1));
#6137=CARTESIAN_POINT('',(0.15,0.138,0.1));
#6138=CARTESIAN_POINT('',(-0.085,0.138,-0.065));
#6139=CARTESIAN_POINT('',(-0.115,0.138,-0.065));
#6140=CARTESIAN_POINT('',(-0.085,0.138,-0.065));
#6141=CARTESIAN_POINT('',(-0.085,0.138,-0.035));
#6142=CARTESIAN_POINT('',(-0.085,0.138,-0.035));
#6143=CARTESIAN_POINT('',(-0.115,0.138,-0.035));
#6144=CARTESIAN_POINT('',(-0.115,0.138,-0.035));
#6145=CARTESIAN_POINT('',(-0.115,0.138,-0.065));
#6146=CARTESIAN_POINT('',(-0.085,0.138,0.035));
#6147=CARTESIAN_POINT('',(-0.115,0.138,0.035));
#6148=CARTESIAN_POINT('',(-0.085,0.138,0.035));
#6149=CARTESIAN_POINT('',(-0.085,0.138,0.065));
#6150=CARTESIAN_POINT('',(-0.085,0.138,0.065));
#6151=CARTESIAN_POINT('',(-0.115,0.138,0.065));
#6152=CARTESIAN_POINT('',(-0.115,0.138,0.065));
#6153=CARTESIAN_POINT('',(-0.115,0.138,0.035));
#6154=CARTESIAN_POINT('',(0.015,0.138,-0.065));
#6155=CARTESIAN_POINT('',(-0.015,0.138,-0.065));
#6156=CARTESIAN_POINT('',(0.015,0.138,-0.065));
#6157=CARTESIAN_POINT('',(0.015,0.138,-0.035));
#6158=CARTESIAN_POINT('',(0.015,0.138,-0.035));
#6159=CARTESIAN_POINT('',(-0.015,0.138,-0.035));
#6160=CARTESIAN_POINT('',(-0.015,0.138,-0.035));
#6161=CARTESIAN_POINT('',(-0.015,0.138,-0.065));
#6162=CARTESIAN_POINT('',(0.015,0.138,0.035));
#6163=CARTESIAN_POINT('',(-0.015,0.138,0.035));
#6164=CARTESIAN_POINT('',(0.015,0.138,0.035));
#6165=CARTESIAN_POINT('',(0.015,0.138,0.065));
#6166=CARTESIAN_POINT('',(0.015,0.138,0.065));
#6167=CARTESIAN_POINT('',(-0.015,0.138,0.065));
#6168=CARTESIAN_POINT('',(-0.015,0.138,0.065));
#6169=CARTESIAN_POINT('',(-0.015,0.138,0.035));
#6170=CARTESIAN_POINT('',(0.115,0.138,-0.065));
#6171=CARTESIAN_POINT('',(0.085,0.138,-0.065));
#6172=CARTESIAN_POINT('',(0.115,0.138,-0.065));
#6173=CARTESIAN_POINT('',(0.115,0.138,-0.035));
#6174=CARTESIAN_POINT('',(0.115,0.138,-0.035));
#6175=CARTESIAN_POINT('',(0.085,0.138,-0.035));
#6176=CARTESIAN_POINT('',(0.085,0.138,-0.035));
#6177=CARTESIAN_POINT('',(0.085,0.138,-0.065));
#6178=CARTESIAN_POINT('',(0.115,0.138,0.035));
#6179=CARTESIAN_POINT('',(0.085,0.138,0.035));
#6180=CARTESIAN_POINT('',(0.115,0.138,0.035));
#6181=CARTESIAN_POINT('',(0.115,0.138,0.065));
#6182=CARTESIAN_POINT('',(0.115,0.138,0.065));
#6183=CARTESIAN_POINT('',(0.085,0.138,0.065));
#6184=CARTESIAN_POINT('',(0.085,0.138,0.065));
#6185=CARTESIAN_POINT('',(0.085,0.138,0.035));
#6186=CARTESIAN_POINT('Origin',(-0.15,0.138,-0.1));
#6187=CARTESIAN_POINT('',(-0.15,0.01,0.08));
#6188=CARTESIAN_POINT('',(-0.15,0.,0.08));
#6189=CARTESIAN_POINT('',(-0.15,0.01,0.08));
#6190=CARTESIAN_POINT('',(-0.15,0.,0.1));
#6191=CARTESIAN_POINT('',(-0.15,0.,-0.1));
#6192=CARTESIAN_POINT('',(-0.15,0.138,0.1));
#6193=CARTESIAN_POINT('',(-0.15,0.,-0.1));
#6194=CARTESIAN_POINT('',(-0.15,0.138,-0.1));
#6195=CARTESIAN_POINT('',(-0.15,0.,-0.08));
#6196=CARTESIAN_POINT('',(-0.15,0.,-0.1));
#6197=CARTESIAN_POINT('',(-0.15,0.01,-0.08));
#6198=CARTESIAN_POINT('',(-0.15,0.,-0.08));
#6199=CARTESIAN_POINT('',(-0.15,0.01,-0.08));
#6200=CARTESIAN_POINT('Origin',(0.115,0.138,0.035));
#6201=CARTESIAN_POINT('',(0.085,0.01,0.035));
#6202=CARTESIAN_POINT('',(0.085,0.138,0.035));
#6203=CARTESIAN_POINT('',(0.115,0.01,0.035));
#6204=CARTESIAN_POINT('',(0.115,0.01,0.035));
#6205=CARTESIAN_POINT('',(0.115,0.138,0.035));
#6206=CARTESIAN_POINT('Origin',(0.115,0.138,0.065));
#6207=CARTESIAN_POINT('',(0.115,0.01,0.065));
#6208=CARTESIAN_POINT('',(0.115,0.01,0.065));
#6209=CARTESIAN_POINT('',(0.115,0.138,0.065));
#6210=CARTESIAN_POINT('Origin',(0.085,0.138,0.065));
#6211=CARTESIAN_POINT('',(0.085,0.01,0.065));
#6212=CARTESIAN_POINT('',(0.085,0.01,0.065));
#6213=CARTESIAN_POINT('',(0.085,0.138,0.065));
#6214=CARTESIAN_POINT('Origin',(0.115,0.138,-0.065));
#6215=CARTESIAN_POINT('',(0.085,0.01,-0.065));
#6216=CARTESIAN_POINT('',(0.085,0.138,-0.065));
#6217=CARTESIAN_POINT('',(0.115,0.01,-0.065));
#6218=CARTESIAN_POINT('',(0.115,0.01,-0.065));
#6219=CARTESIAN_POINT('',(0.115,0.138,-0.065));
#6220=CARTESIAN_POINT('Origin',(0.115,0.138,-0.035));
#6221=CARTESIAN_POINT('',(0.115,0.01,-0.035));
#6222=CARTESIAN_POINT('',(0.115,0.01,-0.035));
#6223=CARTESIAN_POINT('',(0.115,0.138,-0.035));
#6224=CARTESIAN_POINT('Origin',(0.085,0.138,-0.035));
#6225=CARTESIAN_POINT('',(0.085,0.01,-0.035));
#6226=CARTESIAN_POINT('',(0.085,0.01,-0.035));
#6227=CARTESIAN_POINT('',(0.085,0.138,-0.035));
#6228=CARTESIAN_POINT('Origin',(0.015,0.138,0.035));
#6229=CARTESIAN_POINT('',(-0.015,0.01,0.035));
#6230=CARTESIAN_POINT('',(-0.015,0.138,0.035));
#6231=CARTESIAN_POINT('',(0.015,0.01,0.035));
#6232=CARTESIAN_POINT('',(0.015,0.01,0.035));
#6233=CARTESIAN_POINT('',(0.015,0.138,0.035));
#6234=CARTESIAN_POINT('Origin',(0.015,0.138,0.065));
#6235=CARTESIAN_POINT('',(0.015,0.01,0.065));
#6236=CARTESIAN_POINT('',(0.015,0.01,0.065));
#6237=CARTESIAN_POINT('',(0.015,0.138,0.065));
#6238=CARTESIAN_POINT('Origin',(-0.015,0.138,0.065));
#6239=CARTESIAN_POINT('',(-0.015,0.01,0.065));
#6240=CARTESIAN_POINT('',(-0.015,0.01,0.065));
#6241=CARTESIAN_POINT('',(-0.015,0.138,0.065));
#6242=CARTESIAN_POINT('Origin',(0.015,0.138,-0.065));
#6243=CARTESIAN_POINT('',(-0.015,0.01,-0.065));
#6244=CARTESIAN_POINT('',(-0.015,0.138,-0.065));
#6245=CARTESIAN_POINT('',(0.015,0.01,-0.065));
#6246=CARTESIAN_POINT('',(0.015,0.01,-0.065));
#6247=CARTESIAN_POINT('',(0.015,0.138,-0.065));
#6248=CARTESIAN_POINT('Origin',(0.015,0.138,-0.035));
#6249=CARTESIAN_POINT('',(0.015,0.01,-0.035));
#6250=CARTESIAN_POINT('',(0.015,0.01,-0.035));
#6251=CARTESIAN_POINT('',(0.015,0.138,-0.035));
#6252=CARTESIAN_POINT('Origin',(-0.015,0.138,-0.035));
#6253=CARTESIAN_POINT('',(-0.015,0.01,-0.035));
#6254=CARTESIAN_POINT('',(-0.015,0.01,-0.035));
#6255=CARTESIAN_POINT('',(-0.015,0.138,-0.035));
#6256=CARTESIAN_POINT('Origin',(-0.085,0.138,0.035));
#6257=CARTESIAN_POINT('',(-0.115,0.01,0.035));
#6258=CARTESIAN_POINT('',(-0.115,0.138,0.035));
#6259=CARTESIAN_POINT('',(-0.085,0.01,0.035));
#6260=CARTESIAN_POINT('',(-0.085,0.01,0.035));
#6261=CARTESIAN_POINT('',(-0.085,0.138,0.035));
#6262=CARTESIAN_POINT('Origin',(-0.085,0.138,0.065));
#6263=CARTESIAN_POINT('',(-0.085,0.01,0.065));
#6264=CARTESIAN_POINT('',(-0.085,0.01,0.065));
#6265=CARTESIAN_POINT('',(-0.085,0.138,0.065));
#6266=CARTESIAN_POINT('Origin',(-0.115,0.138,0.065));
#6267=CARTESIAN_POINT('',(-0.115,0.01,0.065));
#6268=CARTESIAN_POINT('',(-0.115,0.01,0.065));
#6269=CARTESIAN_POINT('',(-0.115,0.138,0.065));
#6270=CARTESIAN_POINT('Origin',(-0.085,0.138,-0.065));
#6271=CARTESIAN_POINT('',(-0.115,0.01,-0.065));
#6272=CARTESIAN_POINT('',(-0.115,0.138,-0.065));
#6273=CARTESIAN_POINT('',(-0.085,0.01,-0.065));
#6274=CARTESIAN_POINT('',(-0.085,0.01,-0.065));
#6275=CARTESIAN_POINT('',(-0.085,0.138,-0.065));
#6276=CARTESIAN_POINT('Origin',(-0.085,0.138,-0.035));
#6277=CARTESIAN_POINT('',(-0.085,0.01,-0.035));
#6278=CARTESIAN_POINT('',(-0.085,0.01,-0.035));
#6279=CARTESIAN_POINT('',(-0.085,0.138,-0.035));
#6280=CARTESIAN_POINT('Origin',(-0.115,0.138,-0.035));
#6281=CARTESIAN_POINT('',(-0.115,0.01,-0.035));
#6282=CARTESIAN_POINT('',(-0.115,0.01,-0.035));
#6283=CARTESIAN_POINT('',(-0.115,0.138,-0.035));
#6284=CARTESIAN_POINT('Origin',(0.085,0.138,0.035));
#6285=CARTESIAN_POINT('',(0.085,0.01,0.035));
#6286=CARTESIAN_POINT('Origin',(0.085,0.138,-0.065));
#6287=CARTESIAN_POINT('',(0.085,0.01,-0.065));
#6288=CARTESIAN_POINT('Origin',(-0.015,0.138,0.035));
#6289=CARTESIAN_POINT('',(-0.015,0.01,0.035));
#6290=CARTESIAN_POINT('Origin',(-0.015,0.138,-0.065));
#6291=CARTESIAN_POINT('',(-0.015,0.01,-0.065));
#6292=CARTESIAN_POINT('Origin',(-0.115,0.138,0.035));
#6293=CARTESIAN_POINT('',(-0.115,0.01,0.035));
#6294=CARTESIAN_POINT('Origin',(-0.115,0.138,-0.065));
#6295=CARTESIAN_POINT('',(-0.115,0.01,-0.065));
#6296=CARTESIAN_POINT('Origin',(0.15,0.138,0.1));
#6297=CARTESIAN_POINT('',(0.15,0.01,0.08));
#6298=CARTESIAN_POINT('',(0.15,0.,0.08));
#6299=CARTESIAN_POINT('',(0.15,0.01,0.08));
#6300=CARTESIAN_POINT('',(0.15,0.01,-0.08));
#6301=CARTESIAN_POINT('',(0.15,0.01,-0.08));
#6302=CARTESIAN_POINT('',(0.15,0.,-0.08));
#6303=CARTESIAN_POINT('',(0.15,0.,-0.08));
#6304=CARTESIAN_POINT('',(0.15,0.,-0.1));
#6305=CARTESIAN_POINT('',(0.15,0.,0.1));
#6306=CARTESIAN_POINT('',(0.15,0.138,-0.1));
#6307=CARTESIAN_POINT('',(0.15,0.,0.1));
#6308=CARTESIAN_POINT('',(0.15,0.138,0.1));
#6309=CARTESIAN_POINT('',(0.15,0.,0.1));
#6310=CARTESIAN_POINT('Origin',(0.,0.,0.));
#6311=CARTESIAN_POINT('',(0.15,0.,0.08));
#6312=CARTESIAN_POINT('',(-0.15,0.,0.1));
#6313=CARTESIAN_POINT('Origin',(0.,0.,0.));
#6314=CARTESIAN_POINT('',(0.15,0.,-0.08));
#6315=CARTESIAN_POINT('',(0.15,0.,-0.1));
#6316=CARTESIAN_POINT('Origin',(0.15,0.138,-0.1));
#6317=CARTESIAN_POINT('Origin',(-0.15,0.138,0.1));
#6318=CARTESIAN_POINT('Origin',(0.15,0.01,-0.08));
#6319=CARTESIAN_POINT('',(0.15,0.01,-0.08));
#6320=CARTESIAN_POINT('',(0.15,0.01,0.08));
#6321=CARTESIAN_POINT('Origin',(0.15,0.01,0.08));
#6322=CARTESIAN_POINT('Origin',(0.15,0.,-0.08));
#6323=CARTESIAN_POINT('',(0.,0.,0.));
#6324=CARTESIAN_POINT('Origin',(-0.12,0.03,-0.0755));
#6325=CARTESIAN_POINT('',(-0.12,0.03,0.0755));
#6326=CARTESIAN_POINT('',(-0.12,0.0450000000000009,0.0755));
#6327=CARTESIAN_POINT('',(-0.12,0.03,0.0755));
#6328=CARTESIAN_POINT('',(-0.12,0.0450000000000008,-0.0755));
#6329=CARTESIAN_POINT('',(-0.12,0.0450000000000008,-0.0755));
#6330=CARTESIAN_POINT('',(-0.12,0.03,-0.0755));
#6331=CARTESIAN_POINT('',(-0.12,0.03,-0.0755));
#6332=CARTESIAN_POINT('',(-0.12,0.03,-0.0755));
#6333=CARTESIAN_POINT('Origin',(0.12,0.03,0.0755));
#6334=CARTESIAN_POINT('',(0.12,0.03,-0.0755));
#6335=CARTESIAN_POINT('',(0.12,0.0450000000000008,-0.0755));
#6336=CARTESIAN_POINT('',(0.12,0.03,-0.0755));
#6337=CARTESIAN_POINT('',(0.12,0.0450000000000009,0.0755));
#6338=CARTESIAN_POINT('',(0.12,0.0450000000000009,0.0755));
#6339=CARTESIAN_POINT('',(0.12,0.03,0.0755));
#6340=CARTESIAN_POINT('',(0.12,0.03,0.0755));
#6341=CARTESIAN_POINT('',(0.12,0.03,0.0755));
#6342=CARTESIAN_POINT('Origin',(0.12,0.03,-0.0755));
#6343=CARTESIAN_POINT('',(0.12,0.0450000000000008,-0.0755));
#6344=CARTESIAN_POINT('',(0.12,0.03,-0.0755));
#6345=CARTESIAN_POINT('Origin',(-0.12,0.03,0.0755));
#6346=CARTESIAN_POINT('',(-0.12,0.0450000000000009,0.0755));
#6347=CARTESIAN_POINT('',(-0.12,0.03,0.0755));
#6348=CARTESIAN_POINT('Origin',(0.116,0.03,0.034));
#6349=CARTESIAN_POINT('',(0.084,0.0450000000000009,0.034));
#6350=CARTESIAN_POINT('',(0.116,0.0450000000000009,0.034));
#6351=CARTESIAN_POINT('',(0.116,0.0450000000000009,0.034));
#6352=CARTESIAN_POINT('',(0.084,0.03,0.034));
#6353=CARTESIAN_POINT('',(0.084,0.03,0.034));
#6354=CARTESIAN_POINT('',(0.116,0.03,0.034));
#6355=CARTESIAN_POINT('',(0.116,0.03,0.034));
#6356=CARTESIAN_POINT('',(0.116,0.03,0.034));
#6357=CARTESIAN_POINT('Origin',(0.116,0.03,0.066));
#6358=CARTESIAN_POINT('',(0.116,0.0450000000000009,0.066));
#6359=CARTESIAN_POINT('',(0.116,0.0450000000000009,0.066));
#6360=CARTESIAN_POINT('',(0.116,0.03,0.066));
#6361=CARTESIAN_POINT('',(0.116,0.03,0.066));
#6362=CARTESIAN_POINT('',(0.116,0.03,0.066));
#6363=CARTESIAN_POINT('Origin',(0.103,0.03,0.066));
#6364=CARTESIAN_POINT('',(0.103,0.0450000000000009,0.066));
#6365=CARTESIAN_POINT('',(0.103,0.0450000000000009,0.066));
#6366=CARTESIAN_POINT('',(0.11,0.03,0.066));
#6367=CARTESIAN_POINT('',(0.103,0.03,0.066));
#6368=CARTESIAN_POINT('',(0.103,0.0299999999999999,0.066));
#6369=CARTESIAN_POINT('',(0.103,0.03,0.066));
#6370=CARTESIAN_POINT('',(0.103,0.03,0.066));
#6371=CARTESIAN_POINT('Origin',(0.103,0.03,0.054));
#6372=CARTESIAN_POINT('',(0.103,0.0450000000000009,0.054));
#6373=CARTESIAN_POINT('',(0.103,0.0450000000000009,0.054));
#6374=CARTESIAN_POINT('',(0.103,0.0299999999999999,0.065));
#6375=CARTESIAN_POINT('',(0.103,0.03,0.054));
#6376=CARTESIAN_POINT('',(0.103,0.03,0.054));
#6377=CARTESIAN_POINT('',(0.103,0.03,0.054));
#6378=CARTESIAN_POINT('',(0.103,0.03,0.054));
#6379=CARTESIAN_POINT('Origin',(0.097,0.03,0.054));
#6380=CARTESIAN_POINT('',(0.097,0.0450000000000009,0.054));
#6381=CARTESIAN_POINT('',(0.097,0.0450000000000009,0.054));
#6382=CARTESIAN_POINT('',(0.097,0.03,0.054));
#6383=CARTESIAN_POINT('',(0.097,0.03,0.054));
#6384=CARTESIAN_POINT('',(0.097,0.03,0.054));
#6385=CARTESIAN_POINT('Origin',(0.097,0.03,0.066));
#6386=CARTESIAN_POINT('',(0.097,0.0450000000000009,0.066));
#6387=CARTESIAN_POINT('',(0.097,0.0450000000000009,0.066));
#6388=CARTESIAN_POINT('',(0.097,0.0299999999999999,0.065));
#6389=CARTESIAN_POINT('',(0.097,0.03,0.066));
#6390=CARTESIAN_POINT('',(0.097,0.0299999999999999,0.066));
#6391=CARTESIAN_POINT('',(0.097,0.03,0.066));
#6392=CARTESIAN_POINT('',(0.097,0.03,0.066));
#6393=CARTESIAN_POINT('Origin',(0.084,0.03,0.066));
#6394=CARTESIAN_POINT('',(0.084,0.0450000000000009,0.066));
#6395=CARTESIAN_POINT('',(0.084,0.0450000000000009,0.066));
#6396=CARTESIAN_POINT('',(0.09,0.03,0.066));
#6397=CARTESIAN_POINT('',(0.084,0.03,0.066));
#6398=CARTESIAN_POINT('',(0.084,0.03,0.066));
#6399=CARTESIAN_POINT('',(0.084,0.03,0.066));
#6400=CARTESIAN_POINT('',(0.084,0.03,0.066));
#6401=CARTESIAN_POINT('Origin',(0.084,0.03,-0.066));
#6402=CARTESIAN_POINT('',(0.084,0.0450000000000009,-0.034));
#6403=CARTESIAN_POINT('',(0.084,0.0450000000000008,-0.066));
#6404=CARTESIAN_POINT('',(0.084,0.0450000000000008,-0.066));
#6405=CARTESIAN_POINT('',(0.084,0.03,-0.034));
#6406=CARTESIAN_POINT('',(0.084,0.03,-0.034));
#6407=CARTESIAN_POINT('',(0.084,0.03,-0.066));
#6408=CARTESIAN_POINT('',(0.084,0.03,-0.066));
#6409=CARTESIAN_POINT('',(0.084,0.03,-0.066));
#6410=CARTESIAN_POINT('Origin',(0.097,0.03,-0.066));
#6411=CARTESIAN_POINT('',(0.097,0.0450000000000009,-0.066));
#6412=CARTESIAN_POINT('',(0.097,0.0450000000000008,-0.066));
#6413=CARTESIAN_POINT('',(0.09,0.03,-0.066));
#6414=CARTESIAN_POINT('',(0.097,0.03,-0.066));
#6415=CARTESIAN_POINT('',(0.097,0.03,-0.066));
#6416=CARTESIAN_POINT('',(0.097,0.03,-0.066));
#6417=CARTESIAN_POINT('',(0.097,0.03,-0.066));
#6418=CARTESIAN_POINT('Origin',(0.097,0.03,-0.054));
#6419=CARTESIAN_POINT('',(0.097,0.0450000000000009,-0.054));
#6420=CARTESIAN_POINT('',(0.097,0.0450000000000009,-0.054));
#6421=CARTESIAN_POINT('',(0.097,0.03,-0.065));
#6422=CARTESIAN_POINT('',(0.097,0.03,-0.054));
#6423=CARTESIAN_POINT('',(0.097,0.03,-0.054));
#6424=CARTESIAN_POINT('',(0.097,0.03,-0.054));
#6425=CARTESIAN_POINT('',(0.097,0.03,-0.054));
#6426=CARTESIAN_POINT('Origin',(0.103,0.03,-0.054));
#6427=CARTESIAN_POINT('',(0.103,0.0450000000000008,-0.054));
#6428=CARTESIAN_POINT('',(0.103,0.0450000000000009,-0.054));
#6429=CARTESIAN_POINT('',(0.103,0.03,-0.054));
#6430=CARTESIAN_POINT('',(0.103,0.03,-0.054));
#6431=CARTESIAN_POINT('',(0.103,0.03,-0.054));
#6432=CARTESIAN_POINT('Origin',(0.103,0.03,-0.066));
#6433=CARTESIAN_POINT('',(0.103,0.0450000000000008,-0.066));
#6434=CARTESIAN_POINT('',(0.103,0.0450000000000008,-0.066));
#6435=CARTESIAN_POINT('',(0.103,0.03,-0.065));
#6436=CARTESIAN_POINT('',(0.103,0.03,-0.066));
#6437=CARTESIAN_POINT('',(0.103,0.03,-0.066));
#6438=CARTESIAN_POINT('',(0.103,0.03,-0.066));
#6439=CARTESIAN_POINT('',(0.103,0.03,-0.066));
#6440=CARTESIAN_POINT('Origin',(0.116,0.03,-0.066));
#6441=CARTESIAN_POINT('',(0.116,0.0450000000000009,-0.066));
#6442=CARTESIAN_POINT('',(0.116,0.0450000000000008,-0.066));
#6443=CARTESIAN_POINT('',(0.11,0.03,-0.066));
#6444=CARTESIAN_POINT('',(0.116,0.03,-0.066));
#6445=CARTESIAN_POINT('',(0.116,0.03,-0.066));
#6446=CARTESIAN_POINT('',(0.116,0.03,-0.066));
#6447=CARTESIAN_POINT('',(0.116,0.03,-0.066));
#6448=CARTESIAN_POINT('Origin',(0.116,0.03,-0.034));
#6449=CARTESIAN_POINT('',(0.116,0.0450000000000009,-0.034));
#6450=CARTESIAN_POINT('',(0.116,0.0450000000000009,-0.034));
#6451=CARTESIAN_POINT('',(0.116,0.03,-0.034));
#6452=CARTESIAN_POINT('',(0.116,0.03,-0.034));
#6453=CARTESIAN_POINT('',(0.116,0.03,-0.034));
#6454=CARTESIAN_POINT('Origin',(0.06,0.03,-0.055));
#6455=CARTESIAN_POINT('',(0.04,0.0450000000000009,-0.055));
#6456=CARTESIAN_POINT('',(0.06,0.0450000000000008,-0.055));
#6457=CARTESIAN_POINT('',(0.06,0.0450000000000009,-0.055));
#6458=CARTESIAN_POINT('',(0.04,0.03,-0.055));
#6459=CARTESIAN_POINT('',(0.04,0.03,-0.055));
#6460=CARTESIAN_POINT('',(0.06,0.03,-0.055));
#6461=CARTESIAN_POINT('',(0.06,0.03,-0.055));
#6462=CARTESIAN_POINT('',(0.06,0.03,-0.055));
#6463=CARTESIAN_POINT('Origin',(0.06,0.03,0.055));
#6464=CARTESIAN_POINT('',(0.06,0.0450000000000009,0.055));
#6465=CARTESIAN_POINT('',(0.06,0.0450000000000009,0.055));
#6466=CARTESIAN_POINT('',(0.06,0.03,0.055));
#6467=CARTESIAN_POINT('',(0.06,0.03,0.055));
#6468=CARTESIAN_POINT('',(0.06,0.03,0.055));
#6469=CARTESIAN_POINT('Origin',(0.04,0.03,0.055));
#6470=CARTESIAN_POINT('',(0.04,0.0450000000000009,0.055));
#6471=CARTESIAN_POINT('',(0.04,0.0450000000000009,0.055));
#6472=CARTESIAN_POINT('',(0.04,0.03,0.055));
#6473=CARTESIAN_POINT('',(0.04,0.03,0.055));
#6474=CARTESIAN_POINT('',(0.04,0.03,0.055));
#6475=CARTESIAN_POINT('Origin',(0.016,0.03,0.034));
#6476=CARTESIAN_POINT('',(-0.016,0.0450000000000009,0.034));
#6477=CARTESIAN_POINT('',(0.016,0.0450000000000009,0.034));
#6478=CARTESIAN_POINT('',(0.016,0.0450000000000009,0.034));
#6479=CARTESIAN_POINT('',(-0.016,0.03,0.034));
#6480=CARTESIAN_POINT('',(-0.016,0.03,0.034));
#6481=CARTESIAN_POINT('',(0.016,0.03,0.034));
#6482=CARTESIAN_POINT('',(0.016,0.03,0.034));
#6483=CARTESIAN_POINT('',(0.016,0.03,0.034));
#6484=CARTESIAN_POINT('Origin',(0.016,0.03,0.066));
#6485=CARTESIAN_POINT('',(0.016,0.0450000000000009,0.066));
#6486=CARTESIAN_POINT('',(0.016,0.0450000000000009,0.066));
#6487=CARTESIAN_POINT('',(0.016,0.03,0.066));
#6488=CARTESIAN_POINT('',(0.016,0.03,0.066));
#6489=CARTESIAN_POINT('',(0.016,0.03,0.066));
#6490=CARTESIAN_POINT('Origin',(0.003,0.03,0.066));
#6491=CARTESIAN_POINT('',(0.003,0.0450000000000009,0.066));
#6492=CARTESIAN_POINT('',(0.003,0.0450000000000009,0.066));
#6493=CARTESIAN_POINT('',(0.01,0.03,0.066));
#6494=CARTESIAN_POINT('',(0.003,0.03,0.066));
#6495=CARTESIAN_POINT('',(0.003,0.0299999999999999,0.066));
#6496=CARTESIAN_POINT('',(0.003,0.03,0.066));
#6497=CARTESIAN_POINT('',(0.003,0.03,0.066));
#6498=CARTESIAN_POINT('Origin',(0.003,0.03,0.054));
#6499=CARTESIAN_POINT('',(0.003,0.0450000000000009,0.054));
#6500=CARTESIAN_POINT('',(0.003,0.0450000000000009,0.054));
#6501=CARTESIAN_POINT('',(0.00300000000000004,0.0299999999999999,0.065));
#6502=CARTESIAN_POINT('',(0.003,0.03,0.054));
#6503=CARTESIAN_POINT('',(0.003,0.03,0.054));
#6504=CARTESIAN_POINT('',(0.003,0.03,0.054));
#6505=CARTESIAN_POINT('',(0.003,0.03,0.054));
#6506=CARTESIAN_POINT('Origin',(-0.003,0.03,0.054));
#6507=CARTESIAN_POINT('',(-0.003,0.0450000000000009,0.054));
#6508=CARTESIAN_POINT('',(-0.003,0.0450000000000009,0.054));
#6509=CARTESIAN_POINT('',(-0.003,0.03,0.054));
#6510=CARTESIAN_POINT('',(-0.003,0.03,0.054));
#6511=CARTESIAN_POINT('',(-0.003,0.03,0.054));
#6512=CARTESIAN_POINT('Origin',(-0.003,0.03,0.066));
#6513=CARTESIAN_POINT('',(-0.003,0.0450000000000009,0.066));
#6514=CARTESIAN_POINT('',(-0.003,0.0450000000000009,0.066));
#6515=CARTESIAN_POINT('',(-0.00299999999999997,0.0299999999999999,0.065));
#6516=CARTESIAN_POINT('',(-0.003,0.03,0.066));
#6517=CARTESIAN_POINT('',(-0.003,0.0299999999999999,0.066));
#6518=CARTESIAN_POINT('',(-0.003,0.03,0.066));
#6519=CARTESIAN_POINT('',(-0.003,0.03,0.066));
#6520=CARTESIAN_POINT('Origin',(-0.016,0.03,0.066));
#6521=CARTESIAN_POINT('',(-0.016,0.0450000000000009,0.066));
#6522=CARTESIAN_POINT('',(-0.016,0.0450000000000009,0.066));
#6523=CARTESIAN_POINT('',(-0.01,0.03,0.066));
#6524=CARTESIAN_POINT('',(-0.016,0.03,0.066));
#6525=CARTESIAN_POINT('',(-0.016,0.03,0.066));
#6526=CARTESIAN_POINT('',(-0.016,0.03,0.066));
#6527=CARTESIAN_POINT('',(-0.016,0.03,0.066));
#6528=CARTESIAN_POINT('Origin',(-0.016,0.03,-0.066));
#6529=CARTESIAN_POINT('',(-0.016,0.0450000000000009,-0.034));
#6530=CARTESIAN_POINT('',(-0.016,0.0450000000000008,-0.066));
#6531=CARTESIAN_POINT('',(-0.016,0.0450000000000008,-0.066));
#6532=CARTESIAN_POINT('',(-0.016,0.03,-0.034));
#6533=CARTESIAN_POINT('',(-0.016,0.03,-0.034));
#6534=CARTESIAN_POINT('',(-0.016,0.03,-0.066));
#6535=CARTESIAN_POINT('',(-0.016,0.03,-0.066));
#6536=CARTESIAN_POINT('',(-0.016,0.03,-0.066));
#6537=CARTESIAN_POINT('Origin',(-0.003,0.03,-0.066));
#6538=CARTESIAN_POINT('',(-0.003,0.0450000000000009,-0.066));
#6539=CARTESIAN_POINT('',(-0.003,0.0450000000000008,-0.066));
#6540=CARTESIAN_POINT('',(-0.01,0.03,-0.066));
#6541=CARTESIAN_POINT('',(-0.003,0.03,-0.066));
#6542=CARTESIAN_POINT('',(-0.003,0.03,-0.066));
#6543=CARTESIAN_POINT('',(-0.003,0.03,-0.066));
#6544=CARTESIAN_POINT('',(-0.003,0.03,-0.066));
#6545=CARTESIAN_POINT('Origin',(-0.003,0.03,-0.054));
#6546=CARTESIAN_POINT('',(-0.003,0.0450000000000009,-0.054));
#6547=CARTESIAN_POINT('',(-0.003,0.0450000000000009,-0.054));
#6548=CARTESIAN_POINT('',(-0.00299999999999997,0.03,-0.065));
#6549=CARTESIAN_POINT('',(-0.003,0.03,-0.054));
#6550=CARTESIAN_POINT('',(-0.003,0.03,-0.054));
#6551=CARTESIAN_POINT('',(-0.003,0.03,-0.054));
#6552=CARTESIAN_POINT('',(-0.003,0.03,-0.054));
#6553=CARTESIAN_POINT('Origin',(0.003,0.03,-0.054));
#6554=CARTESIAN_POINT('',(0.003,0.0450000000000008,-0.054));
#6555=CARTESIAN_POINT('',(0.003,0.0450000000000009,-0.054));
#6556=CARTESIAN_POINT('',(0.003,0.03,-0.054));
#6557=CARTESIAN_POINT('',(0.003,0.03,-0.054));
#6558=CARTESIAN_POINT('',(0.003,0.03,-0.054));
#6559=CARTESIAN_POINT('Origin',(0.003,0.03,-0.066));
#6560=CARTESIAN_POINT('',(0.003,0.0450000000000008,-0.066));
#6561=CARTESIAN_POINT('',(0.003,0.0450000000000008,-0.066));
#6562=CARTESIAN_POINT('',(0.00300000000000004,0.03,-0.065));
#6563=CARTESIAN_POINT('',(0.003,0.03,-0.066));
#6564=CARTESIAN_POINT('',(0.003,0.03,-0.066));
#6565=CARTESIAN_POINT('',(0.003,0.03,-0.066));
#6566=CARTESIAN_POINT('',(0.003,0.03,-0.066));
#6567=CARTESIAN_POINT('Origin',(0.016,0.03,-0.066));
#6568=CARTESIAN_POINT('',(0.016,0.0450000000000009,-0.066));
#6569=CARTESIAN_POINT('',(0.016,0.0450000000000008,-0.066));
#6570=CARTESIAN_POINT('',(0.01,0.03,-0.066));
#6571=CARTESIAN_POINT('',(0.016,0.03,-0.066));
#6572=CARTESIAN_POINT('',(0.016,0.03,-0.066));
#6573=CARTESIAN_POINT('',(0.016,0.03,-0.066));
#6574=CARTESIAN_POINT('',(0.016,0.03,-0.066));
#6575=CARTESIAN_POINT('Origin',(0.016,0.03,-0.034));
#6576=CARTESIAN_POINT('',(0.016,0.0450000000000009,-0.034));
#6577=CARTESIAN_POINT('',(0.016,0.0450000000000009,-0.034));
#6578=CARTESIAN_POINT('',(0.016,0.03,-0.034));
#6579=CARTESIAN_POINT('',(0.016,0.03,-0.034));
#6580=CARTESIAN_POINT('',(0.016,0.03,-0.034));
#6581=CARTESIAN_POINT('Origin',(-0.04,0.03,-0.055));
#6582=CARTESIAN_POINT('',(-0.06,0.0450000000000009,-0.055));
#6583=CARTESIAN_POINT('',(-0.04,0.0450000000000008,-0.055));
#6584=CARTESIAN_POINT('',(-0.04,0.0450000000000009,-0.055));
#6585=CARTESIAN_POINT('',(-0.06,0.03,-0.055));
#6586=CARTESIAN_POINT('',(-0.06,0.03,-0.055));
#6587=CARTESIAN_POINT('',(-0.04,0.03,-0.055));
#6588=CARTESIAN_POINT('',(-0.04,0.03,-0.055));
#6589=CARTESIAN_POINT('',(-0.04,0.03,-0.055));
#6590=CARTESIAN_POINT('Origin',(-0.04,0.03,0.055));
#6591=CARTESIAN_POINT('',(-0.04,0.0450000000000009,0.055));
#6592=CARTESIAN_POINT('',(-0.04,0.0450000000000009,0.055));
#6593=CARTESIAN_POINT('',(-0.04,0.03,0.055));
#6594=CARTESIAN_POINT('',(-0.04,0.03,0.055));
#6595=CARTESIAN_POINT('',(-0.04,0.03,0.055));
#6596=CARTESIAN_POINT('Origin',(-0.06,0.03,0.055));
#6597=CARTESIAN_POINT('',(-0.06,0.0450000000000009,0.055));
#6598=CARTESIAN_POINT('',(-0.06,0.0450000000000009,0.055));
#6599=CARTESIAN_POINT('',(-0.06,0.03,0.055));
#6600=CARTESIAN_POINT('',(-0.06,0.03,0.055));
#6601=CARTESIAN_POINT('',(-0.06,0.03,0.055));
#6602=CARTESIAN_POINT('Origin',(-0.084,0.03,0.034));
#6603=CARTESIAN_POINT('',(-0.116,0.0450000000000009,0.034));
#6604=CARTESIAN_POINT('',(-0.084,0.0450000000000009,0.034));
#6605=CARTESIAN_POINT('',(-0.084,0.0450000000000009,0.034));
#6606=CARTESIAN_POINT('',(-0.116,0.03,0.034));
#6607=CARTESIAN_POINT('',(-0.116,0.03,0.034));
#6608=CARTESIAN_POINT('',(-0.084,0.03,0.034));
#6609=CARTESIAN_POINT('',(-0.084,0.03,0.034));
#6610=CARTESIAN_POINT('',(-0.084,0.03,0.034));
#6611=CARTESIAN_POINT('Origin',(-0.084,0.03,0.066));
#6612=CARTESIAN_POINT('',(-0.084,0.0450000000000009,0.066));
#6613=CARTESIAN_POINT('',(-0.084,0.0450000000000009,0.066));
#6614=CARTESIAN_POINT('',(-0.084,0.03,0.066));
#6615=CARTESIAN_POINT('',(-0.084,0.03,0.066));
#6616=CARTESIAN_POINT('',(-0.084,0.03,0.066));
#6617=CARTESIAN_POINT('Origin',(-0.097,0.03,0.066));
#6618=CARTESIAN_POINT('',(-0.097,0.0450000000000009,0.066));
#6619=CARTESIAN_POINT('',(-0.097,0.0450000000000009,0.066));
#6620=CARTESIAN_POINT('',(-0.09,0.03,0.066));
#6621=CARTESIAN_POINT('',(-0.097,0.03,0.066));
#6622=CARTESIAN_POINT('',(-0.097,0.0299999999999999,0.066));
#6623=CARTESIAN_POINT('',(-0.097,0.03,0.066));
#6624=CARTESIAN_POINT('',(-0.097,0.03,0.066));
#6625=CARTESIAN_POINT('Origin',(-0.097,0.03,0.054));
#6626=CARTESIAN_POINT('',(-0.097,0.0450000000000009,0.054));
#6627=CARTESIAN_POINT('',(-0.097,0.0450000000000009,0.054));
#6628=CARTESIAN_POINT('',(-0.0969999999999999,0.0299999999999999,0.065));
#6629=CARTESIAN_POINT('',(-0.097,0.03,0.054));
#6630=CARTESIAN_POINT('',(-0.097,0.03,0.054));
#6631=CARTESIAN_POINT('',(-0.097,0.03,0.054));
#6632=CARTESIAN_POINT('',(-0.097,0.03,0.054));
#6633=CARTESIAN_POINT('Origin',(-0.103,0.03,0.054));
#6634=CARTESIAN_POINT('',(-0.103,0.0450000000000009,0.054));
#6635=CARTESIAN_POINT('',(-0.103,0.0450000000000009,0.054));
#6636=CARTESIAN_POINT('',(-0.103,0.03,0.054));
#6637=CARTESIAN_POINT('',(-0.103,0.03,0.054));
#6638=CARTESIAN_POINT('',(-0.103,0.03,0.054));
#6639=CARTESIAN_POINT('Origin',(-0.103,0.03,0.066));
#6640=CARTESIAN_POINT('',(-0.103,0.0450000000000009,0.066));
#6641=CARTESIAN_POINT('',(-0.103,0.0450000000000009,0.066));
#6642=CARTESIAN_POINT('',(-0.103,0.0299999999999999,0.065));
#6643=CARTESIAN_POINT('',(-0.103,0.03,0.066));
#6644=CARTESIAN_POINT('',(-0.103,0.0299999999999999,0.066));
#6645=CARTESIAN_POINT('',(-0.103,0.03,0.066));
#6646=CARTESIAN_POINT('',(-0.103,0.03,0.066));
#6647=CARTESIAN_POINT('Origin',(-0.116,0.03,0.066));
#6648=CARTESIAN_POINT('',(-0.116,0.0450000000000009,0.066));
#6649=CARTESIAN_POINT('',(-0.116,0.0450000000000009,0.066));
#6650=CARTESIAN_POINT('',(-0.11,0.03,0.066));
#6651=CARTESIAN_POINT('',(-0.116,0.03,0.066));
#6652=CARTESIAN_POINT('',(-0.116,0.03,0.066));
#6653=CARTESIAN_POINT('',(-0.116,0.03,0.066));
#6654=CARTESIAN_POINT('',(-0.116,0.03,0.066));
#6655=CARTESIAN_POINT('Origin',(-0.116,0.03,-0.066));
#6656=CARTESIAN_POINT('',(-0.116,0.0450000000000009,-0.034));
#6657=CARTESIAN_POINT('',(-0.116,0.0450000000000008,-0.066));
#6658=CARTESIAN_POINT('',(-0.116,0.0450000000000008,-0.066));
#6659=CARTESIAN_POINT('',(-0.116,0.03,-0.034));
#6660=CARTESIAN_POINT('',(-0.116,0.03,-0.034));
#6661=CARTESIAN_POINT('',(-0.116,0.03,-0.066));
#6662=CARTESIAN_POINT('',(-0.116,0.03,-0.066));
#6663=CARTESIAN_POINT('',(-0.116,0.03,-0.066));
#6664=CARTESIAN_POINT('Origin',(-0.103,0.03,-0.066));
#6665=CARTESIAN_POINT('',(-0.103,0.0450000000000009,-0.066));
#6666=CARTESIAN_POINT('',(-0.103,0.0450000000000008,-0.066));
#6667=CARTESIAN_POINT('',(-0.11,0.03,-0.066));
#6668=CARTESIAN_POINT('',(-0.103,0.03,-0.066));
#6669=CARTESIAN_POINT('',(-0.103,0.03,-0.066));
#6670=CARTESIAN_POINT('',(-0.103,0.03,-0.066));
#6671=CARTESIAN_POINT('',(-0.103,0.03,-0.066));
#6672=CARTESIAN_POINT('Origin',(-0.103,0.03,-0.054));
#6673=CARTESIAN_POINT('',(-0.103,0.0450000000000009,-0.054));
#6674=CARTESIAN_POINT('',(-0.103,0.0450000000000009,-0.054));
#6675=CARTESIAN_POINT('',(-0.103,0.03,-0.065));
#6676=CARTESIAN_POINT('',(-0.103,0.03,-0.054));
#6677=CARTESIAN_POINT('',(-0.103,0.03,-0.054));
#6678=CARTESIAN_POINT('',(-0.103,0.03,-0.054));
#6679=CARTESIAN_POINT('',(-0.103,0.03,-0.054));
#6680=CARTESIAN_POINT('Origin',(-0.097,0.03,-0.054));
#6681=CARTESIAN_POINT('',(-0.097,0.0450000000000008,-0.054));
#6682=CARTESIAN_POINT('',(-0.097,0.0450000000000009,-0.054));
#6683=CARTESIAN_POINT('',(-0.097,0.03,-0.054));
#6684=CARTESIAN_POINT('',(-0.097,0.03,-0.054));
#6685=CARTESIAN_POINT('',(-0.097,0.03,-0.054));
#6686=CARTESIAN_POINT('Origin',(-0.097,0.03,-0.066));
#6687=CARTESIAN_POINT('',(-0.097,0.0450000000000008,-0.066));
#6688=CARTESIAN_POINT('',(-0.097,0.0450000000000008,-0.066));
#6689=CARTESIAN_POINT('',(-0.0969999999999999,0.03,-0.065));
#6690=CARTESIAN_POINT('',(-0.097,0.03,-0.066));
#6691=CARTESIAN_POINT('',(-0.097,0.03,-0.066));
#6692=CARTESIAN_POINT('',(-0.097,0.03,-0.066));
#6693=CARTESIAN_POINT('',(-0.097,0.03,-0.066));
#6694=CARTESIAN_POINT('Origin',(-0.084,0.03,-0.066));
#6695=CARTESIAN_POINT('',(-0.084,0.0450000000000009,-0.066));
#6696=CARTESIAN_POINT('',(-0.084,0.0450000000000008,-0.066));
#6697=CARTESIAN_POINT('',(-0.09,0.03,-0.066));
#6698=CARTESIAN_POINT('',(-0.084,0.03,-0.066));
#6699=CARTESIAN_POINT('',(-0.084,0.03,-0.066));
#6700=CARTESIAN_POINT('',(-0.084,0.03,-0.066));
#6701=CARTESIAN_POINT('',(-0.084,0.03,-0.066));
#6702=CARTESIAN_POINT('Origin',(-0.084,0.03,-0.034));
#6703=CARTESIAN_POINT('',(-0.084,0.0450000000000009,-0.034));
#6704=CARTESIAN_POINT('',(-0.084,0.0450000000000009,-0.034));
#6705=CARTESIAN_POINT('',(-0.084,0.03,-0.034));
#6706=CARTESIAN_POINT('',(-0.084,0.03,-0.034));
#6707=CARTESIAN_POINT('',(-0.084,0.03,-0.034));
#6708=CARTESIAN_POINT('Origin',(0.084,0.03,0.034));
#6709=CARTESIAN_POINT('',(0.084,0.0450000000000009,0.034));
#6710=CARTESIAN_POINT('',(0.084,0.03,0.034));
#6711=CARTESIAN_POINT('Origin',(0.084,0.03,-0.034));
#6712=CARTESIAN_POINT('',(0.084,0.0450000000000009,-0.034));
#6713=CARTESIAN_POINT('',(0.084,0.03,-0.034));
#6714=CARTESIAN_POINT('Origin',(0.04,0.03,-0.055));
#6715=CARTESIAN_POINT('',(0.04,0.0450000000000009,-0.055));
#6716=CARTESIAN_POINT('',(0.04,0.03,-0.055));
#6717=CARTESIAN_POINT('Origin',(-0.016,0.03,0.034));
#6718=CARTESIAN_POINT('',(-0.016,0.0450000000000009,0.034));
#6719=CARTESIAN_POINT('',(-0.016,0.03,0.034));
#6720=CARTESIAN_POINT('Origin',(-0.016,0.03,-0.034));
#6721=CARTESIAN_POINT('',(-0.016,0.0450000000000009,-0.034));
#6722=CARTESIAN_POINT('',(-0.016,0.03,-0.034));
#6723=CARTESIAN_POINT('Origin',(-0.06,0.03,-0.055));
#6724=CARTESIAN_POINT('',(-0.06,0.0450000000000009,-0.055));
#6725=CARTESIAN_POINT('',(-0.06,0.03,-0.055));
#6726=CARTESIAN_POINT('Origin',(-0.116,0.03,0.034));
#6727=CARTESIAN_POINT('',(-0.116,0.0450000000000009,0.034));
#6728=CARTESIAN_POINT('',(-0.116,0.03,0.034));
#6729=CARTESIAN_POINT('Origin',(-0.116,0.03,-0.034));
#6730=CARTESIAN_POINT('',(-0.116,0.0450000000000009,-0.034));
#6731=CARTESIAN_POINT('',(-0.116,0.03,-0.034));
#6732=CARTESIAN_POINT('Origin',(0.12,0.0299999999999999,0.065));
#6733=CARTESIAN_POINT('',(0.11,0.03,0.065));
#6734=CARTESIAN_POINT('',(0.11,0.03,0.2));
#6735=CARTESIAN_POINT('',(0.12,0.0299999999999999,0.065));
#6736=CARTESIAN_POINT('Origin',(0.12,0.0299999999999999,0.065));
#6737=CARTESIAN_POINT('',(0.01,0.03,0.065));
#6738=CARTESIAN_POINT('',(0.01,0.03,0.2));
#6739=CARTESIAN_POINT('',(0.12,0.0299999999999999,0.065));
#6740=CARTESIAN_POINT('Origin',(0.12,0.0299999999999999,0.065));
#6741=CARTESIAN_POINT('',(-0.09,0.03,0.065));
#6742=CARTESIAN_POINT('',(-0.09,0.03,0.2));
#6743=CARTESIAN_POINT('',(0.12,0.0299999999999999,0.065));
#6744=CARTESIAN_POINT('Origin',(0.12,0.0299999999999999,0.065));
#6745=CARTESIAN_POINT('',(0.09,0.03,0.065));
#6746=CARTESIAN_POINT('',(0.09,0.03,0.2));
#6747=CARTESIAN_POINT('',(0.12,0.0299999999999999,0.065));
#6748=CARTESIAN_POINT('Origin',(0.12,0.0299999999999999,0.065));
#6749=CARTESIAN_POINT('',(-0.01,0.03,0.065));
#6750=CARTESIAN_POINT('',(-0.01,0.03,0.2));
#6751=CARTESIAN_POINT('',(0.12,0.0299999999999999,0.065));
#6752=CARTESIAN_POINT('Origin',(0.12,0.0299999999999999,0.065));
#6753=CARTESIAN_POINT('',(-0.11,0.03,0.065));
#6754=CARTESIAN_POINT('',(-0.11,0.03,0.2));
#6755=CARTESIAN_POINT('',(0.12,0.0299999999999999,0.065));
#6756=CARTESIAN_POINT('Origin',(0.12,5.20417042793042E-18,0.1295));
#6757=CARTESIAN_POINT('',(0.11,5.20417042793042E-18,0.1295));
#6758=CARTESIAN_POINT('',(0.11,-0.00599999999999998,0.1295));
#6759=CARTESIAN_POINT('',(0.11,5.20417042793042E-18,0.1295));
#6760=CARTESIAN_POINT('',(0.09,5.20417042793042E-18,0.1295));
#6761=CARTESIAN_POINT('',(0.12,5.20417042793042E-18,0.1295));
#6762=CARTESIAN_POINT('',(0.09,-0.00599999999999998,0.1295));
#6763=CARTESIAN_POINT('',(0.09,5.20417042793042E-18,0.1295));
#6764=CARTESIAN_POINT('',(0.12,-0.00599999999999998,0.1295));
#6765=CARTESIAN_POINT('Origin',(0.12,5.20417042793042E-18,0.1295));
#6766=CARTESIAN_POINT('',(0.01,5.20417042793042E-18,0.1295));
#6767=CARTESIAN_POINT('',(0.01,-0.00599999999999998,0.1295));
#6768=CARTESIAN_POINT('',(0.01,5.20417042793042E-18,0.1295));
#6769=CARTESIAN_POINT('',(-0.01,5.20417042793042E-18,0.1295));
#6770=CARTESIAN_POINT('',(0.12,5.20417042793042E-18,0.1295));
#6771=CARTESIAN_POINT('',(-0.01,-0.00599999999999998,0.1295));
#6772=CARTESIAN_POINT('',(-0.01,5.20417042793042E-18,0.1295));
#6773=CARTESIAN_POINT('',(0.12,-0.00599999999999998,0.1295));
#6774=CARTESIAN_POINT('Origin',(0.12,5.20417042793042E-18,0.1295));
#6775=CARTESIAN_POINT('',(-0.09,5.20417042793042E-18,0.1295));
#6776=CARTESIAN_POINT('',(-0.09,-0.00599999999999998,0.1295));
#6777=CARTESIAN_POINT('',(-0.09,5.20417042793042E-18,0.1295));
#6778=CARTESIAN_POINT('',(-0.11,5.20417042793042E-18,0.1295));
#6779=CARTESIAN_POINT('',(0.12,5.20417042793042E-18,0.1295));
#6780=CARTESIAN_POINT('',(-0.11,-0.00599999999999998,0.1295));
#6781=CARTESIAN_POINT('',(-0.11,5.20417042793042E-18,0.1295));
#6782=CARTESIAN_POINT('',(0.12,-0.00599999999999998,0.1295));
#6783=CARTESIAN_POINT('Origin',(0.12,-0.00599999999999998,0.1295));
#6784=CARTESIAN_POINT('',(0.11,-0.00599999999999998,0.077));
#6785=CARTESIAN_POINT('',(0.11,-0.00599999999999998,0.1295));
#6786=CARTESIAN_POINT('',(0.09,-0.00599999999999998,0.077));
#6787=CARTESIAN_POINT('',(0.09,-0.00599999999999998,0.1295));
#6788=CARTESIAN_POINT('',(0.12,-0.00599999999999998,0.077));
#6789=CARTESIAN_POINT('Origin',(0.12,-0.00599999999999998,0.1295));
#6790=CARTESIAN_POINT('',(0.01,-0.00599999999999998,0.077));
#6791=CARTESIAN_POINT('',(0.01,-0.00599999999999998,0.1295));
#6792=CARTESIAN_POINT('',(-0.01,-0.00599999999999998,0.077));
#6793=CARTESIAN_POINT('',(-0.01,-0.00599999999999998,0.1295));
#6794=CARTESIAN_POINT('',(0.12,-0.00599999999999998,0.077));
#6795=CARTESIAN_POINT('Origin',(0.12,-0.00599999999999998,0.1295));
#6796=CARTESIAN_POINT('',(-0.09,-0.00599999999999998,0.077));
#6797=CARTESIAN_POINT('',(-0.09,-0.00599999999999998,0.1295));
#6798=CARTESIAN_POINT('',(-0.11,-0.00599999999999998,0.077));
#6799=CARTESIAN_POINT('',(-0.11,-0.00599999999999998,0.1295));
#6800=CARTESIAN_POINT('',(0.12,-0.00599999999999998,0.077));
#6801=CARTESIAN_POINT('Origin',(0.12,0.00600000000000005,0.077));
#6802=CARTESIAN_POINT('',(0.11,0.00600000000000005,0.065));
#6803=CARTESIAN_POINT('Origin',(0.11,0.00600000000000005,0.077));
#6804=CARTESIAN_POINT('',(0.09,0.00600000000000002,0.065));
#6805=CARTESIAN_POINT('Origin',(0.09,0.00600000000000005,0.077));
#6806=CARTESIAN_POINT('',(0.12,0.00600000000000002,0.065));
#6807=CARTESIAN_POINT('Origin',(0.12,0.00600000000000005,0.077));
#6808=CARTESIAN_POINT('',(0.01,0.00600000000000005,0.065));
#6809=CARTESIAN_POINT('Origin',(0.01,0.00600000000000005,0.077));
#6810=CARTESIAN_POINT('',(-0.01,0.00600000000000002,0.065));
#6811=CARTESIAN_POINT('Origin',(-0.01,0.00600000000000005,0.077));
#6812=CARTESIAN_POINT('',(0.12,0.00600000000000002,0.065));
#6813=CARTESIAN_POINT('Origin',(0.12,0.00600000000000005,0.077));
#6814=CARTESIAN_POINT('',(-0.09,0.00600000000000005,0.065));
#6815=CARTESIAN_POINT('Origin',(-0.09,0.00600000000000005,0.077));
#6816=CARTESIAN_POINT('',(-0.11,0.00600000000000002,0.065));
#6817=CARTESIAN_POINT('Origin',(-0.11,0.00600000000000005,0.077));
#6818=CARTESIAN_POINT('',(0.12,0.00600000000000002,0.065));
#6819=CARTESIAN_POINT('Origin',(0.12,0.00600000000000002,0.065));
#6820=CARTESIAN_POINT('',(0.11,0.00600000000000002,0.065));
#6821=CARTESIAN_POINT('',(0.09,0.00600000000000002,0.065));
#6822=CARTESIAN_POINT('',(0.,0.03,0.065));
#6823=CARTESIAN_POINT('Origin',(0.12,0.00600000000000002,0.065));
#6824=CARTESIAN_POINT('',(0.01,0.00600000000000002,0.065));
#6825=CARTESIAN_POINT('',(-0.01,0.00600000000000002,0.065));
#6826=CARTESIAN_POINT('',(0.,0.03,0.065));
#6827=CARTESIAN_POINT('Origin',(0.12,0.00600000000000002,0.065));
#6828=CARTESIAN_POINT('',(-0.09,0.00600000000000002,0.065));
#6829=CARTESIAN_POINT('',(-0.11,0.00600000000000002,0.065));
#6830=CARTESIAN_POINT('',(0.,0.03,0.065));
#6831=CARTESIAN_POINT('Origin',(0.12,0.0299999999999999,0.072));
#6832=CARTESIAN_POINT('',(0.11,0.03,0.072));
#6833=CARTESIAN_POINT('',(0.11,0.005,0.072));
#6834=CARTESIAN_POINT('',(0.11,0.0299999999999999,0.072));
#6835=CARTESIAN_POINT('',(0.09,0.03,0.072));
#6836=CARTESIAN_POINT('',(0.12,0.0299999999999999,0.072));
#6837=CARTESIAN_POINT('',(0.09,0.00499999999999999,0.072));
#6838=CARTESIAN_POINT('',(0.09,0.0299999999999999,0.072));
#6839=CARTESIAN_POINT('',(0.12,0.00499999999999999,0.072));
#6840=CARTESIAN_POINT('Origin',(0.12,0.0299999999999999,0.072));
#6841=CARTESIAN_POINT('',(0.01,0.03,0.072));
#6842=CARTESIAN_POINT('',(0.01,0.005,0.072));
#6843=CARTESIAN_POINT('',(0.01,0.0299999999999999,0.072));
#6844=CARTESIAN_POINT('',(-0.01,0.03,0.072));
#6845=CARTESIAN_POINT('',(0.12,0.0299999999999999,0.072));
#6846=CARTESIAN_POINT('',(-0.01,0.00499999999999999,0.072));
#6847=CARTESIAN_POINT('',(-0.01,0.0299999999999999,0.072));
#6848=CARTESIAN_POINT('',(0.12,0.00499999999999999,0.072));
#6849=CARTESIAN_POINT('Origin',(0.12,0.0299999999999999,0.072));
#6850=CARTESIAN_POINT('',(-0.09,0.03,0.072));
#6851=CARTESIAN_POINT('',(-0.09,0.005,0.072));
#6852=CARTESIAN_POINT('',(-0.09,0.0299999999999999,0.072));
#6853=CARTESIAN_POINT('',(-0.11,0.03,0.072));
#6854=CARTESIAN_POINT('',(0.12,0.0299999999999999,0.072));
#6855=CARTESIAN_POINT('',(-0.11,0.00499999999999999,0.072));
#6856=CARTESIAN_POINT('',(-0.11,0.0299999999999999,0.072));
#6857=CARTESIAN_POINT('',(0.12,0.00499999999999999,0.072));
#6858=CARTESIAN_POINT('Origin',(0.12,0.005,0.077));
#6859=CARTESIAN_POINT('',(0.11,1.49397937153514E-17,0.077));
#6860=CARTESIAN_POINT('',(0.09,5.20417042793042E-18,0.077));
#6861=CARTESIAN_POINT('',(0.12,1.49397937153514E-17,0.077));
#6862=CARTESIAN_POINT('Origin',(0.11,0.005,0.077));
#6863=CARTESIAN_POINT('Origin',(0.09,0.005,0.077));
#6864=CARTESIAN_POINT('Origin',(0.12,0.005,0.077));
#6865=CARTESIAN_POINT('',(0.01,1.49397937153514E-17,0.077));
#6866=CARTESIAN_POINT('',(-0.01,5.20417042793042E-18,0.077));
#6867=CARTESIAN_POINT('',(0.12,1.49397937153514E-17,0.077));
#6868=CARTESIAN_POINT('Origin',(0.01,0.005,0.077));
#6869=CARTESIAN_POINT('Origin',(-0.01,0.005,0.077));
#6870=CARTESIAN_POINT('Origin',(0.12,0.005,0.077));
#6871=CARTESIAN_POINT('',(-0.0899999999999999,1.49397937153514E-17,0.077));
#6872=CARTESIAN_POINT('',(-0.11,5.20417042793042E-18,0.077));
#6873=CARTESIAN_POINT('',(0.12,1.49397937153514E-17,0.077));
#6874=CARTESIAN_POINT('Origin',(-0.09,0.005,0.077));
#6875=CARTESIAN_POINT('Origin',(-0.11,0.005,0.077));
#6876=CARTESIAN_POINT('Origin',(0.12,5.20417042793042E-18,0.077));
#6877=CARTESIAN_POINT('',(0.11,5.20417042793042E-18,0.077));
#6878=CARTESIAN_POINT('',(0.09,5.20417042793042E-18,0.077));
#6879=CARTESIAN_POINT('Origin',(0.12,5.20417042793042E-18,0.077));
#6880=CARTESIAN_POINT('',(0.01,5.20417042793042E-18,0.077));
#6881=CARTESIAN_POINT('',(-0.01,5.20417042793042E-18,0.077));
#6882=CARTESIAN_POINT('Origin',(0.12,5.20417042793042E-18,0.077));
#6883=CARTESIAN_POINT('',(-0.09,5.20417042793042E-18,0.077));
#6884=CARTESIAN_POINT('',(-0.11,5.20417042793042E-18,0.077));
#6885=CARTESIAN_POINT('Origin',(0.12,0.03,-0.072));
#6886=CARTESIAN_POINT('',(0.09,0.03,-0.065));
#6887=CARTESIAN_POINT('',(0.09,0.03,0.2));
#6888=CARTESIAN_POINT('',(0.12,0.03,-0.065));
#6889=CARTESIAN_POINT('Origin',(0.12,0.03,-0.072));
#6890=CARTESIAN_POINT('',(0.11,0.03,-0.065));
#6891=CARTESIAN_POINT('',(0.11,0.03,0.2));
#6892=CARTESIAN_POINT('',(0.12,0.03,-0.065));
#6893=CARTESIAN_POINT('Origin',(0.12,0.03,-0.072));
#6894=CARTESIAN_POINT('',(-0.01,0.03,-0.065));
#6895=CARTESIAN_POINT('',(-0.01,0.03,0.2));
#6896=CARTESIAN_POINT('',(0.12,0.03,-0.065));
#6897=CARTESIAN_POINT('Origin',(0.12,0.03,-0.072));
#6898=CARTESIAN_POINT('',(0.01,0.03,-0.065));
#6899=CARTESIAN_POINT('',(0.01,0.03,0.2));
#6900=CARTESIAN_POINT('',(0.12,0.03,-0.065));
#6901=CARTESIAN_POINT('Origin',(0.12,0.03,-0.072));
#6902=CARTESIAN_POINT('',(-0.11,0.03,-0.065));
#6903=CARTESIAN_POINT('',(-0.11,0.03,0.2));
#6904=CARTESIAN_POINT('',(0.12,0.03,-0.065));
#6905=CARTESIAN_POINT('Origin',(0.12,0.03,-0.072));
#6906=CARTESIAN_POINT('',(-0.09,0.03,-0.065));
#6907=CARTESIAN_POINT('',(-0.09,0.03,0.2));
#6908=CARTESIAN_POINT('',(0.12,0.03,-0.065));
#6909=CARTESIAN_POINT('Origin',(0.12,0.03,-0.065));
#6910=CARTESIAN_POINT('',(0.11,0.00600000000000002,-0.065));
#6911=CARTESIAN_POINT('',(0.11,0.03,-0.065));
#6912=CARTESIAN_POINT('',(0.12,0.03,-0.065));
#6913=CARTESIAN_POINT('',(0.09,0.00600000000000005,-0.065));
#6914=CARTESIAN_POINT('',(0.09,0.03,-0.065));
#6915=CARTESIAN_POINT('',(0.12,0.00600000000000002,-0.065));
#6916=CARTESIAN_POINT('Origin',(0.12,0.03,-0.065));
#6917=CARTESIAN_POINT('',(0.01,0.00600000000000002,-0.065));
#6918=CARTESIAN_POINT('',(0.01,0.03,-0.065));
#6919=CARTESIAN_POINT('',(0.12,0.03,-0.065));
#6920=CARTESIAN_POINT('',(-0.01,0.00600000000000005,-0.065));
#6921=CARTESIAN_POINT('',(-0.01,0.03,-0.065));
#6922=CARTESIAN_POINT('',(0.12,0.00600000000000002,-0.065));
#6923=CARTESIAN_POINT('Origin',(0.12,0.03,-0.065));
#6924=CARTESIAN_POINT('',(-0.09,0.00600000000000002,-0.065));
#6925=CARTESIAN_POINT('',(-0.09,0.03,-0.065));
#6926=CARTESIAN_POINT('',(0.12,0.03,-0.065));
#6927=CARTESIAN_POINT('',(-0.11,0.00600000000000005,-0.065));
#6928=CARTESIAN_POINT('',(-0.11,0.03,-0.065));
#6929=CARTESIAN_POINT('',(0.12,0.00600000000000002,-0.065));
#6930=CARTESIAN_POINT('Origin',(0.12,0.00600000000000005,-0.077));
#6931=CARTESIAN_POINT('',(0.11,-0.00599999999999998,-0.077));
#6932=CARTESIAN_POINT('Origin',(0.11,0.00600000000000005,-0.077));
#6933=CARTESIAN_POINT('',(0.09,-0.00599999999999998,-0.077));
#6934=CARTESIAN_POINT('Origin',(0.09,0.00600000000000005,-0.077));
#6935=CARTESIAN_POINT('',(0.12,-0.00599999999999997,-0.077));
#6936=CARTESIAN_POINT('Origin',(0.12,0.00600000000000005,-0.077));
#6937=CARTESIAN_POINT('',(0.01,-0.00599999999999998,-0.077));
#6938=CARTESIAN_POINT('Origin',(0.01,0.00600000000000005,-0.077));
#6939=CARTESIAN_POINT('',(-0.01,-0.00599999999999998,-0.077));
#6940=CARTESIAN_POINT('Origin',(-0.01,0.00600000000000005,-0.077));
#6941=CARTESIAN_POINT('',(0.12,-0.00599999999999997,-0.077));
#6942=CARTESIAN_POINT('Origin',(0.12,0.00600000000000005,-0.077));
#6943=CARTESIAN_POINT('',(-0.09,-0.00599999999999998,-0.077));
#6944=CARTESIAN_POINT('Origin',(-0.09,0.00600000000000005,-0.077));
#6945=CARTESIAN_POINT('',(-0.11,-0.00599999999999998,-0.077));
#6946=CARTESIAN_POINT('Origin',(-0.11,0.00600000000000005,-0.077));
#6947=CARTESIAN_POINT('',(0.12,-0.00599999999999997,-0.077));
#6948=CARTESIAN_POINT('Origin',(0.12,-0.00599999999999998,-0.077));
#6949=CARTESIAN_POINT('',(0.11,-0.00599999999999998,-0.1295));
#6950=CARTESIAN_POINT('',(0.11,-0.00599999999999998,-0.077));
#6951=CARTESIAN_POINT('',(0.09,-0.00599999999999998,-0.1295));
#6952=CARTESIAN_POINT('',(0.09,-0.00599999999999998,-0.077));
#6953=CARTESIAN_POINT('',(0.12,-0.00599999999999998,-0.1295));
#6954=CARTESIAN_POINT('Origin',(0.12,-0.00599999999999998,-0.077));
#6955=CARTESIAN_POINT('',(0.01,-0.00599999999999998,-0.1295));
#6956=CARTESIAN_POINT('',(0.01,-0.00599999999999998,-0.077));
#6957=CARTESIAN_POINT('',(-0.01,-0.00599999999999998,-0.1295));
#6958=CARTESIAN_POINT('',(-0.01,-0.00599999999999998,-0.077));
#6959=CARTESIAN_POINT('',(0.12,-0.00599999999999998,-0.1295));
#6960=CARTESIAN_POINT('Origin',(0.12,-0.00599999999999998,-0.077));
#6961=CARTESIAN_POINT('',(-0.09,-0.00599999999999998,-0.1295));
#6962=CARTESIAN_POINT('',(-0.09,-0.00599999999999998,-0.077));
#6963=CARTESIAN_POINT('',(-0.11,-0.00599999999999998,-0.1295));
#6964=CARTESIAN_POINT('',(-0.11,-0.00599999999999998,-0.077));
#6965=CARTESIAN_POINT('',(0.12,-0.00599999999999998,-0.1295));
#6966=CARTESIAN_POINT('Origin',(0.12,-0.00599999999999998,-0.1295));
#6967=CARTESIAN_POINT('',(0.11,2.25514051876985E-17,-0.1295));
#6968=CARTESIAN_POINT('',(0.11,-0.00599999999999998,-0.1295));
#6969=CARTESIAN_POINT('',(0.09,2.25514051876985E-17,-0.1295));
#6970=CARTESIAN_POINT('',(0.09,-0.00599999999999998,-0.1295));
#6971=CARTESIAN_POINT('',(0.12,2.24096905730272E-17,-0.1295));
#6972=CARTESIAN_POINT('Origin',(0.12,-0.00599999999999998,-0.1295));
#6973=CARTESIAN_POINT('',(0.01,2.25514051876985E-17,-0.1295));
#6974=CARTESIAN_POINT('',(0.01,-0.00599999999999998,-0.1295));
#6975=CARTESIAN_POINT('',(-0.01,2.25514051876985E-17,-0.1295));
#6976=CARTESIAN_POINT('',(-0.01,-0.00599999999999998,-0.1295));
#6977=CARTESIAN_POINT('',(0.12,2.24096905730272E-17,-0.1295));
#6978=CARTESIAN_POINT('Origin',(0.12,-0.00599999999999998,-0.1295));
#6979=CARTESIAN_POINT('',(-0.09,2.25514051876985E-17,-0.1295));
#6980=CARTESIAN_POINT('',(-0.09,-0.00599999999999998,-0.1295));
#6981=CARTESIAN_POINT('',(-0.11,2.25514051876985E-17,-0.1295));
#6982=CARTESIAN_POINT('',(-0.11,-0.00599999999999998,-0.1295));
#6983=CARTESIAN_POINT('',(0.12,2.24096905730272E-17,-0.1295));
#6984=CARTESIAN_POINT('Origin',(0.12,2.25514051876985E-17,-0.1295));
#6985=CARTESIAN_POINT('',(0.11,2.24096905730272E-17,-0.077));
#6986=CARTESIAN_POINT('',(0.11,2.25514051876985E-17,-0.1295));
#6987=CARTESIAN_POINT('',(0.09,2.24096905730272E-17,-0.077));
#6988=CARTESIAN_POINT('',(0.09,2.25514051876985E-17,-0.1295));
#6989=CARTESIAN_POINT('',(0.12,2.25514051876985E-17,-0.077));
#6990=CARTESIAN_POINT('Origin',(0.12,2.25514051876985E-17,-0.1295));
#6991=CARTESIAN_POINT('',(0.01,2.24096905730272E-17,-0.077));
#6992=CARTESIAN_POINT('',(0.01,2.25514051876985E-17,-0.1295));
#6993=CARTESIAN_POINT('',(-0.01,2.24096905730272E-17,-0.077));
#6994=CARTESIAN_POINT('',(-0.01,2.25514051876985E-17,-0.1295));
#6995=CARTESIAN_POINT('',(0.12,2.25514051876985E-17,-0.077));
#6996=CARTESIAN_POINT('Origin',(0.12,2.25514051876985E-17,-0.1295));
#6997=CARTESIAN_POINT('',(-0.09,2.24096905730272E-17,-0.077));
#6998=CARTESIAN_POINT('',(-0.09,2.25514051876985E-17,-0.1295));
#6999=CARTESIAN_POINT('',(-0.11,2.24096905730272E-17,-0.077));
#7000=CARTESIAN_POINT('',(-0.11,2.25514051876985E-17,-0.1295));
#7001=CARTESIAN_POINT('',(0.12,2.25514051876985E-17,-0.077));
#7002=CARTESIAN_POINT('Origin',(0.12,0.00500000000000001,-0.077));
#7003=CARTESIAN_POINT('',(0.11,0.00500000000000002,-0.072));
#7004=CARTESIAN_POINT('',(0.09,0.00500000000000002,-0.072));
#7005=CARTESIAN_POINT('',(0.12,0.00500000000000002,-0.072));
#7006=CARTESIAN_POINT('Origin',(0.11,0.00500000000000001,-0.077));
#7007=CARTESIAN_POINT('Origin',(0.09,0.00500000000000001,-0.077));
#7008=CARTESIAN_POINT('Origin',(0.12,0.00500000000000001,-0.077));
#7009=CARTESIAN_POINT('',(0.01,0.00500000000000002,-0.072));
#7010=CARTESIAN_POINT('',(-0.01,0.00500000000000002,-0.072));
#7011=CARTESIAN_POINT('',(0.12,0.00500000000000002,-0.072));
#7012=CARTESIAN_POINT('Origin',(0.01,0.00500000000000001,-0.077));
#7013=CARTESIAN_POINT('Origin',(-0.01,0.00500000000000001,-0.077));
#7014=CARTESIAN_POINT('Origin',(0.12,0.00500000000000001,-0.077));
#7015=CARTESIAN_POINT('',(-0.0899999999999999,0.00500000000000002,-0.072));
#7016=CARTESIAN_POINT('',(-0.11,0.00500000000000002,-0.072));
#7017=CARTESIAN_POINT('',(0.12,0.00500000000000002,-0.072));
#7018=CARTESIAN_POINT('Origin',(-0.09,0.00500000000000001,-0.077));
#7019=CARTESIAN_POINT('Origin',(-0.11,0.00500000000000001,-0.077));
#7020=CARTESIAN_POINT('Origin',(0.12,0.00500000000000002,-0.072));
#7021=CARTESIAN_POINT('',(0.11,0.03,-0.072));
#7022=CARTESIAN_POINT('',(0.11,0.00500000000000002,-0.072));
#7023=CARTESIAN_POINT('',(0.09,0.03,-0.072));
#7024=CARTESIAN_POINT('',(0.09,0.00500000000000002,-0.072));
#7025=CARTESIAN_POINT('',(0.12,0.03,-0.072));
#7026=CARTESIAN_POINT('Origin',(0.12,0.00500000000000002,-0.072));
#7027=CARTESIAN_POINT('',(0.01,0.03,-0.072));
#7028=CARTESIAN_POINT('',(0.01,0.00500000000000002,-0.072));
#7029=CARTESIAN_POINT('',(-0.01,0.03,-0.072));
#7030=CARTESIAN_POINT('',(-0.01,0.00500000000000002,-0.072));
#7031=CARTESIAN_POINT('',(0.12,0.03,-0.072));
#7032=CARTESIAN_POINT('Origin',(0.12,0.00500000000000002,-0.072));
#7033=CARTESIAN_POINT('',(-0.09,0.03,-0.072));
#7034=CARTESIAN_POINT('',(-0.09,0.00500000000000002,-0.072));
#7035=CARTESIAN_POINT('',(-0.11,0.03,-0.072));
#7036=CARTESIAN_POINT('',(-0.11,0.00500000000000002,-0.072));
#7037=CARTESIAN_POINT('',(0.12,0.03,-0.072));
#7038=CARTESIAN_POINT('Origin',(0.,0.03,0.));
#7039=CARTESIAN_POINT('Origin',(0.,0.03,0.));
#7040=CARTESIAN_POINT('Origin',(0.,0.03,0.));
#7041=CARTESIAN_POINT('Origin',(0.,0.03,0.));
#7042=CARTESIAN_POINT('Origin',(0.,0.03,0.));
#7043=CARTESIAN_POINT('Origin',(0.,0.03,0.));
#7044=CARTESIAN_POINT('Origin',(0.,0.03,0.));
#7045=CARTESIAN_POINT('',(0.09,0.03,0.2));
#7046=CARTESIAN_POINT('',(0.11,0.03,0.2));
#7047=CARTESIAN_POINT('',(-0.01,0.03,0.2));
#7048=CARTESIAN_POINT('',(0.01,0.03,0.2));
#7049=CARTESIAN_POINT('',(-0.11,0.03,0.2));
#7050=CARTESIAN_POINT('',(-0.09,0.03,0.2));
#7051=CARTESIAN_POINT('',(0.11,0.03,0.2));
#7052=CARTESIAN_POINT('',(0.09,0.03,0.2));
#7053=CARTESIAN_POINT('',(0.01,0.03,0.2));
#7054=CARTESIAN_POINT('',(-0.01,0.03,0.2));
#7055=CARTESIAN_POINT('',(-0.09,0.03,0.2));
#7056=CARTESIAN_POINT('',(-0.11,0.03,0.2));
#7057=CARTESIAN_POINT('Origin',(-0.11,-0.12,0.2));
#7058=CARTESIAN_POINT('Origin',(-0.09,0.03,0.2));
#7059=CARTESIAN_POINT('Origin',(-0.01,-0.12,0.2));
#7060=CARTESIAN_POINT('Origin',(0.01,0.03,0.2));
#7061=CARTESIAN_POINT('Origin',(0.09,-0.12,0.2));
#7062=CARTESIAN_POINT('Origin',(0.11,0.03,0.2));
#7063=CARTESIAN_POINT('Origin',(-0.11,-0.12,0.2));
#7064=CARTESIAN_POINT('Origin',(-0.01,-0.12,0.2));
#7065=CARTESIAN_POINT('Origin',(-0.09,0.03,0.2));
#7066=CARTESIAN_POINT('Origin',(0.09,-0.12,0.2));
#7067=CARTESIAN_POINT('Origin',(0.01,0.03,0.2));
#7068=CARTESIAN_POINT('Origin',(0.11,0.03,0.2));
#7069=CARTESIAN_POINT('Origin',(0.24,0.0450000000000017,10.));
#7070=CARTESIAN_POINT('',(0.,0.,0.));
#7071=CARTESIAN_POINT('Origin',(-0.12,0.03,-0.0755));
#7072=CARTESIAN_POINT('',(-0.12,0.0450000000000009,-0.0755));
#7073=CARTESIAN_POINT('',(-0.12,0.099,-0.0755));
#7074=CARTESIAN_POINT('',(-0.12,0.03,-0.0755));
#7075=CARTESIAN_POINT('',(-0.12,0.0450000000000008,0.0755));
#7076=CARTESIAN_POINT('',(-0.12,0.0450000000000009,-0.0755));
#7077=CARTESIAN_POINT('',(-0.12,0.099,0.0755));
#7078=CARTESIAN_POINT('',(-0.12,0.03,0.0755));
#7079=CARTESIAN_POINT('',(-0.12,0.099,-0.0755));
#7080=CARTESIAN_POINT('Origin',(0.12,0.03,0.0755));
#7081=CARTESIAN_POINT('',(0.12,0.0450000000000008,0.0755));
#7082=CARTESIAN_POINT('',(0.12,0.099,0.0755));
#7083=CARTESIAN_POINT('',(0.12,0.03,0.0755));
#7084=CARTESIAN_POINT('',(0.12,0.0450000000000009,-0.0755));
#7085=CARTESIAN_POINT('',(0.12,0.0450000000000008,0.0755));
#7086=CARTESIAN_POINT('',(0.12,0.099,-0.0755));
#7087=CARTESIAN_POINT('',(0.12,0.03,-0.0755));
#7088=CARTESIAN_POINT('',(0.12,0.099,0.0755));
#7089=CARTESIAN_POINT('Origin',(0.12,0.03,-0.0755));
#7090=CARTESIAN_POINT('',(0.12,0.0450000000000009,-0.0755));
#7091=CARTESIAN_POINT('',(0.12,0.099,-0.0755));
#7092=CARTESIAN_POINT('Origin',(-0.12,0.03,0.0755));
#7093=CARTESIAN_POINT('',(-0.12,0.0450000000000008,0.0755));
#7094=CARTESIAN_POINT('',(-0.12,0.099,0.0755));
#7095=CARTESIAN_POINT('Origin',(0.116,0.03,0.034));
#7096=CARTESIAN_POINT('',(0.116,0.0450000000000008,0.034));
#7097=CARTESIAN_POINT('',(0.084,0.0450000000000009,0.034));
#7098=CARTESIAN_POINT('',(0.116,0.0450000000000009,0.034));
#7099=CARTESIAN_POINT('',(0.116,0.099,0.034));
#7100=CARTESIAN_POINT('',(0.116,0.03,0.034));
#7101=CARTESIAN_POINT('',(0.084,0.099,0.034));
#7102=CARTESIAN_POINT('',(0.116,0.099,0.034));
#7103=CARTESIAN_POINT('',(0.084,0.03,0.034));
#7104=CARTESIAN_POINT('Origin',(0.116,0.03,0.066));
#7105=CARTESIAN_POINT('',(0.116,0.0450000000000008,0.066));
#7106=CARTESIAN_POINT('',(0.116,0.0450000000000008,0.066));
#7107=CARTESIAN_POINT('',(0.116,0.099,0.066));
#7108=CARTESIAN_POINT('',(0.116,0.03,0.066));
#7109=CARTESIAN_POINT('',(0.116,0.099,0.066));
#7110=CARTESIAN_POINT('Origin',(0.103,0.03,0.066));
#7111=CARTESIAN_POINT('',(0.103,0.0450000000000009,0.066));
#7112=CARTESIAN_POINT('',(0.103,0.0450000000000008,0.066));
#7113=CARTESIAN_POINT('',(0.103,0.099,0.066));
#7114=CARTESIAN_POINT('',(0.103,0.03,0.066));
#7115=CARTESIAN_POINT('',(0.103,0.099,0.066));
#7116=CARTESIAN_POINT('Origin',(0.103,0.03,0.054));
#7117=CARTESIAN_POINT('',(0.103,0.0450000000000009,0.054));
#7118=CARTESIAN_POINT('',(0.103,0.0450000000000009,0.054));
#7119=CARTESIAN_POINT('',(0.103,0.099,0.054));
#7120=CARTESIAN_POINT('',(0.103,0.03,0.054));
#7121=CARTESIAN_POINT('',(0.103,0.099,0.054));
#7122=CARTESIAN_POINT('Origin',(0.097,0.03,0.054));
#7123=CARTESIAN_POINT('',(0.097,0.0450000000000008,0.054));
#7124=CARTESIAN_POINT('',(0.097,0.0450000000000009,0.054));
#7125=CARTESIAN_POINT('',(0.097,0.099,0.054));
#7126=CARTESIAN_POINT('',(0.097,0.03,0.054));
#7127=CARTESIAN_POINT('',(0.097,0.099,0.054));
#7128=CARTESIAN_POINT('Origin',(0.097,0.03,0.066));
#7129=CARTESIAN_POINT('',(0.097,0.0450000000000008,0.066));
#7130=CARTESIAN_POINT('',(0.097,0.0450000000000008,0.066));
#7131=CARTESIAN_POINT('',(0.097,0.099,0.066));
#7132=CARTESIAN_POINT('',(0.097,0.03,0.066));
#7133=CARTESIAN_POINT('',(0.097,0.099,0.066));
#7134=CARTESIAN_POINT('Origin',(0.084,0.03,0.066));
#7135=CARTESIAN_POINT('',(0.084,0.0450000000000009,0.066));
#7136=CARTESIAN_POINT('',(0.084,0.0450000000000008,0.066));
#7137=CARTESIAN_POINT('',(0.084,0.099,0.066));
#7138=CARTESIAN_POINT('',(0.084,0.03,0.066));
#7139=CARTESIAN_POINT('',(0.084,0.099,0.066));
#7140=CARTESIAN_POINT('Origin',(0.084,0.03,-0.066));
#7141=CARTESIAN_POINT('',(0.084,0.0450000000000009,-0.066));
#7142=CARTESIAN_POINT('',(0.084,0.0450000000000009,-0.034));
#7143=CARTESIAN_POINT('',(0.084,0.0450000000000009,-0.066));
#7144=CARTESIAN_POINT('',(0.084,0.099,-0.066));
#7145=CARTESIAN_POINT('',(0.084,0.03,-0.066));
#7146=CARTESIAN_POINT('',(0.084,0.099,-0.034));
#7147=CARTESIAN_POINT('',(0.084,0.099,-0.066));
#7148=CARTESIAN_POINT('',(0.084,0.03,-0.034));
#7149=CARTESIAN_POINT('Origin',(0.097,0.03,-0.066));
#7150=CARTESIAN_POINT('',(0.097,0.0450000000000009,-0.066));
#7151=CARTESIAN_POINT('',(0.097,0.0450000000000009,-0.066));
#7152=CARTESIAN_POINT('',(0.097,0.099,-0.066));
#7153=CARTESIAN_POINT('',(0.097,0.03,-0.066));
#7154=CARTESIAN_POINT('',(0.097,0.099,-0.066));
#7155=CARTESIAN_POINT('Origin',(0.097,0.03,-0.054));
#7156=CARTESIAN_POINT('',(0.097,0.0450000000000009,-0.054));
#7157=CARTESIAN_POINT('',(0.097,0.0450000000000009,-0.054));
#7158=CARTESIAN_POINT('',(0.097,0.099,-0.054));
#7159=CARTESIAN_POINT('',(0.097,0.03,-0.054));
#7160=CARTESIAN_POINT('',(0.097,0.099,-0.054));
#7161=CARTESIAN_POINT('Origin',(0.103,0.03,-0.054));
#7162=CARTESIAN_POINT('',(0.103,0.0450000000000009,-0.054));
#7163=CARTESIAN_POINT('',(0.103,0.0450000000000009,-0.054));
#7164=CARTESIAN_POINT('',(0.103,0.099,-0.054));
#7165=CARTESIAN_POINT('',(0.103,0.03,-0.054));
#7166=CARTESIAN_POINT('',(0.103,0.099,-0.054));
#7167=CARTESIAN_POINT('Origin',(0.103,0.03,-0.066));
#7168=CARTESIAN_POINT('',(0.103,0.0450000000000009,-0.066));
#7169=CARTESIAN_POINT('',(0.103,0.0450000000000009,-0.066));
#7170=CARTESIAN_POINT('',(0.103,0.099,-0.066));
#7171=CARTESIAN_POINT('',(0.103,0.03,-0.066));
#7172=CARTESIAN_POINT('',(0.103,0.099,-0.066));
#7173=CARTESIAN_POINT('Origin',(0.116,0.03,-0.066));
#7174=CARTESIAN_POINT('',(0.116,0.0450000000000009,-0.066));
#7175=CARTESIAN_POINT('',(0.116,0.0450000000000009,-0.066));
#7176=CARTESIAN_POINT('',(0.116,0.099,-0.066));
#7177=CARTESIAN_POINT('',(0.116,0.03,-0.066));
#7178=CARTESIAN_POINT('',(0.116,0.099,-0.066));
#7179=CARTESIAN_POINT('Origin',(0.116,0.03,-0.034));
#7180=CARTESIAN_POINT('',(0.116,0.0450000000000009,-0.034));
#7181=CARTESIAN_POINT('',(0.116,0.0450000000000009,-0.034));
#7182=CARTESIAN_POINT('',(0.116,0.099,-0.034));
#7183=CARTESIAN_POINT('',(0.116,0.03,-0.034));
#7184=CARTESIAN_POINT('',(0.116,0.099,-0.034));
#7185=CARTESIAN_POINT('Origin',(0.06,0.03,-0.055));
#7186=CARTESIAN_POINT('',(0.06,0.0450000000000009,-0.055));
#7187=CARTESIAN_POINT('',(0.04,0.0450000000000009,-0.055));
#7188=CARTESIAN_POINT('',(0.06,0.0450000000000009,-0.055));
#7189=CARTESIAN_POINT('',(0.06,0.099,-0.055));
#7190=CARTESIAN_POINT('',(0.06,0.03,-0.055));
#7191=CARTESIAN_POINT('',(0.04,0.099,-0.055));
#7192=CARTESIAN_POINT('',(0.06,0.099,-0.055));
#7193=CARTESIAN_POINT('',(0.04,0.03,-0.055));
#7194=CARTESIAN_POINT('Origin',(0.06,0.03,0.055));
#7195=CARTESIAN_POINT('',(0.06,0.0450000000000009,0.055));
#7196=CARTESIAN_POINT('',(0.06,0.0450000000000009,0.055));
#7197=CARTESIAN_POINT('',(0.06,0.099,0.055));
#7198=CARTESIAN_POINT('',(0.06,0.03,0.055));
#7199=CARTESIAN_POINT('',(0.06,0.099,0.055));
#7200=CARTESIAN_POINT('Origin',(0.04,0.03,0.055));
#7201=CARTESIAN_POINT('',(0.04,0.0450000000000008,0.055));
#7202=CARTESIAN_POINT('',(0.04,0.0450000000000009,0.055));
#7203=CARTESIAN_POINT('',(0.04,0.099,0.055));
#7204=CARTESIAN_POINT('',(0.04,0.03,0.055));
#7205=CARTESIAN_POINT('',(0.04,0.099,0.055));
#7206=CARTESIAN_POINT('Origin',(0.016,0.03,0.034));
#7207=CARTESIAN_POINT('',(0.016,0.0450000000000008,0.034));
#7208=CARTESIAN_POINT('',(-0.016,0.0450000000000009,0.034));
#7209=CARTESIAN_POINT('',(0.016,0.0450000000000009,0.034));
#7210=CARTESIAN_POINT('',(0.016,0.099,0.034));
#7211=CARTESIAN_POINT('',(0.016,0.03,0.034));
#7212=CARTESIAN_POINT('',(-0.016,0.099,0.034));
#7213=CARTESIAN_POINT('',(0.016,0.099,0.034));
#7214=CARTESIAN_POINT('',(-0.016,0.03,0.034));
#7215=CARTESIAN_POINT('Origin',(0.016,0.03,0.066));
#7216=CARTESIAN_POINT('',(0.016,0.0450000000000008,0.066));
#7217=CARTESIAN_POINT('',(0.016,0.0450000000000008,0.066));
#7218=CARTESIAN_POINT('',(0.016,0.099,0.066));
#7219=CARTESIAN_POINT('',(0.016,0.03,0.066));
#7220=CARTESIAN_POINT('',(0.016,0.099,0.066));
#7221=CARTESIAN_POINT('Origin',(0.003,0.03,0.066));
#7222=CARTESIAN_POINT('',(0.003,0.0450000000000009,0.066));
#7223=CARTESIAN_POINT('',(0.003,0.0450000000000008,0.066));
#7224=CARTESIAN_POINT('',(0.003,0.099,0.066));
#7225=CARTESIAN_POINT('',(0.003,0.03,0.066));
#7226=CARTESIAN_POINT('',(0.003,0.099,0.066));
#7227=CARTESIAN_POINT('Origin',(0.003,0.03,0.054));
#7228=CARTESIAN_POINT('',(0.003,0.0450000000000009,0.054));
#7229=CARTESIAN_POINT('',(0.003,0.0450000000000009,0.054));
#7230=CARTESIAN_POINT('',(0.003,0.099,0.054));
#7231=CARTESIAN_POINT('',(0.003,0.03,0.054));
#7232=CARTESIAN_POINT('',(0.003,0.099,0.054));
#7233=CARTESIAN_POINT('Origin',(-0.003,0.03,0.054));
#7234=CARTESIAN_POINT('',(-0.003,0.0450000000000008,0.054));
#7235=CARTESIAN_POINT('',(-0.003,0.0450000000000009,0.054));
#7236=CARTESIAN_POINT('',(-0.003,0.099,0.054));
#7237=CARTESIAN_POINT('',(-0.003,0.03,0.054));
#7238=CARTESIAN_POINT('',(-0.003,0.099,0.054));
#7239=CARTESIAN_POINT('Origin',(-0.003,0.03,0.066));
#7240=CARTESIAN_POINT('',(-0.003,0.0450000000000008,0.066));
#7241=CARTESIAN_POINT('',(-0.003,0.0450000000000008,0.066));
#7242=CARTESIAN_POINT('',(-0.003,0.099,0.066));
#7243=CARTESIAN_POINT('',(-0.003,0.03,0.066));
#7244=CARTESIAN_POINT('',(-0.003,0.099,0.066));
#7245=CARTESIAN_POINT('Origin',(-0.016,0.03,0.066));
#7246=CARTESIAN_POINT('',(-0.016,0.0450000000000009,0.066));
#7247=CARTESIAN_POINT('',(-0.016,0.0450000000000008,0.066));
#7248=CARTESIAN_POINT('',(-0.016,0.099,0.066));
#7249=CARTESIAN_POINT('',(-0.016,0.03,0.066));
#7250=CARTESIAN_POINT('',(-0.016,0.099,0.066));
#7251=CARTESIAN_POINT('Origin',(-0.016,0.03,-0.066));
#7252=CARTESIAN_POINT('',(-0.016,0.0450000000000009,-0.066));
#7253=CARTESIAN_POINT('',(-0.016,0.0450000000000009,-0.034));
#7254=CARTESIAN_POINT('',(-0.016,0.0450000000000009,-0.066));
#7255=CARTESIAN_POINT('',(-0.016,0.099,-0.066));
#7256=CARTESIAN_POINT('',(-0.016,0.03,-0.066));
#7257=CARTESIAN_POINT('',(-0.016,0.099,-0.034));
#7258=CARTESIAN_POINT('',(-0.016,0.099,-0.066));
#7259=CARTESIAN_POINT('',(-0.016,0.03,-0.034));
#7260=CARTESIAN_POINT('Origin',(-0.003,0.03,-0.066));
#7261=CARTESIAN_POINT('',(-0.003,0.0450000000000009,-0.066));
#7262=CARTESIAN_POINT('',(-0.003,0.0450000000000009,-0.066));
#7263=CARTESIAN_POINT('',(-0.003,0.099,-0.066));
#7264=CARTESIAN_POINT('',(-0.003,0.03,-0.066));
#7265=CARTESIAN_POINT('',(-0.003,0.099,-0.066));
#7266=CARTESIAN_POINT('Origin',(-0.003,0.03,-0.054));
#7267=CARTESIAN_POINT('',(-0.003,0.0450000000000009,-0.054));
#7268=CARTESIAN_POINT('',(-0.003,0.0450000000000009,-0.054));
#7269=CARTESIAN_POINT('',(-0.003,0.099,-0.054));
#7270=CARTESIAN_POINT('',(-0.003,0.03,-0.054));
#7271=CARTESIAN_POINT('',(-0.003,0.099,-0.054));
#7272=CARTESIAN_POINT('Origin',(0.003,0.03,-0.054));
#7273=CARTESIAN_POINT('',(0.003,0.0450000000000009,-0.054));
#7274=CARTESIAN_POINT('',(0.003,0.0450000000000009,-0.054));
#7275=CARTESIAN_POINT('',(0.003,0.099,-0.054));
#7276=CARTESIAN_POINT('',(0.003,0.03,-0.054));
#7277=CARTESIAN_POINT('',(0.003,0.099,-0.054));
#7278=CARTESIAN_POINT('Origin',(0.003,0.03,-0.066));
#7279=CARTESIAN_POINT('',(0.003,0.0450000000000009,-0.066));
#7280=CARTESIAN_POINT('',(0.003,0.0450000000000009,-0.066));
#7281=CARTESIAN_POINT('',(0.003,0.099,-0.066));
#7282=CARTESIAN_POINT('',(0.003,0.03,-0.066));
#7283=CARTESIAN_POINT('',(0.003,0.099,-0.066));
#7284=CARTESIAN_POINT('Origin',(0.016,0.03,-0.066));
#7285=CARTESIAN_POINT('',(0.016,0.0450000000000009,-0.066));
#7286=CARTESIAN_POINT('',(0.016,0.0450000000000009,-0.066));
#7287=CARTESIAN_POINT('',(0.016,0.099,-0.066));
#7288=CARTESIAN_POINT('',(0.016,0.03,-0.066));
#7289=CARTESIAN_POINT('',(0.016,0.099,-0.066));
#7290=CARTESIAN_POINT('Origin',(0.016,0.03,-0.034));
#7291=CARTESIAN_POINT('',(0.016,0.0450000000000009,-0.034));
#7292=CARTESIAN_POINT('',(0.016,0.0450000000000009,-0.034));
#7293=CARTESIAN_POINT('',(0.016,0.099,-0.034));
#7294=CARTESIAN_POINT('',(0.016,0.03,-0.034));
#7295=CARTESIAN_POINT('',(0.016,0.099,-0.034));
#7296=CARTESIAN_POINT('Origin',(-0.04,0.03,-0.055));
#7297=CARTESIAN_POINT('',(-0.04,0.0450000000000009,-0.055));
#7298=CARTESIAN_POINT('',(-0.06,0.0450000000000009,-0.055));
#7299=CARTESIAN_POINT('',(-0.04,0.0450000000000009,-0.055));
#7300=CARTESIAN_POINT('',(-0.04,0.099,-0.055));
#7301=CARTESIAN_POINT('',(-0.04,0.03,-0.055));
#7302=CARTESIAN_POINT('',(-0.06,0.099,-0.055));
#7303=CARTESIAN_POINT('',(-0.04,0.099,-0.055));
#7304=CARTESIAN_POINT('',(-0.06,0.03,-0.055));
#7305=CARTESIAN_POINT('Origin',(-0.04,0.03,0.055));
#7306=CARTESIAN_POINT('',(-0.04,0.0450000000000009,0.055));
#7307=CARTESIAN_POINT('',(-0.04,0.0450000000000009,0.055));
#7308=CARTESIAN_POINT('',(-0.04,0.099,0.055));
#7309=CARTESIAN_POINT('',(-0.04,0.03,0.055));
#7310=CARTESIAN_POINT('',(-0.04,0.099,0.055));
#7311=CARTESIAN_POINT('Origin',(-0.06,0.03,0.055));
#7312=CARTESIAN_POINT('',(-0.06,0.0450000000000008,0.055));
#7313=CARTESIAN_POINT('',(-0.06,0.0450000000000009,0.055));
#7314=CARTESIAN_POINT('',(-0.06,0.099,0.055));
#7315=CARTESIAN_POINT('',(-0.06,0.03,0.055));
#7316=CARTESIAN_POINT('',(-0.06,0.099,0.055));
#7317=CARTESIAN_POINT('Origin',(-0.084,0.03,0.034));
#7318=CARTESIAN_POINT('',(-0.084,0.0450000000000008,0.034));
#7319=CARTESIAN_POINT('',(-0.116,0.0450000000000009,0.034));
#7320=CARTESIAN_POINT('',(-0.084,0.0450000000000009,0.034));
#7321=CARTESIAN_POINT('',(-0.084,0.099,0.034));
#7322=CARTESIAN_POINT('',(-0.084,0.03,0.034));
#7323=CARTESIAN_POINT('',(-0.116,0.099,0.034));
#7324=CARTESIAN_POINT('',(-0.084,0.099,0.034));
#7325=CARTESIAN_POINT('',(-0.116,0.03,0.034));
#7326=CARTESIAN_POINT('Origin',(-0.084,0.03,0.066));
#7327=CARTESIAN_POINT('',(-0.084,0.0450000000000008,0.066));
#7328=CARTESIAN_POINT('',(-0.084,0.0450000000000008,0.066));
#7329=CARTESIAN_POINT('',(-0.084,0.099,0.066));
#7330=CARTESIAN_POINT('',(-0.084,0.03,0.066));
#7331=CARTESIAN_POINT('',(-0.084,0.099,0.066));
#7332=CARTESIAN_POINT('Origin',(-0.097,0.03,0.066));
#7333=CARTESIAN_POINT('',(-0.097,0.0450000000000009,0.066));
#7334=CARTESIAN_POINT('',(-0.097,0.0450000000000008,0.066));
#7335=CARTESIAN_POINT('',(-0.097,0.099,0.066));
#7336=CARTESIAN_POINT('',(-0.097,0.03,0.066));
#7337=CARTESIAN_POINT('',(-0.097,0.099,0.066));
#7338=CARTESIAN_POINT('Origin',(-0.097,0.03,0.054));
#7339=CARTESIAN_POINT('',(-0.097,0.0450000000000009,0.054));
#7340=CARTESIAN_POINT('',(-0.097,0.0450000000000009,0.054));
#7341=CARTESIAN_POINT('',(-0.097,0.099,0.054));
#7342=CARTESIAN_POINT('',(-0.097,0.03,0.054));
#7343=CARTESIAN_POINT('',(-0.097,0.099,0.054));
#7344=CARTESIAN_POINT('Origin',(-0.103,0.03,0.054));
#7345=CARTESIAN_POINT('',(-0.103,0.0450000000000008,0.054));
#7346=CARTESIAN_POINT('',(-0.103,0.0450000000000009,0.054));
#7347=CARTESIAN_POINT('',(-0.103,0.099,0.054));
#7348=CARTESIAN_POINT('',(-0.103,0.03,0.054));
#7349=CARTESIAN_POINT('',(-0.103,0.099,0.054));
#7350=CARTESIAN_POINT('Origin',(-0.103,0.03,0.066));
#7351=CARTESIAN_POINT('',(-0.103,0.0450000000000008,0.066));
#7352=CARTESIAN_POINT('',(-0.103,0.0450000000000008,0.066));
#7353=CARTESIAN_POINT('',(-0.103,0.099,0.066));
#7354=CARTESIAN_POINT('',(-0.103,0.03,0.066));
#7355=CARTESIAN_POINT('',(-0.103,0.099,0.066));
#7356=CARTESIAN_POINT('Origin',(-0.116,0.03,0.066));
#7357=CARTESIAN_POINT('',(-0.116,0.0450000000000009,0.066));
#7358=CARTESIAN_POINT('',(-0.116,0.0450000000000008,0.066));
#7359=CARTESIAN_POINT('',(-0.116,0.099,0.066));
#7360=CARTESIAN_POINT('',(-0.116,0.03,0.066));
#7361=CARTESIAN_POINT('',(-0.116,0.099,0.066));
#7362=CARTESIAN_POINT('Origin',(-0.116,0.03,-0.066));
#7363=CARTESIAN_POINT('',(-0.116,0.0450000000000009,-0.066));
#7364=CARTESIAN_POINT('',(-0.116,0.0450000000000009,-0.034));
#7365=CARTESIAN_POINT('',(-0.116,0.0450000000000009,-0.066));
#7366=CARTESIAN_POINT('',(-0.116,0.099,-0.066));
#7367=CARTESIAN_POINT('',(-0.116,0.03,-0.066));
#7368=CARTESIAN_POINT('',(-0.116,0.099,-0.034));
#7369=CARTESIAN_POINT('',(-0.116,0.099,-0.066));
#7370=CARTESIAN_POINT('',(-0.116,0.03,-0.034));
#7371=CARTESIAN_POINT('Origin',(-0.103,0.03,-0.066));
#7372=CARTESIAN_POINT('',(-0.103,0.0450000000000009,-0.066));
#7373=CARTESIAN_POINT('',(-0.103,0.0450000000000009,-0.066));
#7374=CARTESIAN_POINT('',(-0.103,0.099,-0.066));
#7375=CARTESIAN_POINT('',(-0.103,0.03,-0.066));
#7376=CARTESIAN_POINT('',(-0.103,0.099,-0.066));
#7377=CARTESIAN_POINT('Origin',(-0.103,0.03,-0.054));
#7378=CARTESIAN_POINT('',(-0.103,0.0450000000000009,-0.054));
#7379=CARTESIAN_POINT('',(-0.103,0.0450000000000009,-0.054));
#7380=CARTESIAN_POINT('',(-0.103,0.099,-0.054));
#7381=CARTESIAN_POINT('',(-0.103,0.03,-0.054));
#7382=CARTESIAN_POINT('',(-0.103,0.099,-0.054));
#7383=CARTESIAN_POINT('Origin',(-0.097,0.03,-0.054));
#7384=CARTESIAN_POINT('',(-0.097,0.0450000000000009,-0.054));
#7385=CARTESIAN_POINT('',(-0.097,0.0450000000000009,-0.054));
#7386=CARTESIAN_POINT('',(-0.097,0.099,-0.054));
#7387=CARTESIAN_POINT('',(-0.097,0.03,-0.054));
#7388=CARTESIAN_POINT('',(-0.097,0.099,-0.054));
#7389=CARTESIAN_POINT('Origin',(-0.097,0.03,-0.066));
#7390=CARTESIAN_POINT('',(-0.097,0.0450000000000009,-0.066));
#7391=CARTESIAN_POINT('',(-0.097,0.0450000000000009,-0.066));
#7392=CARTESIAN_POINT('',(-0.097,0.099,-0.066));
#7393=CARTESIAN_POINT('',(-0.097,0.03,-0.066));
#7394=CARTESIAN_POINT('',(-0.097,0.099,-0.066));
#7395=CARTESIAN_POINT('Origin',(-0.084,0.03,-0.066));
#7396=CARTESIAN_POINT('',(-0.084,0.0450000000000009,-0.066));
#7397=CARTESIAN_POINT('',(-0.084,0.0450000000000009,-0.066));
#7398=CARTESIAN_POINT('',(-0.084,0.099,-0.066));
#7399=CARTESIAN_POINT('',(-0.084,0.03,-0.066));
#7400=CARTESIAN_POINT('',(-0.084,0.099,-0.066));
#7401=CARTESIAN_POINT('Origin',(-0.084,0.03,-0.034));
#7402=CARTESIAN_POINT('',(-0.084,0.0450000000000009,-0.034));
#7403=CARTESIAN_POINT('',(-0.084,0.0450000000000009,-0.034));
#7404=CARTESIAN_POINT('',(-0.084,0.099,-0.034));
#7405=CARTESIAN_POINT('',(-0.084,0.03,-0.034));
#7406=CARTESIAN_POINT('',(-0.084,0.099,-0.034));
#7407=CARTESIAN_POINT('Origin',(0.084,0.03,0.034));
#7408=CARTESIAN_POINT('',(0.084,0.0450000000000009,0.034));
#7409=CARTESIAN_POINT('',(0.084,0.099,0.034));
#7410=CARTESIAN_POINT('Origin',(0.084,0.03,-0.034));
#7411=CARTESIAN_POINT('',(0.084,0.0450000000000009,-0.034));
#7412=CARTESIAN_POINT('',(0.084,0.099,-0.034));
#7413=CARTESIAN_POINT('Origin',(0.04,0.03,-0.055));
#7414=CARTESIAN_POINT('',(0.04,0.0450000000000009,-0.055));
#7415=CARTESIAN_POINT('',(0.04,0.099,-0.055));
#7416=CARTESIAN_POINT('Origin',(-0.016,0.03,0.034));
#7417=CARTESIAN_POINT('',(-0.016,0.0450000000000009,0.034));
#7418=CARTESIAN_POINT('',(-0.016,0.099,0.034));
#7419=CARTESIAN_POINT('Origin',(-0.016,0.03,-0.034));
#7420=CARTESIAN_POINT('',(-0.016,0.0450000000000009,-0.034));
#7421=CARTESIAN_POINT('',(-0.016,0.099,-0.034));
#7422=CARTESIAN_POINT('Origin',(-0.06,0.03,-0.055));
#7423=CARTESIAN_POINT('',(-0.06,0.0450000000000009,-0.055));
#7424=CARTESIAN_POINT('',(-0.06,0.099,-0.055));
#7425=CARTESIAN_POINT('Origin',(-0.116,0.03,0.034));
#7426=CARTESIAN_POINT('',(-0.116,0.0450000000000009,0.034));
#7427=CARTESIAN_POINT('',(-0.116,0.099,0.034));
#7428=CARTESIAN_POINT('Origin',(-0.116,0.03,-0.034));
#7429=CARTESIAN_POINT('',(-0.116,0.0450000000000009,-0.034));
#7430=CARTESIAN_POINT('',(-0.116,0.099,-0.034));
#7431=CARTESIAN_POINT('Origin',(0.,0.099,0.));
#7432=CARTESIAN_POINT('Origin',(0.24,0.0450000000000017,-10.));
#7433=CARTESIAN_POINT('',(0.,0.,0.));
#7434=CARTESIAN_POINT('',(0.,0.,0.));
#7435=CARTESIAN_POINT('',(0.,0.,0.));
#7436=UNCERTAINTY_MEASURE_WITH_UNIT(LENGTH_MEASURE(0.000393700787401575),
#7447,'DISTANCE_ACCURACY_VALUE',
'Maximum model space distance between geometric entities at asserted c
onnectivities');
#7437=UNCERTAINTY_MEASURE_WITH_UNIT(LENGTH_MEASURE(0.000393700787401575),
#7447,'DISTANCE_ACCURACY_VALUE',
'Maximum model space distance between geometric entities at asserted c
onnectivities');
#7438=UNCERTAINTY_MEASURE_WITH_UNIT(LENGTH_MEASURE(0.000393700787401575),
#7447,'DISTANCE_ACCURACY_VALUE',
'Maximum model space distance between geometric entities at asserted c
onnectivities');
#7439=UNCERTAINTY_MEASURE_WITH_UNIT(LENGTH_MEASURE(0.000393700787401575),
#7447,'DISTANCE_ACCURACY_VALUE',
'Maximum model space distance between geometric entities at asserted c
onnectivities');
#7440=UNCERTAINTY_MEASURE_WITH_UNIT(LENGTH_MEASURE(0.000393700787401575),
#7447,'DISTANCE_ACCURACY_VALUE',
'Maximum model space distance between geometric entities at asserted c
onnectivities');
#7441=(
GEOMETRIC_REPRESENTATION_CONTEXT(3)
GLOBAL_UNCERTAINTY_ASSIGNED_CONTEXT((#7436))
GLOBAL_UNIT_ASSIGNED_CONTEXT((#7447,#7451,#7452))
REPRESENTATION_CONTEXT('','3D')
);
#7442=(
GEOMETRIC_REPRESENTATION_CONTEXT(3)
GLOBAL_UNCERTAINTY_ASSIGNED_CONTEXT((#7437))
GLOBAL_UNIT_ASSIGNED_CONTEXT((#7447,#7451,#7452))
REPRESENTATION_CONTEXT('','3D')
);
#7443=(
GEOMETRIC_REPRESENTATION_CONTEXT(3)
GLOBAL_UNCERTAINTY_ASSIGNED_CONTEXT((#7438))
GLOBAL_UNIT_ASSIGNED_CONTEXT((#7447,#7451,#7452))
REPRESENTATION_CONTEXT('','3D')
);
#7444=(
GEOMETRIC_REPRESENTATION_CONTEXT(3)
GLOBAL_UNCERTAINTY_ASSIGNED_CONTEXT((#7439))
GLOBAL_UNIT_ASSIGNED_CONTEXT((#7447,#7451,#7452))
REPRESENTATION_CONTEXT('','3D')
);
#7445=(
GEOMETRIC_REPRESENTATION_CONTEXT(3)
GLOBAL_UNCERTAINTY_ASSIGNED_CONTEXT((#7440))
GLOBAL_UNIT_ASSIGNED_CONTEXT((#7447,#7451,#7452))
REPRESENTATION_CONTEXT('','3D')
);
#7446=DIMENSIONAL_EXPONENTS(1.,0.,0.,0.,0.,0.,0.);
#7447=(
CONVERSION_BASED_UNIT('inch',#7450)
LENGTH_UNIT()
NAMED_UNIT(#7446)
);
#7448=(
LENGTH_UNIT()
NAMED_UNIT(*)
SI_UNIT(.MILLI.,.METRE.)
);
#7449=(
LENGTH_UNIT()
NAMED_UNIT(*)
SI_UNIT($,.METRE.)
);
#7450=LENGTH_MEASURE_WITH_UNIT(LENGTH_MEASURE(25.4),#7448);
#7451=(
NAMED_UNIT(*)
PLANE_ANGLE_UNIT()
SI_UNIT($,.RADIAN.)
);
#7452=(
NAMED_UNIT(*)
SI_UNIT($,.STERADIAN.)
SOLID_ANGLE_UNIT()
);
#7453=SHAPE_DEFINITION_REPRESENTATION(#7457,#7464);
#7454=SHAPE_DEFINITION_REPRESENTATION(#7458,#7465);
#7455=SHAPE_DEFINITION_REPRESENTATION(#7459,#7466);
#7456=SHAPE_DEFINITION_REPRESENTATION(#7460,#7467);
#7457=PRODUCT_DEFINITION_SHAPE('',$,#7469);
#7458=PRODUCT_DEFINITION_SHAPE('',$,#7470);
#7459=PRODUCT_DEFINITION_SHAPE('',$,#7471);
#7460=PRODUCT_DEFINITION_SHAPE('',$,#7472);
#7461=PRODUCT_DEFINITION_SHAPE($,$,#20);
#7462=PRODUCT_DEFINITION_SHAPE($,$,#21);
#7463=PRODUCT_DEFINITION_SHAPE($,$,#22);
#7464=SHAPE_REPRESENTATION('',(#4720,#4978,#4979,#4980),#7441);
#7465=SHAPE_REPRESENTATION('',(#4721),#7442);
#7466=SHAPE_REPRESENTATION('',(#4756),#7443);
#7467=SHAPE_REPRESENTATION('',(#4915),#7444);
#7468=PRODUCT_DEFINITION_CONTEXT('part definition',#7482,'design');
#7469=PRODUCT_DEFINITION('HLE-103-02-S-DV-BE-K-TR',
'SMT6PinHeader_HLE-103-02-S-DV-BE-K-TR',#7473,#7468);
#7470=PRODUCT_DEFINITION('HLE-103-02-DV_socket','HLE-103-02-DV_socket',
#7474,#7468);
#7471=PRODUCT_DEFINITION('C-132-12-03-S-DV','C-132-12-03-S-DV',#7475,#7468);
#7472=PRODUCT_DEFINITION('C-132-12-03-F-DV2','C-132-12-03-F-DV2',#7476,
#7468);
#7473=PRODUCT_DEFINITION_FORMATION('',$,#7484);
#7474=PRODUCT_DEFINITION_FORMATION('',$,#7485);
#7475=PRODUCT_DEFINITION_FORMATION('',$,#7486);
#7476=PRODUCT_DEFINITION_FORMATION('',$,#7487);
#7477=PRODUCT_RELATED_PRODUCT_CATEGORY(
'SMT6PinHeader_HLE-103-02-S-DV-BE-K-TR',
'SMT6PinHeader_HLE-103-02-S-DV-BE-K-TR',(#7484));
#7478=PRODUCT_RELATED_PRODUCT_CATEGORY('HLE-103-02-DV_socket',
'HLE-103-02-DV_socket',(#7485));
#7479=PRODUCT_RELATED_PRODUCT_CATEGORY('C-132-12-03-S-DV',
'C-132-12-03-S-DV',(#7486));
#7480=PRODUCT_RELATED_PRODUCT_CATEGORY('C-132-12-03-F-DV2',
'C-132-12-03-F-DV2',(#7487));
#7481=APPLICATION_PROTOCOL_DEFINITION('international standard',
'automotive_design',2009,#7482);
#7482=APPLICATION_CONTEXT(
'Core Data for Automotive Mechanical Design Process');
#7483=PRODUCT_CONTEXT('part definition',#7482,'mechanical');
#7484=PRODUCT('HLE-103-02-S-DV-BE-K-TR',
'SMT6PinHeader_HLE-103-02-S-DV-BE-K-TR','STEP AP214',(#7483));
#7485=PRODUCT('HLE-103-02-DV_socket','HLE-103-02-DV_socket',
'HLE-103-02-DV_socket',(#7483));
#7486=PRODUCT('C-132-12-03-S-DV','C-132-12-03-S-DV','C-132-12-03-S-DV',
(#7483));
#7487=PRODUCT('C-132-12-03-F-DV2','C-132-12-03-F-DV2',
'C-132-12-03-F-DV2',(#7483));
#7488=PRESENTATION_STYLE_ASSIGNMENT((#7492));
#7489=PRESENTATION_STYLE_ASSIGNMENT((#7493));
#7490=PRESENTATION_STYLE_ASSIGNMENT((#7494));
#7491=PRESENTATION_STYLE_ASSIGNMENT((#7495));
#7492=SURFACE_STYLE_USAGE(.BOTH.,#7496);
#7493=SURFACE_STYLE_USAGE(.BOTH.,#7497);
#7494=SURFACE_STYLE_USAGE(.BOTH.,#7498);
#7495=SURFACE_STYLE_USAGE(.BOTH.,#7499);
#7496=SURFACE_SIDE_STYLE('',(#7500));
#7497=SURFACE_SIDE_STYLE('',(#7501));
#7498=SURFACE_SIDE_STYLE('',(#7502));
#7499=SURFACE_SIDE_STYLE('',(#7503));
#7500=SURFACE_STYLE_FILL_AREA(#7504);
#7501=SURFACE_STYLE_FILL_AREA(#7505);
#7502=SURFACE_STYLE_FILL_AREA(#7506);
#7503=SURFACE_STYLE_FILL_AREA(#7507);
#7504=FILL_AREA_STYLE('Steel - Satin',(#7508));
#7505=FILL_AREA_STYLE('Opaque(14,14,14)',(#7509));
#7506=FILL_AREA_STYLE('Opaque(171,171,171)',(#7510));
#7507=FILL_AREA_STYLE('Opaque(212,179,45)',(#7511));
#7508=FILL_AREA_STYLE_COLOUR('Steel - Satin',#7512);
#7509=FILL_AREA_STYLE_COLOUR('Opaque(14,14,14)',#7513);
#7510=FILL_AREA_STYLE_COLOUR('Opaque(171,171,171)',#7514);
#7511=FILL_AREA_STYLE_COLOUR('Opaque(212,179,45)',#7515);
#7512=COLOUR_RGB('Steel - Satin',0.627450980392157,0.627450980392157,0.627450980392157);
#7513=COLOUR_RGB('Opaque(14,14,14)',0.0549019607843137,0.0549019607843137,
0.0549019607843137);
#7514=COLOUR_RGB('Opaque(171,171,171)',0.670588235294118,0.670588235294118,
0.670588235294118);
#7515=COLOUR_RGB('Opaque(212,179,45)',0.831372549019608,0.701960784313725,
0.176470588235294);
ENDSEC;
END-ISO-10303-21;
